date,market_return,baseline_position,baseline_turnover,baseline_return,baseline_equity,analyst_position,analyst_turnover,analyst_return,analyst_equity,benchmark_equity
2020-07-14,0.0165484014558403,0.5,0.5,0.00802420072792015,1.00802420072792,0.5,0.5,0.00802420072792015,1.00802420072792,1.0165484014558404
2020-07-15,0.0068773665095431,0.5,0.0,0.00343868325477155,1.0114904766673676,0.5,0.0,0.00343868325477155,1.0114904766673676,1.0235395773873424
2020-07-16,-0.0123049373241238,0.5,0.0,-0.0061524686620619,1.0052673132076975,0.5,0.0,-0.0061524686620619,1.0052673132076975,1.010944987038831
2020-07-17,-0.0020202543448417,0.5,0.0,-0.00101012717242085,1.0042518653790797,0.5,0.0,-0.00101012717242085,1.0042518653790797,1.0089026210363699
2020-07-20,0.0210739404635229,0.5,0.0,0.01053697023176145,1.01483363738977,0.5,0.0,0.01053697023176145,1.01483363738977,1.0301641748055825
2020-07-21,-0.0138016928043108,0.5,0.0,-0.0069008464021554,1.0078304263344025,0.5,0.0,-0.0069008464021554,1.0078304263344025,1.0159461653269095
2020-07-22,0.0028092783505153,0.5,0.0,0.00140463917525765,1.0092460644332484,0.5,0.0,0.00140463917525765,1.0092460644332484,1.0188002408944514
2020-07-23,-0.0455164614870594,0.5,0.0,-0.0227582307435297,0.9862774096218773,0.5,0.0,-0.0227582307435297,0.9862774096218773,0.9724280589667723
2020-07-24,-0.0024772470246109,0.5,0.0,-0.00123862351230545,0.985055783232664,0.5,0.0,-0.00123862351230545,0.985055783232664,0.9700191144510487
2020-07-27,0.0237002645359822,0.5,0.0,0.0118501322679911,0.9967288245553206,0.5,0.0,0.0118501322679911,0.9967288245553206,0.9930088240684979
2020-07-28,-0.0164275920261576,0.5,0.0,-0.0082137960130788,0.9885418973100674,0.5,0.0,-0.0082137960130788,0.9885418973100674,0.9766960802283261
2020-07-29,0.0191683869065173,0.5,0.0,0.00958419345325865,0.9980162740905383,0.5,0.0,0.00958419345325865,0.9980162740905383,0.9954177685842216
2020-07-30,0.0121001683501682,0.5,0.0,0.0060500841750841,1.0040543565568898,0.5,0.0,0.0060500841750841,1.0040543565568898,1.0074624911628396
2020-07-31,0.1046886370724609,0.5,0.0,0.05234431853623045,1.0566108976241935,0.5,0.0,0.05234431853623045,1.0566108976241935,1.1129323662643034
2020-08-03,0.025197628458498,0.5,0.0,0.012598814229249,1.0699229420359608,1.0,0.5,0.024947628458498,1.082970833723322,1.1409756225288683
2020-08-04,0.0066781411359724,0.5,0.0,0.0033390705679862,1.0734954902417262,1.0,0.0,0.0066781411359724,1.090203065797068,1.14859521876882
2020-08-05,0.0036246751470385,0.5,0.0,0.00181233757351925,1.0754410264536949,1.0,0.0,0.0036246751470385,1.094154697754888,1.1527585033122987
2020-08-06,0.0348892674616694,0.5,0.0,0.0174446337308347,1.0942017012592926,0.5,0.5,0.0171946337308347,1.1129682870276554,1.1929774030530753
2020-08-07,-0.0244946335681833,0.5,0.0,-0.01224731678409165,1.080800666398278,0.5,0.0,-0.01224731678409165,1.09933741184578,1.1637558587101673
2020-08-10,0.0145348183147711,0.5,0.0,0.00726740915738555,1.0886552870585693,0.5,0.0,0.00726740915738555,1.1073267466196843,1.18067083867927
2020-08-11,-0.0297398593954447,0.5,0.0,-0.01486992969772235,1.0724670594749546,0.5,0.0,-0.01486992969772235,1.090860875745042,1.1455578539446467
2020-08-12,0.0332342857142857,0.5,0.0,0.01661714285714285,1.0902883978118298,0.5,0.0,0.01661714285714285,1.1089878667545654,1.1836296509648871
2020-08-13,0.0176975488894788,0.5,0.0,0.0088487744447394,1.099936113923783,0.5,0.0,0.0088487744447394,1.1188010502494292,1.204576994579875
2020-08-14,-0.0008912268498392,0.5,0.0,-0.0004456134249196,1.099445967624865,0.5,0.0,-0.0004456134249196,1.118302497481624,1.2035034432196068
2020-08-17,-0.0026107956399712,0.5,0.0,-0.0013053978199856,1.0980107532555354,0.5,0.0,-0.0013053978199856,1.116842667839327,1.2003613416773586
2020-08-18,0.0083327879938048,0.5,0.0,0.0041663939969024,1.1025854986664334,0.5,0.0,0.0041663939969024,1.1214958744260972,1.2103636982535153
2020-08-19,0.0012547322877229,0.5,0.0,0.00062736614386145,1.1032772234790091,0.5,0.0,0.00062736614386145,1.1221994629681924,1.2118823806656018
2020-08-20,0.0221895728453211,0.5,0.0,0.01109478642266055,1.1155178486384947,0.5,0.0,0.01109478642266055,1.1346500263334487,1.2387735330313425
2020-08-21,0.0515324455717607,1.0,0.5,0.0512824455717607,1.1727243319956258,1.0,0.5,0.0512824455717607,1.1928376545518906,1.302610562698018
2020-08-24,0.0119602798102436,0.5,0.5,0.0057301399051218,1.179444206488101,0.5,0.5,0.0057301399051218,1.1996727811965702,1.3181901495116652
2020-08-25,-0.0082037224638976,0.5,0.0,-0.0041018612319488,1.174606290022261,0.5,0.0,-0.0041018612319488,1.1947518899243559,1.307376083370428
2020-08-26,0.0135990386541156,1.0,0.5,0.013349038654115599,1.1902861547911352,1.0,0.5,0.013349038654115599,1.2107006790850336,1.3251551412636486
2020-08-27,-0.0119543954632573,0.5,0.5,-0.00622719773162865,1.1828740075480308,0.5,0.5,-0.00622719773162865,1.2031614065625542,1.3093137126548144
2020-08-28,-0.0016198704103671,0.5,0.0,-0.00080993520518355,1.181915956246021,0.5,0.0,-0.00080993520518355,1.202186923781861,1.3071927941137969
2020-08-31,0.0339122248262322,0.5,0.0,0.0169561124131161,1.2019566560629842,0.5,0.0,0.0169561124131161,1.2225713404030845,1.3515226100390147
2020-09-01,0.0398326100433974,0.5,0.0,0.0199163050216987,1.2258951914479954,0.5,0.0,0.0199163050216987,1.2469204441293391,1.4053572831295336
2020-09-02,-0.020718437919213,1.0,0.5,-0.020968437919213,1.2001900842306563,1.0,0.5,-0.020968437919213,1.2207744702064156,1.3762404755047004
2020-09-03,-0.0800608828006088,0.5,0.5,-0.0402804414003044,1.151845897873577,0.5,0.5,-0.0402804414003044,1.1716011356962783,1.2660574480898643
2020-09-04,0.00066181336863,0.5,0.0,0.000330906684315,1.1522270513804842,0.5,0.0,0.000330906684315,1.1719888263434313,1.2668953418344637
2020-09-08,-0.0672949735449736,0.5,0.0,-0.0336474867724868,1.113457506910258,0.5,0.0,-0.0336474867724868,1.1325543478115383,1.1816396533214633
2020-09-09,0.0398865449388405,0.5,0.0,0.01994327246942025,1.1356634933536904,0.5,0.0,0.01994327246942025,1.1551411877563702,1.2287711764551859
2020-09-10,-0.0326457551994544,-1.0,1.5,0.0318957551994544,1.1718863381266569,-1.0,1.5,0.0318957551994544,1.1919852883018542,1.1886570134324843
2020-09-11,-0.0131289100361264,-1.0,0.0,0.0131289100361264,1.1872719284324875,-1.0,0.0,0.0131289100361264,1.2076347559163556,1.1730512424393185
2020-09-14,0.0299553571428572,-1.0,0.0,-0.0299553571428572,1.1517067737906035,-1.0,0.0,-0.0299553571428572,1.171459625504754,1.2081904113534607
2020-09-15,0.0016037449612067,-1.0,0.0,-0.0016037449612067,1.1498597298553492,-1.0,0.0,-0.0016037449612067,1.1695809030330937,1.2101280406378472
2020-09-16,-0.0295135883676649,-1.0,0.0,0.0295135883676649,1.1837962166028544,-1.0,0.0,0.0295135883676649,1.2040994323678942,1.174412819774293
2020-09-17,-0.0159636136627128,-1.0,0.0,0.0159636136627128,1.2026938820600834,-1.0,0.0,0.0159636136627128,1.2233212105177071,1.155664947238879
2020-09-18,-0.0317201377560267,-1.0,0.0,0.0317201377560267,1.24084349767736,-1.0,0.0,0.0317201377560267,1.2621251278351981,1.1190070959126504
2020-09-21,0.030325720703856,-1.0,0.0,-0.030325720703856,1.2032140243296006,-1.0,0.0,-0.030325720703856,1.2238502737151493,1.1529417925689305
2020-09-22,0.0157158430232557,-1.0,0.0,-0.0157158430232557,1.1843045015998568,-1.0,0.0,-0.0157158430232557,1.2046164349294735,1.171061244795895
2020-09-23,-0.0419461586620159,0.5,1.5,-0.02172307933100795,1.1585777609595334,0.5,1.5,-0.02172307933100795,1.1784484565500646,1.1219397240187485
2020-09-24,0.0102688573562359,0.5,0.0,0.00513442867811795,1.1645263958412335,0.5,0.0,0.00513442867811795,1.184499116101059,1.1334607630069917
2020-09-25,0.03751617076326,0.5,0.0,0.01875808538163,1.1863706814035853,0.5,0.0,0.01875808538163,1.206718051655348,1.175983870545417
2020-09-28,0.0238688991806197,0.5,0.0,0.01193444959030985,1.2005293624962179,0.5,0.0,0.01193444959030985,1.2211195674125455,1.2040533109895006
2020-09-29,-0.0075678496868475,0.5,0.0,-0.00378392484342375,1.1959866496162088,0.5,0.0,-0.00378392484342375,1.2164989427446222,1.194941216516981
2020-09-30,0.0150758173371898,0.5,0.0,0.0075379086685949,1.2050018877498747,0.5,0.0,0.0075379086685949,1.2256688006704735,1.2129559320258705
2020-10-01,0.0084621362576633,1.0,0.5,0.0082121362576633,1.2148975274428182,1.0,0.5,0.0082121362576633,1.235734159868346,1.2232201303972143
2020-10-02,-0.0322801609726861,0.5,0.5,-0.01639008048634305,1.1949852591853714,0.5,0.5,-0.01639008048634305,1.2154803775283802,1.183734387682962
2020-10-05,0.0307910104406299,-1.0,1.5,-0.0315410104406299,1.1572942166490066,-1.0,1.5,-0.0315410104406299,1.1771428982503767,1.2201827655730408
2020-10-06,-0.0286695278969957,-1.0,0.0,0.0286695278969957,1.190473295478257,-1.0,0.0,0.0286695278969957,1.2108910294105162,1.185200701736011
2020-10-07,0.0169671261930011,-1.0,0.0,-0.0169671261930011,1.1702743848444797,-1.0,0.0,-0.0169671261930011,1.1903456885085348,1.2053101516063995
2020-10-08,-0.0009558567952728,0.5,1.5,-0.0012279283976364,1.1688373716943026,0.5,1.5,-0.0012279283976364,1.1888840292346112,1.2041580477075753
2020-10-09,0.0173958423936679,0.5,0.0,0.00869792119683395,1.1790038270452141,0.5,0.0,0.00869792119683395,1.1992248488330681,1.2251053913225631
2020-10-12,0.0635205608275626,0.5,0.0,0.0317602804137813,1.2164493192010915,0.5,0.0,0.0317602804137813,1.2373125663111808,1.3029247728522428
2020-10-13,-0.0265273311897107,0.5,0.0,-0.01326366559485535,1.2003147422181186,0.5,0.0,-0.01326366559485535,1.220901266195317,1.2683616558875128
2020-10-14,0.0007431874483898,0.5,0.0,0.0003715937241949,1.2007607716433855,0.5,0.0,0.0003715937241949,1.2213549454436965,1.2693042863501873
2020-10-15,-0.0039607228319168,0.5,0.0,-0.0019803614159584,1.1983828313414264,0.5,0.0,-0.0019803614159584,1.2189362212345498,1.2642769238825902
2020-10-16,-0.0140004970590671,0.5,0.0,-0.00700024852953355,1.1899938536885104,0.5,0.0,-0.00700024852953355,1.2104033647442576,1.2465764185279256
2020-10-19,-0.0255419257267685,0.5,0.0,-0.01277096286338425,1.1747964863753988,0.5,0.0,-0.01277096286338425,1.1949453483233932,1.2147364562331442
2020-10-20,0.0131919296430418,0.5,0.0,0.0065959648215209,1.1825454026719773,0.5,0.0,0.0065959648215209,1.2028271658045742,1.2307611740986097
2020-10-21,-0.0054463449919155,0.5,0.0,-0.00272317249595775,1.1793251275561996,0.5,0.0,-0.00272317249595775,1.1995516599492644,1.2240580241418137
2020-10-22,-0.0095832976811842,0.5,0.0,-0.0047916488405921,1.1736742156760638,0.5,0.0,-0.0047916488405921,1.1938038296286382,1.2123275117174206
2020-10-23,-0.0061339092872569,0.5,0.0,-0.00306695464362845,1.170074610090189,0.5,0.0,-0.00306695464362845,1.1901424874297772,1.2048912047341
2020-10-26,8.692628650885936e-05,0.5,0.0,4.346314325442968e-05,1.170125465210586,0.5,0.0,4.346314325442968e-05,1.1901942147632016,1.2049959414521747
2020-10-27,0.0134724033029116,0.5,0.0,0.0067362016514558,1.178007666301748,0.5,0.0,0.0067362016514558,1.1982116029982426,1.2212301327537902
2020-10-28,-0.04631217838765,0.5,0.0,-0.023156089193825,1.1507296157098552,0.5,0.0,-0.023156089193825,1.1704657082461394,1.1646723049933232
2020-10-29,0.03705035971223,0.5,0.0,0.018525179856115,1.1720470888066383,0.5,0.0,0.018525179856115,1.1921487960068142,1.207823832840198
2020-10-30,-0.0560180367672562,-1.0,1.5,0.0552680367672562,1.2368238304037593,-1.0,1.5,0.0552680367672562,1.258036519496559,1.1401639129637875
2020-11-02,-0.0008267499540695,-1.0,0.0,0.0008267499540695,1.2378463744487378,-1.0,0.0,0.0008267499540695,1.2590766011312706,1.139221282501113
2020-11-03,0.0153534982072263,-1.0,0.0,-0.0153534982072263,1.2188411023578176,-1.0,0.0,-0.0153534982072263,1.239745370793041,1.1567123144196279
2020-11-04,0.0408366533864541,0.5,1.5,0.01966832669322705,1.2428136673461243,1.0,2.0,0.0398366533864541,1.2891326774167844,1.2039485742714253
2020-11-05,0.0354936929099607,0.5,0.0,0.01774684645498035,1.264869690672667,0.5,0.5,0.01749684645498035,1.3116884339336434,1.2466811552460004
2020-11-06,-0.002856422750567,0.5,0.0,-0.0014282113752835,1.263063189392197,0.5,0.0,-0.0014282113752835,1.3098150655914715,1.2431201068314526
2020-11-09,-0.0199679838234055,0.5,0.0,-0.00998399191170275,1.250452776725336,0.5,0.0,-0.00998399191170275,1.2967378825707798,1.218297504647692
2020-11-10,-0.0030089408528197,0.5,0.0,-0.00150447042640985,1.2485715075031305,0.5,0.0,-0.00150447042640985,1.2947869787756467,1.2146317195150693
2020-11-11,0.0303526774165732,1.0,0.5,0.0301026774165732,1.2861568528250216,1.0,0.5,0.0301026774165732,1.3337635335209093,1.2514990442774478
2020-11-12,-0.0023432923257176,1.0,0.0,-0.0023432923257176,1.2831430113421276,1.0,0.0,-0.0023432923257176,1.3306381356684878,1.2485664161713497
2020-11-13,0.0004194279003439,0.5,0.5,-4.028604982805e-05,1.2830913185788362,0.5,0.5,-4.028604982805e-05,1.330584529514251,1.2490900997617245
2020-11-16,0.0087204427301692,0.5,0.0,0.0043602213650846,1.2886858807594583,0.5,0.0,0.0043602213650846,1.3363861726078903,1.259982718441518
2020-11-17,-0.0075644222776392,0.5,0.0,-0.0037822111388196,1.2838117986668103,0.5,0.0,-0.0037822111388196,1.331331677940088,1.2504516770966985
2020-11-18,-0.0113912387972191,0.5,0.0,-0.00569561939860955,1.27649969528216,0.5,0.0,-0.00569561939860955,1.3237489194092291,1.2362074834385068
2020-11-19,0.0051681775819707,0.5,0.0,0.00258408879098535,1.2797982838364348,0.5,0.0,0.00258408879098535,1.3271696041539536,1.2425964232410782
2020-11-20,-0.0109575185434929,0.5,0.0,-0.00547875927174645,1.2727865771229008,0.5,0.0,-0.00547875927174645,1.319898361380015,1.228980649891336
2020-11-23,-0.029742628259758,0.5,0.0,-0.014871314129879,1.2538585681142127,0.5,0.0,-0.014871314129879,1.3002697382284203,1.1924275352831821
2020-11-24,0.0115942028985507,0.5,0.0,0.00579710144927535,1.2611273134366139,0.5,0.0,0.00579710144927535,1.307807533812353,1.206252782069074
2020-11-25,0.0074672223669358,0.5,0.0,0.0037336111834679,1.2658358724778376,0.5,0.0,0.0037336111834679,1.3126903786464181,1.2152601398235188
2020-11-27,0.0048263380160302,0.5,0.0,0.0024131690080151,1.268890548374535,0.5,0.0,0.0024131690080151,1.3158581223852874,1.2211253960357153
2020-11-30,0.0210995797238184,0.5,0.0,0.0105497898619092,1.282277077017649,0.5,0.0,0.0105497898619092,1.3297401490645384,1.2468906286821504
2020-12-01,0.0308273834523309,0.5,0.0,0.01541369172616545,1.3020417005903275,0.5,0.0,0.01541369172616545,1.3502363537981243,1.285329004215653
2020-12-02,0.0029335071707952,0.5,0.0,0.0014667535853976,1.3039514749230057,0.5,0.0,0.0014667535853976,1.352216817811192,1.2890995260663507
2020-12-03,-0.0011374715632109,0.5,0.0,-0.00056873578160545,1.3032098710617397,0.5,0.0,-0.00056873578160545,1.351447763722414,1.2876332120133016
2020-12-04,-0.0056124938994631,0.5,0.0,-0.00280624694973155,1.2995527423362128,0.5,0.0,-0.00280624694973155,1.3476552675577465,1.280406378466131
2020-12-07,0.0122699386503066,0.5,0.0,0.0061349693251533,1.3075254585468643,0.5,0.0,0.0061349693251533,1.3559230912850946,1.2961168861773718
2020-12-08,0.005090909090909,1.0,0.5,0.004840909090909,1.3138550704257388,1.0,0.5,0.004840909090909,1.36248699170427,1.3027152994160929
2020-12-09,-0.0209036822640295,1.0,0.0,-0.0209036822640295,1.286390661492575,1.0,0.0,-0.0209036822640295,1.3340059965408104,1.2754837527166087
2020-12-10,0.0119888323205781,0.5,0.5,0.00574441616028905,1.293780224796898,0.5,0.5,0.00574441616028905,1.341669082145262,1.29077531355555
2020-12-11,-0.0067348263550794,0.5,0.0,-0.0033674131775397,1.2894235322190766,0.5,0.0,-0.0033674131775397,1.3371511279981483,1.2820821659553303
2020-12-14,-0.0051466383465402,0.5,0.0,-0.0025733191732701,1.2861054339211515,0.5,0.0,-0.0025733191732701,1.333710211362911,1.2754837527166094
2020-12-15,0.0500903268188537,0.5,0.0,0.02504516340942685,1.3183161546754585,0.5,0.0,0.02504516340942685,1.3671132015473162,1.3393731507423223
2020-12-16,-0.0005473881764153,1.0,0.5,-0.0007973881764153,1.317264944960943,1.0,0.5,-0.0007973881764153,1.366023081644581,1.3386399937157978
2020-12-17,0.0069634613879976,1.0,0.0,0.0069634613879976,1.3264376685429413,1.0,0.0,0.0069634613879976,1.3755353306287266,1.3479615616244671
2020-12-18,-0.0158896658896657,0.5,0.5,-0.00819483294483285,1.3155677334374984,0.5,0.5,-0.00819483294483285,1.3642630483845088,1.3265429027781424
2020-12-21,0.0124353558880421,1.0,0.5,0.0121853558880421,1.331598394464259,1.0,0.5,0.0121853558880421,1.3808870791539791,1.343038935874945
2020-12-22,0.028464477891289,0.5,0.5,0.0139822389456445,1.350217121395295,0.5,0.5,0.0139822389456445,1.4001949722516633,1.3812678379722978
2020-12-23,-0.0069760388231724,1.0,0.5,-0.007226038823172401,1.3404604000563805,1.0,0.5,-0.007226038823172401,1.390077109022162,1.3716320599094036
2020-12-24,0.0077122785583383,0.5,0.5,0.00360613927916915,1.3452942869571944,0.5,0.5,0.00360613927916915,1.3950899206860805,1.3822104684349723
2020-12-28,0.0357657043267409,0.5,0.0,0.01788285216337045,1.3693519858070768,0.5,0.0,0.01788285216337045,1.4200381074923178,1.4316461993663436
2020-12-29,-0.01331479991221,0.5,0.0,-0.006657399956105,1.3602356619568725,0.5,0.0,-0.006657399956105,1.410584345857831,1.4125841166767048
2020-12-30,-0.0085267294431675,0.5,0.0,-0.00426336472158375,1.3544364812226455,0.5,0.0,-0.00426336472158375,1.4045705103208825,1.4005393940980868
2020-12-31,-0.0077026622793897,0.5,0.0,-0.00385133113969485,1.349220097825774,0.5,0.0,-0.00385133113969485,1.3991610441765867,1.3897515121363682
2021-01-04,-0.0247192704800662,0.5,0.0,-0.0123596352400331,1.3325442295581256,0.5,0.0,-0.0123596352400331,1.3818679240285001,1.3553978686077883
2021-01-05,0.0123638049609766,0.5,0.0,0.0061819024804883,1.3407818880361915,0.5,0.0,0.0061819024804883,1.3904104967757591,1.3721557434997784
2021-01-06,-0.0336615525532402,0.5,0.0,-0.0168307762766201,1.31821548804291,0.5,0.0,-0.0168307762766201,1.3670088087718621,1.3259668508287303
2021-01-07,0.034123222748815,-1.0,1.5,-0.034873222748815,1.2722450656974518,-1.0,1.5,-0.034873222748815,1.3193368060839687,1.371213113037104
2021-01-08,0.0086312251756799,-1.0,0.0,-0.0086312251756799,1.2612640320567694,-1.0,0.0,-0.0086312251756799,1.3079493130280957,1.3830483621795722
2021-01-11,-0.0232487694055283,-1.0,0.0,0.0232487694055283,1.2905868686975441,-1.0,0.0,0.0232487694055283,1.338357525000805,1.3508941897305657
2021-01-12,-0.0013955652039073,-1.0,0.0,0.0013955652039073,1.292387966824118,-1.0,0.0,0.0013955652039073,1.3402252901930836,1.3490089288052172
2021-01-13,0.0162267080745339,0.5,1.5,0.00736335403726695,1.3019042769773475,0.5,1.5,0.00736335403726695,1.350093843494474,1.3708989028828793
2021-01-14,-0.0151272060508823,0.5,0.0,-0.00756360302544115,1.2920571898491668,0.5,0.0,-0.00756360302544115,1.3398822696151897,1.3501610327040416
2021-01-15,-0.0137305096579007,0.5,0.0,-0.00686525482895035,1.2831868879872748,0.5,0.0,-0.00686525482895035,1.330683636393489,1.3316226336047776
2021-01-19,0.005427088249174,0.5,0.0,0.002713544124587,1.2866688722279196,0.5,0.0,0.002713544124587,1.3342945051567086,1.3388494671519482
2021-01-20,0.0328561370570288,0.5,0.0,0.0164280685285144,1.307806356634386,0.5,0.0,0.0164280685285144,1.356214386724643,1.3828388887434226
2021-01-21,0.0366583352268423,1.0,0.5,0.0364083352268423,1.355421408878526,1.0,0.5,0.0364083352268423,1.4055918947559802,1.4335314602916933
2021-01-22,0.0160736465259003,0.5,0.5,0.0077868232629501495,1.365975835836282,0.5,0.5,0.0077868232629501495,1.4165369904202803,1.4565735382681797
2021-01-25,0.0276839001941466,0.5,0.0,0.0138419500970733,1.3848836051897355,0.5,0.0,0.0138419500970733,1.4361446247523362,1.496897174727031
2021-01-26,0.001679261125105,0.5,0.0,0.0008396305625525,1.3860463957902307,0.5,0.0,0.0008396305625525,1.4373504556715235,1.4994108559608297
2021-01-27,-0.0076837105336685,1.0,0.5,-0.0079337105336685,1.3750499048997964,1.0,0.5,-0.0079337105336685,1.425946933220789,1.4878898169725867
2021-01-28,-0.0349852175137266,1.0,0.0,-0.0349852175137266,1.326943484884648,1.0,0.0,-0.0349852175137266,1.3760598695990283,1.4358356680893418
2021-01-29,-0.037420672550879,0.5,0.5,-0.0189603362754395,1.3017841901927316,0.5,0.5,-0.0189603362754395,1.3499693117362932,1.3821057317168979
2021-02-01,0.0165201576235221,0.5,0.0,0.00826007881176105,1.3125370301996282,0.5,0.0,0.00826007881176105,1.3611201646446938,1.4049383362572343
2021-02-02,0.0063366631877144,-1.0,1.5,-0.0070866631877144,1.3032355223452003,-1.0,1.5,-0.0070866631877144,1.3514743644798504,1.4138409572936042
2021-02-03,-0.0077783539521446,-1.0,0.0,0.0077783539521446,1.3133725495210093,-1.0,0.0,0.0077783539521446,1.3619866104440241,1.4028436018957355
2021-02-04,0.0257578020008959,-1.0,0.0,-0.0257578020008959,1.2795429594370353,-1.0,0.0,-0.0257578020008959,1.3269048290043355,1.4389777696315895
2021-02-05,-0.004585486571075,-1.0,0.0,0.004585486571075,1.2854102864946475,-1.0,0.0,0.004585486571075,1.3329893332788294,1.4323793563928684
2021-02-08,0.0010968119333139,-1.0,0.0,-0.0010968119333139,1.2840004331532158,-1.0,0.0,-0.0010968119333139,1.331527294671109,1.4339504071639926
2021-02-09,-0.0065736615294719,-1.0,0.0,0.0065736615294719,1.2924410174044603,-1.0,0.0,0.0065736615294719,1.34028030442353,1.4245241025372481
2021-02-10,-0.0045584883464451,-1.0,0.0,0.0045584883464451,1.2983325947207662,-1.0,0.0,0.0045584883464451,1.3463899565722146,1.418030426016602
2021-02-11,-0.0019203781667773,0.5,1.5,-0.0017101890833886501,1.296112200490667,0.5,1.5,-0.0017101890833886501,1.3440873751665008,1.4153072713466537
2021-02-12,0.0017760674905646,-1.0,1.5,-0.0025260674905646,1.2928381335968835,-1.0,1.5,-0.0025260674905646,1.3406921197436144,1.4178209525804524
2021-02-16,-0.0161040112284849,-1.0,0.0,0.0161040112284849,1.313658013416941,-1.0,0.0,0.0161040112284849,1.3622826406939068,1.3949883480401155
2021-02-17,-0.0176439672648096,-1.0,0.0,0.0176439672648096,1.3368361524028245,-1.0,0.0,0.0176439672648096,1.3863187110117285,1.3703752192925047
2021-02-18,-0.0086365025985937,-1.0,0.0,0.0086365025985937,1.3483817413069454,-1.0,0.0,0.0086365025985937,1.3982916561618604,1.3585399701500365
2021-02-19,0.0012335209313083,-1.0,0.0,-0.0012335209313083,1.3467184842056492,-1.0,0.0,-0.0012335209313083,1.396566834135911,1.3602157576392355
2021-02-22,-0.0297990297990298,-1.0,0.0,0.0297990297990298,1.3868493884473976,-1.0,0.0,0.0297990297990298,1.4381831708426638,1.319682647744234
2021-02-23,-0.001111111111111,-1.0,0.0,0.001111111111111,1.388390332212339,-1.0,0.0,0.001111111111111,1.4397811521436,1.3182163336911852
2021-02-24,-0.0040521214047354,-1.0,0.0,0.0040521214047354,1.3940162583956242,-1.0,0.0,0.0040521214047354,1.4456153201683355,1.3128747610693632
2021-02-25,-0.0347826086956521,0.5,1.5,-0.01814130434782605,1.3687269851862514,0.5,1.5,-0.01814130434782605,1.4193899726752817,1.26720955198869
2021-02-26,0.0022315893875528,0.5,0.0,0.0011157946937764,1.3702542034935505,0.5,0.0,0.0011157946937764,1.420973720475192,1.2700374433767134
2021-03-01,0.0538512287646379,0.5,0.0,0.02692561438231895,1.4071491397825693,0.5,0.0,0.02692561438231895,1.459234310920116,1.3384305202796487
2021-03-02,-0.0208936536505204,0.5,0.0,-0.0104468268252602,1.3924488964019468,0.5,0.0,-0.0104468268252602,1.4439899427764555,1.3104658165536398
2021-03-03,-0.0244565217391304,-1.0,1.5,0.0237065217391304,1.4254590164351275,-1.0,1.5,0.0237065217391304,1.4782219217459711,1.2784163808227085
2021-03-04,-0.0158118957889562,-1.0,0.0,0.0158118957889562,1.4479982258544277,-1.0,0.0,0.0158118957889562,1.5015954127255688,1.2582021942342454
2021-03-05,0.0107383667693332,-1.0,0.0,-0.0107383667693332,1.432449089823859,-1.0,0.0,-0.0107383667693332,1.4854707304445736,1.2717132308659127
2021-03-08,-0.0416735298962279,0.5,1.5,-0.02158676494811395,1.4015271480216918,0.5,1.5,-0.02158676494811395,1.4534042229491635,1.2187164515199935
2021-03-09,0.0406067377105534,0.5,0.0,0.0203033688552767,1.4299828706686601,0.5,0.0,0.0203033688552767,1.4829132249835173,1.2682045508104023
2021-03-10,-0.0091258207044637,-1.0,1.5,0.0083758207044637,1.441960150803835,-1.0,1.5,0.0083758207044637,1.4953338402762573,1.2566311434631217
2021-03-11,0.0165027504584096,-1.0,0.0,-0.0165027504584096,1.4181638422641487,-1.0,0.0,-0.0165027504584096,1.4706567190581628,1.2773690136419595
2021-03-12,-0.0076254509675303,-1.0,0.0,0.0076254509675303,1.4289779811072583,-1.0,0.0,0.0076254509675303,1.4818711397594095,1.2676284988609903
2021-03-15,0.0244567462612574,0.5,1.5,0.011478373130628699,1.44538032356986,0.5,1.5,0.011478373130628699,1.498880609633078,1.2986305674111722
2021-03-16,0.0127429631421889,0.5,0.0,0.00637148157109445,1.4545895376647078,0.5,0.0,0.00637148157109445,1.508430699814626,1.3151789688670126
2021-03-17,-0.006450585330891,1.0,0.5,-0.006700585330891001,1.4448429363461641,1.0,0.5,-0.006700585330891001,1.4983233311947823,1.3066952947029427
2021-03-18,-0.0339050977877525,0.5,0.5,-0.01720254889387625,1.4199879550896974,0.5,0.5,-0.01720254889387625,1.4725483508310684,1.2623916629572434
2021-03-19,-0.0044802123952543,0.5,0.0,-0.00224010619762715,1.416807031270945,0.5,0.0,-0.00224010619762715,1.469249686144066,1.2567358801811965
2021-03-22,0.0283356946412201,0.5,0.0,0.01416784732061005,1.4368801369727588,0.5,0.0,0.01416784732061005,1.4900657913732096,1.292346364326676
2021-03-23,-0.0068887268011994,0.5,0.0,-0.0034443634005997,1.4319309996179213,0.5,0.0,-0.0034443634005997,1.484933463296918,1.283443743290306
2021-03-24,-0.0199934715195038,0.5,0.0,-0.0099967357597519,1.4176163637885435,0.5,0.0,-0.0099967357597519,1.4700889758435254,1.257783247361946
2021-03-25,0.0041635440086602,-1.0,1.5,-0.0049135440086602,1.4106508433976717,-1.0,1.5,-0.0049135440086602,1.462865628964072,1.263020083265693
2021-03-26,0.005141388174807,-1.0,0.0,-0.005141388174807,1.4033981398326454,-1.0,0.0,-0.005141388174807,1.4553444689179844,1.269513759786339
2021-03-29,0.0014850259879548,-1.0,0.0,-0.0014850259879548,1.4013140571235465,-1.0,0.0,-0.0014850259879548,1.453183244560215,1.271399020711688
2021-03-30,-0.0122744871900485,-1.0,0.0,0.0122744871900485,1.4185144685669442,-1.0,0.0,0.0122744871900485,1.4710203236803625,1.2557932497185222
2021-03-31,0.0187656380316931,-1.0,0.0,-0.0187656380316931,1.3918951395070975,-1.0,0.0,-0.0187656380316931,1.443415688748913,1.2793590112853837
2021-04-01,0.0069586573884568,-1.0,0.0,-0.0069586573884568,1.3822094181106093,-1.0,0.0,-0.0069586573884568,1.4333714535017859,1.2882616323217535
2021-04-05,0.0235772357723578,0.5,1.5,0.0110386178861789,1.39746709971581,0.5,1.5,0.0110386178861789,1.449193893265949,1.318635280563486
2021-04-06,0.002462271644162,0.5,0.0,0.001231135822081,1.3991875715224498,0.5,0.0,0.001231135822081,1.4509780477810896,1.321882118823809
2021-04-07,0.0133903811108471,0.5,0.0,0.00669519055542355,1.4085553989365729,0.5,0.0,0.00669519055542355,1.4606926223027206,1.3395826241784738
2021-04-08,0.0192337763878029,0.5,0.0,0.00961688819390145,1.422101318723062,0.5,0.0,0.00961688819390145,1.4747399399370624,1.365347856824909
2021-04-09,0.0202132555998773,0.5,0.0,0.01010662779993865,1.4364739674451978,0.5,0.0,0.01010662779993865,1.4896445876117101,1.3929459820376555
2021-04-12,-0.013195984811459,1.0,0.5,-0.013445984811459,1.4171591602968734,1.0,0.5,-0.013445984811459,1.469614849112211,1.3745646880155038
2021-04-13,0.0243066138372447,0.5,0.5,0.011903306918622349,1.4340280407344241,0.5,0.5,0.011903306918622349,1.4871081257133585,1.4079757010814093
2021-04-14,-0.0178531577772819,1.0,0.5,-0.0181031577772819,1.4080676048559624,1.0,0.5,-0.0181031577772819,1.4601867726816915,1.3828388887434238
2021-04-15,0.0187078694236157,0.5,0.5,0.00910393471180785,1.4208865604003826,0.5,0.5,0.00910393471180785,1.473480217727231,1.4087088581079337
2021-04-16,-0.0025278810408921,0.5,0.0,-0.00126394052044605,1.4190906443017353,0.5,0.0,-0.00126394052044605,1.4716178263739699,1.4051478096933858
2021-04-19,0.0050685748360166,0.5,0.0,0.0025342874180083,1.4226870278666024,0.5,0.0,0.0025342874180083,1.4753473289154662,1.4122699065224815
2021-04-20,-0.0128300207653514,0.5,0.0,-0.0064150103826757,1.41356047581154,0.5,0.0,-0.0064150103826757,1.4658829604824206,1.3941504542955172
2021-04-21,0.0029299075952218,0.5,0.0,0.0014649537976109,1.4156312765987327,0.5,0.0,0.0014649537976109,1.4680304112922322,1.3982351863004396
2021-04-22,-0.0116853932584269,0.5,0.0,-0.00584269662921345,1.40736017251074,0.5,0.0,-0.00584269662921345,1.4594531549565923,1.3818962582807492
2021-04-23,0.0180385023495528,0.5,0.0,0.0090192511747764,1.4200535073999911,0.5,0.0,0.0090192511747764,1.4726163295389658,1.4068235971825849
2021-04-26,0.002977963073258,0.5,0.0,0.001488981536629,1.422167940853535,0.5,0.0,0.001488981536629,1.4748090280641877,1.4110130659055826
2021-04-27,-0.0024495249406176,0.5,0.0,-0.0012247624703088,1.4204261229331012,0.5,0.0,-0.0012247624703088,1.4730027373157422,1.4075567542091096
2021-04-28,-0.0060272341692088,0.5,0.0,-0.0030136170846044,1.4161455025016116,0.5,0.0,-0.0030136170846044,1.4685636711008985,1.39907308004504
2021-04-29,-0.0007486150621351,0.5,0.0,-0.00037430753106755,1.4156154285749378,0.5,0.0,-0.00037430753106755,1.468013976658953,1.3980257128642906
2021-04-30,-0.0151333533113573,0.5,0.0,-0.00756667665567865,1.4049039243581214,1.0,0.5,-0.0153833533113573,1.4454309989899978,1.376868895813153
2021-05-03,0.0082154267457781,-1.0,1.5,-0.008965426745778101,1.3923083611394325,-1.0,2.0,-0.009215426745778101,1.4321107355027285,1.3881804613652464
2021-05-04,-0.035385543986721,0.5,1.5,-0.0184427719933605,1.3666303354904885,1.0,2.0,-0.036385543986721,1.3800026073422387,1.3390589405881
2021-05-05,0.0019554165037152,0.5,0.0,0.0009777082518576,1.3679665012467366,0.5,0.5,0.0007277082518576,1.3810068466271865,1.3416773585399733
2021-05-06,0.0128024980483998,0.5,0.0,0.0064012490241999,1.3767231954779802,0.5,0.0,0.0064012490241999,1.389847015356572,1.3588541803042635
2021-05-07,0.0036226298751349,-1.0,1.5,-0.0043726298751349,1.370703294503642,-1.0,1.5,-0.0043726298751349,1.383769728775357,1.3637768060537858
2021-05-10,-0.0258044697027879,-1.0,0.0,0.0258044697027879,1.4060735661381727,-1.0,0.0,0.0258044697027879,1.4194771728171758,1.328585268780606
2021-05-11,-0.0074103271580606,-1.0,0.0,0.0074103271580606,1.4164930312715573,-1.0,0.0,0.0074103271580606,1.4299959630611498,1.3187400172815618
2021-05-12,-0.0249384480978476,-1.0,0.0,0.0249384480978476,1.451818169212886,-1.0,0.0,0.0249384480978476,1.465657843166082,1.2858526878060308
2021-05-13,0.0179196872200049,0.5,1.5,0.00820984361000245,1.4637373693322837,0.5,1.5,0.00820984361000245,1.4776906648442492,1.3088947657825174
2021-05-14,0.0198447627430584,0.5,0.0,0.0099223813715292,1.4782611297385575,0.5,0.0,0.0099223813715292,1.4923528751699824,1.3348694718651026
2021-05-17,-0.0092585327579443,0.5,0.0,-0.00462926637897215,1.4714178651913175,0.5,0.0,-0.00462926637897215,1.4854443761793956,1.3225105391322598
2021-05-18,-0.0112457432485942,0.5,0.0,-0.0056228716242971,1.4631442714296494,0.5,0.0,-0.0056228716242971,1.4770919131471048,1.3076379251656185
2021-05-19,-0.0012815378454145,-1.0,1.5,0.0005315378454145,1.4639219879832157,-1.0,1.5,0.0005315378454145,1.477877043400098,1.3059621376764194
2021-05-20,0.0210121100328815,0.5,1.5,0.00975605501644075,1.4782040914377574,0.5,1.5,0.00975605501644075,1.4922952931430444,1.3334031578120535
2021-05-21,-0.0147671039195663,0.5,0.0,-0.00738355195978315,1.4672896947214626,0.5,0.0,-0.00738355195978315,1.481276853306783,1.313712654813965
2021-05-24,0.013314199154907,0.5,0.0,0.0066570995774535,1.477057588328195,0.5,0.0,0.0066570995774535,1.4911378608210233,1.33120368673248
2021-05-25,-0.0015735641227379,0.5,0.0,-0.00078678206136895,1.4758954659140895,0.5,0.0,-0.00078678206136895,1.4899646603011012,1.3291089523709811
2021-05-26,-0.0003940110323089,0.5,0.0,-0.00019700551615445,1.4756047063660371,0.5,0.0,-0.00019700551615445,1.4896711290441467,1.3285852687806066
2021-05-27,-0.012376823019314,0.5,0.0,-0.006188411509657,1.4664730572174576,0.5,0.0,-0.006188411509657,1.480452431083566,1.3121416040428413
2021-05-28,-0.0053480204342273,-1.0,1.5,0.0045980204342273,1.4732159303007872,-1.0,1.5,0.0045980204342273,1.4872595816135898,1.3051242439318205
2021-06-01,-0.0026482625792472,-1.0,0.0,0.0026482625792472,1.4771173929201538,-1.0,0.0,0.0026482625792472,1.491198235509204,1.3016679322353475
2021-06-02,0.0062761506276149,0.5,1.5,0.0023880753138074496,1.4806448605017821,0.5,1.5,0.0023880753138074496,1.4947593292034167,1.3098373962451926
2021-06-03,-0.0121541660003198,0.5,0.0,-0.0060770830001599,1.4716468587907527,0.5,0.0,-0.0060770830001599,1.4856755526945842,1.293917415097802
2021-06-04,0.0190221790513194,-1.0,1.5,-0.0197721790513194,1.4425491935984303,-1.0,1.5,-0.0197721790513194,1.456300509654539,1.3185305438454127
2021-06-07,7.943442688063129e-05,0.5,1.5,-0.0007102827865596844,1.4415245757374517,0.5,1.5,-0.0007102827865596844,1.4552661244704732,1.3186352805634876
2021-06-08,0.0066719618745034,0.5,0.0,0.0033359809372517,1.4463334742426919,0.5,0.0,0.0033359809372517,1.460120864520335,1.3274331648817823
2021-06-09,0.0030771658513493,0.5,0.0,0.00153858292567465,1.4485587782309934,0.5,0.0,0.00153858292567465,1.4623673815519074,1.3315178968867052
2021-06-10,-0.0080232832533626,0.5,0.0,-0.0040116416266813,1.4427476795375473,0.5,0.0,-0.0040116416266813,1.4565008876905727,1.3208347516430614
2021-06-11,0.0098326857505353,0.5,0.0,0.00491634287526765,1.4498407218126508,0.5,0.0,0.00491634287526765,1.4636615454525912,1.333822104684354
2021-06-14,0.0245779348252845,0.5,0.0,0.01228896741264225,1.4676577671965283,0.5,0.0,0.01228896741264225,1.4816484344877958,1.3666046974418098
2021-06-15,-0.0064377682403433,0.5,0.0,-0.00321888412017165,1.4629335469158529,0.5,0.0,-0.00321888412017165,1.4768791798703458,1.357806813123515
2021-06-16,0.0039339709966061,0.5,0.0,0.00196698549830305,1.4658111159876175,0.5,0.0,0.00196698549830305,1.4797841797998965,1.3631483857453373
2021-06-17,0.0126008451786399,0.5,0.0,0.00630042258931995,1.4750463454544622,0.5,0.0,0.00630042258931995,1.4891074454736262,1.380325207509627
2021-06-18,-0.0100918127323771,1.0,0.5,-0.0103418127323771,1.4597916923781948,1.0,0.5,-0.0103418127323771,1.4737073751341494,1.3663952240056603
2021-06-21,0.0141039399049518,0.5,0.5,0.0068019699524759,1.4697211516066253,0.5,0.5,0.0068019699524759,1.4837314884185542,1.3856667801314493
2021-06-22,0.0126984126984124,0.5,0.0,0.0063492063492062,1.4790527144739687,0.5,0.0,0.0063492063492062,1.4931520058053382,1.4032625487680388
2021-06-23,-0.0020898641588297,0.5,0.0,-0.00104493207941485,1.4775072048454694,0.5,0.0,-0.00104493207941485,1.4915917633750297,1.4003299206619404
2021-06-24,-0.0021690351533283,0.5,0.0,-0.00108451757666415,1.4759048223121665,0.5,0.0,-0.00108451757666415,1.489974105890442,1.3972925558377671
2021-06-25,-0.0022487069934786,0.5,0.0,-0.0011243534967393,1.4742453835643454,0.5,0.0,-0.0011243534967393,1.488298848294433,1.3941504542955192
2021-06-28,0.012546014574412,0.5,0.0,0.006273007287206,1.4834933355985742,0.5,0.0,0.006273007287206,1.4976349578153243,1.411641486214034
2021-06-29,0.0115002225849534,1.0,0.5,0.011250222584953399,1.500182965827353,1.0,0.5,0.011250222584953399,1.514483684441754,1.4278756775156498
2021-06-30,0.0046211398811706,0.5,0.5,0.0020605699405852997,1.5032741977521151,0.5,0.5,0.0020605699405852997,1.5176043839974216,1.434474090754371
2021-07-01,0.0022634345794392,0.5,0.0,0.0011317172897196,1.5049754791529006,0.5,0.0,0.0011317172897196,1.5193218831177457,1.437720929014694
2021-07-02,0.019596415822831,0.5,0.0,0.0097982079114155,1.5197215417992227,0.5,0.0,0.0097982079114155,1.5342085148128966,1.4658951061768528
2021-07-06,0.0147184909974278,0.5,0.0,0.0073592454987139,1.5309055457150071,0.5,0.0,0.0073592454987139,1.5454991319196218,1.4874708701002903
2021-07-07,0.0179552175749893,0.5,0.0,0.00897760878749465,1.5446494167950424,0.5,0.0,0.00897760878749465,1.5593740185074088,1.5141787332093997
2021-07-08,-0.0091996956491663,0.5,0.0,-0.00459984782458315,1.5375442645354542,0.5,0.0,-0.00459984782458315,1.552201135320666,1.5002487497054329
2021-07-09,0.0130550125663222,0.5,0.0,0.0065275062831611,1.5475805943828478,0.5,0.0,0.0065275062831611,1.5623331379842014,1.5198345159854465
2021-07-12,-0.0042037075322169,0.5,0.0,-0.00210185376610845,1.5443278062821877,0.5,0.0,-0.00210185376610845,1.559049342194213,1.5134455761828753
2021-07-13,0.0078892733564013,0.5,0.0,0.00394463667820065,1.5504196183900134,0.5,0.0,0.00394463667820065,1.5651992254125568,1.5253855620434185
2021-07-14,0.024100521834661,0.5,0.0,0.0120502609173305,1.5691025793229612,0.5,0.0,0.0120502609173305,1.5840602844663818,1.5621481500877226
2021-07-15,-0.0044921220248073,1.0,0.5,-0.0047421220248073,1.5616617034223719,1.0,0.5,-0.0047421220248073,1.5765484773027914,1.5551307899767015
2021-07-16,-0.0140759698275861,0.5,0.5,-0.00728798491379305,1.5502803364873814,0.5,0.5,-0.00728798491379305,1.5650586157843454,1.5332408158990394
2021-07-19,-0.0269144067217705,0.5,0.0,-0.01345720336088525,1.529417898732889,0.5,0.0,-0.01345720336088525,1.5439973037200299,1.4919745489775134
2021-07-20,0.0259740259740262,0.5,0.0,0.0129870129870131,1.5492804688463033,0.5,0.0,0.0129870129870131,1.564049216755355,1.5307271346652414
2021-07-21,-0.0051317139924734,1.0,0.5,-0.0053817139924734,1.5409426844688474,1.0,0.5,-0.0053817139924734,1.5556319512006256,1.522871880809621
2021-07-22,0.0096286107290233,0.5,0.5,0.0045643053645116494,1.5479760174299737,0.5,0.5,0.0045643053645116494,1.5627323304606964,1.5375350213401124
2021-07-23,0.0119891008174386,0.5,0.0,0.0059945504087193,1.5572554376979462,0.5,0.0,0.0059945504087193,1.5721002081909785,1.5559686837213018
2021-07-26,0.0028944534194939,0.5,0.0,0.00144722670974695,1.5595091393612812,0.5,0.0,0.00144722670974695,1.5743753936026712,1.5604723625985244
2021-07-27,-0.0149003288811329,0.5,0.0,-0.00745016444056645,1.5478905398264735,0.5,0.0,-0.00745016444056645,1.5626460380291498,1.5372208111858878
2021-07-28,-0.0121959528514002,0.5,0.0,-0.0060979764257001,1.5384515398050476,0.5,0.0,-0.0060979764257001,1.5531170593275343,1.5184729386504736
2021-07-29,0.0045523520485584,0.5,0.0,0.0022761760242792,1.5419533263144671,0.5,0.0,0.0022761760242792,1.5566522271408745,1.5253855620434196
2021-07-30,0.0015105740181271,0.5,0.0,0.00075528700906355,1.5431179436304145,0.5,0.0,0.00075528700906355,1.5578279463456637,1.5276897698410687
2021-08-02,-0.0023310023310023,0.5,0.0,-0.00116550116550115,1.5413194378686075,0.5,0.0,-0.00116550116550115,1.5560122960585474,1.524128721426521
2021-08-03,0.0126443100604727,0.5,0.0,0.00632215503023635,1.5510638983059295,0.5,0.0,0.00632215503023635,1.5658496470231835,1.5434002775523097
2021-08-04,-0.0027823018458199,0.5,0.0,-0.00139115092290995,1.548906134332309,0.5,0.0,-0.00139115092290995,1.563671313841589,1.539106072111237
2021-08-05,0.0007485539299081,0.5,0.0,0.00037427696495405,1.5494858542192653,0.5,0.0,0.00037427696495405,1.5642565599951193,1.5402581760100613
2021-08-06,-0.0062559499524005,0.5,0.0,-0.00312797497620025,1.5446391012412912,0.5,0.0,-0.00312797497620025,1.5593636046190975,1.5306223979471667
2021-08-09,-0.0003421376762008,0.5,0.0,-0.0001710688381004,1.5443748616249575,0.5,0.0,-0.0001710688381004,1.5590968460990793,1.5300987143567921
2021-08-10,-0.0033540967896502,0.5,0.0,-0.0016770483948251,1.5417848702422612,0.5,0.0,-0.0016770483948251,1.556482165235952,1.52496661517112
2021-08-11,0.0017857142857145,0.5,0.0,0.00089285714285725,1.5431614638764062,0.5,0.0,0.00089285714285725,1.5578718814549128,1.5276897698410687
2021-08-12,0.0207733443027557,0.5,0.0,0.01038667215137785,1.5591897760783309,0.5,0.0,0.01038667215137785,1.5740529859414352,1.559424995417775
2021-08-13,0.001410437235543,0.5,0.0,0.0007052186177715,1.5602893457370601,0.5,0.0,0.0007052186177715,1.5751630374124796,1.5616244664973487
2021-08-16,0.0135479543930248,0.5,0.0,0.0067739771965124,1.570858710185044,0.5,0.0,0.0067739771965124,1.5858331559087009,1.5827812835484865
2021-08-17,-0.0061540497617788,0.5,0.0,-0.0030770248808894,1.5660251388494428,0.5,0.0,-0.0030770248808894,1.5809535078310306,1.573040768767517
2021-08-18,-0.0255010320261002,0.5,0.0,-0.0127505160130501,1.546057510239704,0.5,0.0,-0.0127505160130501,1.5607955348135434,1.5329266057448152
2021-08-19,0.0023230390817161,0.5,0.0,0.00116151954085805,1.5478532862491379,0.5,0.0,0.00116151954085805,1.5626084293265134,1.5364876541593628
2021-08-20,0.0101567825494206,0.5,0.0,0.0050783912747103,1.5557138908725572,0.5,0.0,0.0050783912747103,1.570543966339794,1.552093425152529
2021-08-23,0.0102571023685809,1.0,0.5,0.0100071023685809,1.571282079034742,1.0,0.5,0.0100071023685809,1.5862605605853133,1.5680134062999198
2021-08-24,-0.0006011622470109,0.5,0.5,-0.0005505811235054501,1.570416960782323,0.5,0.5,-0.0005505811235054501,1.5853871954636938,1.5670707758372453
2021-08-25,-0.0084213340462504,0.5,0.0,-0.0042106670231252,1.5638044578730004,0.5,0.0,-0.0042106670231252,1.5787116578808698,1.553873949359803
2021-08-26,-0.0055270962523592,0.5,0.0,-0.0027635481261796,1.559482808993734,0.5,0.0,-0.0027635481261796,1.574348812236955,1.5452855384776578
2021-08-27,0.00718449234106,0.5,0.0,0.00359224617053,1.565084855142349,0.5,0.0,0.00359224617053,1.5800042607287919,1.5563876305936013
2021-08-30,0.0304172274562584,0.5,0.0,0.0152086137281292,1.588887626155954,0.5,0.0,0.0152086137281292,1.6040339352190143,1.6037286271634739
2021-08-31,-0.0084247648902821,0.5,0.0,-0.00421238244514105,1.5821946238122329,0.5,0.0,-0.00421238244514105,1.5972771308288873,1.5902175905318068
2021-09-01,0.0044786932753735,0.5,0.0,0.00223934663768675,1.5857377060232327,0.5,0.0,0.00223934663768675,1.6008539880012629,1.5973396873609023
2021-09-02,0.0074749196773982,1.0,0.5,0.0072249196773982,1.5971945335786721,1.0,0.5,0.0072249196773982,1.6124200294798146,1.6092796732214454
2021-09-03,0.0042303937520338,0.5,0.5,0.0018651968760168998,1.6001736158330941,0.5,0.5,0.0018651968760168998,1.6154275102816273,1.6160875598963165
2021-09-07,0.01548930654569,0.5,0.0,0.007744653272845,1.612566405664076,0.5,0.0,0.007744653272845,1.6279384362361737,1.6411196355162267
2021-09-08,-0.010083604569532,1.0,0.5,-0.010333604569532,1.5959027820858318,1.0,0.5,-0.010333604569532,1.6111159641725668,1.6245712340603866
2021-09-09,-0.0067049190896784,0.5,0.5,-0.0036024595448392004,1.5901536068758713,0.5,0.5,-0.0036024595448392004,1.6053119840895904,1.6136786153805927
2021-09-10,-0.033101836827416,1.0,0.5,-0.033351836827416,1.53711906324882,1.0,0.5,-0.033351836827416,1.551771880739139,1.5602628891623738
2021-09-13,0.0038934013559777,0.5,0.5,0.00169670067798885,1.539727094205584,0.5,0.5,0.00169670067798885,1.5544047731412731,1.5663376188107203
2021-09-14,-0.0095620193915079,0.5,0.0,-0.00478100969575395,1.5323656440393723,0.5,0.0,-0.00478100969575395,1.5469731488497585,1.551360268126004
2021-09-15,0.0061436672967862,0.5,0.0,0.0030718336483931,1.5370728163863738,0.5,0.0,0.0030718336483931,1.5517251930215556,1.5608913094708232
2021-09-16,-0.0016104140106019,0.5,0.0,-0.00080520700530095,1.535835154586962,0.5,0.0,-0.00080520700530095,1.5504757330258327,1.5583776282370247
2021-09-17,-0.0183480072585522,0.5,0.0,-0.0091740036292761,1.5217453973048114,0.5,0.0,-0.0091740036292761,1.536251663023949,1.5297845042025664
2021-09-20,-0.0213610844858277,0.5,0.0,-0.01068054224291385,1.5054923313059376,0.5,0.0,-0.01068054224291385,1.5198436622412752,1.4971066481631852
2021-09-21,0.0034280117531833,0.5,0.0,0.00171400587659165,1.5080727540089596,0.5,0.0,0.00171400587659165,1.5224486832098574,1.5022387473488574
2021-09-22,0.0168723419089449,0.5,0.0,0.00843617095447245,1.5207951135735613,0.5,0.0,0.00843617095447245,1.5352923205708273,1.5275850331229925
2021-09-23,0.0067192320877615,0.5,0.0,0.00335961604388075,1.5259044012365783,0.5,0.0,0.00335961604388075,1.5404503132830638,1.5378492314943368
2021-09-24,0.0006129537560441,0.5,0.0,0.00030647687802205,1.5263720556536295,0.5,0.0,0.00030647687802205,1.540922425685827,1.538791861957011
2021-09-27,-0.0105499591614482,0.5,0.0,-0.0052749795807241,1.5183204742274687,0.5,0.0,-0.0052749795807241,1.5327940913548543,1.5225576706553956
2021-09-28,-0.0238013345256931,0.5,0.0,-0.01190066726284655,1.5002514474653204,0.5,0.0,-0.01190066726284655,1.514552818891183,1.4863187662014665
2021-09-29,0.0064829821717991,0.5,0.0,0.00324149108589955,1.5051144991588872,0.5,0.0,0.00324149108589955,1.5194622283527428,1.4959545442643611
2021-09-30,-0.0093117692361549,0.5,0.0,-0.00465588461807745,1.498106859713808,0.5,0.0,-0.00465588461807745,1.5123877875360057,1.4820245607603941
2021-10-01,0.0081272084805654,0.5,0.0,0.0040636042402827,1.5041945731013375,0.5,0.0,0.0040636042402827,1.5185335329623886,1.4940692833390123
2021-10-04,-0.0246056782334386,0.5,0.0,-0.0123028391167193,1.4856887092682296,0.5,0.0,-0.0123028391167193,1.499851259213009,1.4573066952947085
2021-10-05,0.0141584016098894,0.5,0.0,0.0070792008049447,1.4962061979747785,0.5,0.0,0.0070792008049447,1.5104690074545273,1.4779398287554717
2021-10-06,0.0063071362766635,0.5,0.0,0.00315356813833175,1.500924586169086,0.5,0.0,0.00315356813833175,1.5152323743903733,1.4872613966641413
2021-10-07,0.0090845070422533,-1.0,1.5,-0.0098345070422533,1.4861637327565151,-1.0,1.5,-0.0098345070422533,1.500330810933781,1.5007724332958083
2021-10-08,-0.0027217530881428,0.5,1.5,-0.0021108765440714,1.4830266245923898,0.5,1.5,-0.0021108765440714,1.4971637978166332,1.496687701290886
2021-10-11,-0.000629811056683,0.5,0.0,-0.0003149055283415,1.482559611309628,0.5,0.0,-0.0003149055283415,1.496692332659868,1.4957450708282114
2021-10-12,-0.0091030039913172,0.5,0.0,-0.0045515019956586,1.4758117382800695,0.5,0.0,-0.0045515019956586,1.4898801345208796,1.482129297478469
2021-10-13,-0.0042399830400677,0.5,0.0,-0.00211999152003385,1.4726830299097493,0.5,0.0,-0.00211999152003385,1.4867216012698286,1.475845094393973
2021-10-14,0.0202256759633807,0.5,0.0,0.01011283798169035,1.4875760347896114,0.5,0.0,0.01011283798169035,1.5017565759473497,1.5056950590453306
2021-10-15,0.0075125208681137,0.5,0.0,0.00375626043405685,1.493163757791743,0.5,0.0,0.00375626043405685,1.5073975647551654,1.5170066245974243
2021-10-18,0.0118061309030654,0.5,0.0,0.0059030654515327,1.501978001183844,0.5,0.0,0.0059030654515327,1.516295831241396,1.534916603388239
2021-10-19,0.0150801774138518,0.5,0.0,0.0075400887069259,1.5133030485486214,0.5,0.0,0.0075400887069259,1.5277288363148982,1.5580634180828006
2021-10-20,0.0033611185802635,0.5,0.0,0.00168055929013175,1.5158462440456444,0.5,0.0,0.00168055929013175,1.5302962752035691,1.5633002539865477
2021-10-21,0.0014739380946,0.5,0.0,0.0007369690473,1.5169633758079721,0.5,0.0,0.0007369690473,1.5314240561915926,1.5656044617841964
2021-10-22,-0.0052849879582552,0.5,0.0,-0.0026424939791276,1.5129548092208425,0.5,0.0,-0.0026424939791276,1.5273772773436152,1.5573302610562765
2021-10-25,-0.0003362700921381,1.0,0.5,-0.0005862700921381,1.5120678090654398,1.0,0.5,-0.0005862700921381,1.5264818217264973,1.5568065774659017
2021-10-26,0.0045748116254036,1.0,0.0,0.0045748116254036,1.518985234456751,1.0,0.0,0.0045748116254036,1.533465188510499,1.5639286742949976
2021-10-27,-0.0031476024645057,0.5,0.5,-0.00182380123225285,1.5162149073143747,0.5,0.5,-0.00182380123225285,1.5306684528100767,1.5590060485454755
2021-10-28,0.0249916022841787,0.5,0.0,0.01249580114208935,1.5351612272848465,0.5,0.0,0.01249580114208935,1.549795381410861,1.597968107669353
2021-10-29,-0.0181556007078717,1.0,0.5,-0.0184056007078717,1.5069056627132353,1.0,0.5,-0.0184056007078717,1.521270466441709,1.568956036762595
2021-11-01,-0.005607476635514,0.5,0.5,-0.003053738317757,1.5023039671497629,0.5,0.5,-0.003053738317757,1.5166249045266638,1.5601581524443002
2021-11-02,0.0071160042964555,1.0,0.5,0.0068660042964555,1.5126187926427952,1.0,0.5,0.0068660042964555,1.527038057637255,1.571260244560244
2021-11-03,0.0097986935075322,0.5,0.5,0.004649346753766099,1.5196514819160545,0.5,0.5,0.004649346753766099,1.534137787073408,1.58665654211726
2021-11-04,-0.0034985807644069,0.5,0.0,-0.00174929038220345,1.5169931701944377,0.5,0.0,-0.00174929038220345,1.5314541345975057,1.5811054960592883
2021-11-05,0.0021197668256491,0.5,0.0,0.00105988341282455,1.518601006092895,0.5,0.0,0.00105988341282455,1.5330772974322673,1.5844570710376864
2021-11-08,-0.0055526176626123,0.5,0.0,-0.00277630883130615,1.5143849007084487,0.5,0.0,-0.00277630883130615,1.5288210013923311,1.5756591867193916
2021-11-09,0.0024594522733316,0.5,0.0,0.0012297261366658,1.516247179401822,0.5,0.0,0.0012297261366658,1.5307010325360269,1.5795344452881646
2021-11-10,-0.0191631854651549,0.5,0.0,-0.00958159273257745,1.5017191164468744,0.5,0.0,-0.00958159273257745,1.5160344786469309,1.549265533764507
2021-11-11,-0.0003380205516494,0.5,0.0,-0.0001690102758247,1.5014653104847924,0.5,0.0,-0.0001690102758247,1.515778253241535,1.5487418501741324
2021-11-12,0.0143369175627241,0.5,0.0,0.00716845878136205,1.5122285026746476,0.5,0.0,0.00716845878136205,1.5266440471715819,1.5709460344060198
2021-11-15,6.667111140745696e-05,0.5,0.0,3.333555570372848e-05,1.5122789136521355,0.5,0.0,3.333555570372848e-05,1.5266949386992563,1.5710507711240949
2021-11-16,0.0066666666666665,0.5,0.0,0.00333333333333325,1.5173198433643091,0.5,0.0,0.00333333333333325,1.5317839218282536,1.5815244429315887
2021-11-17,0.0164900662251656,0.5,0.0,0.0082450331125828,1.5298301957152267,0.5,0.0,0.0082450331125828,1.5444135309850495,1.6076038857322488
2021-11-18,0.0285360609811713,0.5,0.0,0.01426803049058565,1.55165785959311,0.5,0.0,0.01426803049058565,1.566449270335217,1.6534785682490722
2021-11-19,0.0169759929055552,0.5,0.0,0.0084879964527776,1.5648283260012608,0.5,0.0,0.0084879964527776,1.5797452861852783,1.6815480086931562
2021-11-22,0.0029274369355341,0.5,0.0,0.00146371846776705,1.5671187941209137,0.5,0.0,0.00146371846776705,1.5820575885350356,1.6864706344426783
2021-11-23,0.0024220593715065,0.5,0.0,0.00121102968575325,1.569016621501696,0.5,0.0,0.00121102968575325,1.5839735072393228,1.6905553664476007
2021-11-24,0.0032835635958119,0.5,0.0,0.00164178179790595,1.5715926044314894,0.5,0.0,0.00164178179790595,1.5865740461118736,1.6961064125055727
2021-11-26,-0.0316783994071878,1.0,0.5,-0.0319283994071878,1.5214141680518183,1.0,0.5,-0.0319283994071878,1.5359172762785356,1.6423764761331288
2021-11-29,0.0218736049996812,0.5,0.5,0.0106868024998406,1.5376732207862474,0.5,0.5,0.0106868024998406,1.5523313208662173,1.6783011704328332
2021-11-30,0.0315776335496755,0.5,0.0,0.01578881677483775,1.561951261528816,0.5,0.0,0.01578881677483775,1.5768407956652157,1.7312979497787528
2021-12-01,-0.0032062915910465,0.5,0.0,-0.00160314579552325,1.5594472259310839,0.5,0.0,-0.00160314579552325,1.5743128899734355,1.7257469037207813
2021-12-02,-0.0061297566304546,0.5,0.0,-0.0030648783152273,1.5546677099445863,0.5,0.0,-0.0030648783152273,1.5694878125355731,1.7151684951952124
2021-12-03,-0.0117244748412309,0.5,0.0,-0.00586223742061545,1.5455538787187266,0.5,0.0,-0.00586223742061545,1.5602871023497273,1.6950590453248244
2021-12-06,0.0215027187345526,1.0,0.5,0.0212527187345526,1.5784011005922325,1.0,0.5,0.0212527187345526,1.5934474452811163,1.7315074232149035
2021-12-07,0.035446406968304,1.0,0.0,0.035446406968304,1.6343497483630438,1.0,0.0,0.035446406968304,1.649929431909155,1.7928831400068184
2021-12-08,0.0227830354013318,0.5,0.5,0.0111415177006659,1.6525588850135096,0.5,0.5,0.0111415177006659,1.6683121498796207,1.8337304600560447
2021-12-09,-0.0029700708247658,0.5,0.0,-0.0014850354123829,1.6501047765482166,0.5,0.0,-0.0014850354123829,1.665834647258141,1.828284150716148
2021-12-10,0.0280132905591199,0.5,0.0,0.01400664527955995,1.673217208827435,0.5,0.0,0.01400664527955995,1.6891674022566865,1.8795004058547933
2021-12-13,-0.0206742825299525,0.5,0.0,-0.01033714126497625,1.6559209261727967,0.5,0.0,-0.01033714126497625,1.6717062401993663,1.8406430834489909
2021-12-14,-0.0080232161147149,0.5,0.0,-0.00401160805735745,1.649278020443015,0.5,0.0,-0.00401160805735745,1.6650000099766478,1.8258752062004244
2021-12-15,0.0285091493145184,0.5,0.0,0.0142545746572592,1.6727877771159965,0.5,0.0,0.0142545746572592,1.688733876923197,1.8779293550836695
2021-12-16,-0.0392638036809817,0.5,0.0,-0.01963190184049085,1.6399477716756823,0.5,0.0,-0.01963190184049085,1.6555808192167292,1.8041947055589118
2021-12-17,-0.0065017996052478,0.5,0.0,-0.0032508998026239,1.6346164657884283,0.5,0.0,-0.0032508998026239,1.6501986918583096,1.7924641931345187
2021-12-20,-0.0081220053757157,1.0,0.5,-0.0083720053757157,1.6209314479496142,1.0,0.5,-0.0083720053757157,1.6363832195390728,1.7779057893221022
2021-12-21,0.0190868924889544,1.0,0.0,0.0190868924889544,1.6518699922285938,1.0,0.0,0.0190868924889544,1.6676166901211442,1.8118404859783828
2021-12-22,0.0153188045551764,1.0,0.0,0.0153188045551764,1.6771746657901043,1.0,0.0,0.0153188045551764,1.6931625842700602,1.8395957162682415
2021-12-23,0.0036438168982009,0.5,0.5,0.00157190844910045,1.6798110308178769,0.5,0.5,0.00157190844910045,1.695824080841975,1.8462988662250377
2021-12-27,0.0229748127978217,0.5,0.0,0.01148740639891085,1.699107702802255,0.5,0.0,0.01148740639891085,1.715304701239666,1.8887172370453884
2021-12-28,-0.0057672045694006,0.5,0.0,-0.0028836022847003,1.6942081519485026,0.5,0.0,-0.0028836022847003,1.7103584446842142,1.8778246183655944
2021-12-29,0.0005019800323498,0.5,0.0,0.0002509900161749,1.6946333812799639,0.5,0.0,0.0002509900161749,1.7107877275779104,1.878767248828269
2021-12-30,-0.0065782138476976,0.5,0.0,-0.0032891069238488,1.6890595508922106,0.5,0.0,-0.0032891069238488,1.7051607638178985,1.8664083160954261
2021-12-31,-0.0035353535353535,0.5,0.0,-0.00176767676767675,1.686073839564876,0.5,0.0,-0.00176767676767675,1.7021465907505438,1.859809902856705
2022-01-03,0.0250042236864334,0.5,0.0,0.0125021118432167,1.7071533232830378,0.5,0.0,0.0125021118432167,1.723427017801657,1.906313005681978
2022-01-04,-0.0126916103510795,0.5,0.0,-0.00634580517553975,1.6963200608887086,0.5,0.0,-0.00634580517553975,1.7124904857124263,1.882118823806667
2022-01-05,-0.0265998887033945,0.5,0.0,-0.01329994435169725,1.6737590984762212,0.5,0.0,-0.01329994435169725,1.6897144575496401,1.832054672566846
2022-01-06,-0.0166933455293848,0.5,0.0,-0.0083466727646924,1.6597887789943138,0.5,0.0,-0.0083466727646924,1.6756109639067036,1.8014715508889636
2022-01-07,0.0009883720930232,0.5,0.0,0.0004941860465116,1.6606090234490491,0.5,0.0,0.0004941860465116,1.676439027464448,1.8032520750962375
2022-01-10,0.0001161642562583,-1.0,1.5,-0.0008661642562583001,1.6591706632693175,-1.0,1.5,-0.0008661642562583001,1.674986955901062,1.8034615485323875
2022-01-11,0.0167837853533887,0.5,1.5,0.00764189267669435,1.6718498674103415,0.5,1.5,0.00764189267669435,1.687787026452921,1.8337304600560451
2022-01-12,0.0025702535983549,0.5,0.0,0.00128512679917745,1.6739984064791515,0.5,0.0,0.00128512679917745,1.6899560467919195,1.8384436123694172
2022-01-13,-0.0190280863670028,-1.0,1.5,0.0182780863670028,1.7045958939310026,-1.0,1.5,0.0182780863670028,1.7208452093716209,1.8034615485323873
2022-01-14,0.0051106336024158,-1.0,0.0,-0.0051106336024158,1.6958843288769387,-1.0,0.0,-0.0051106336024158,1.71205060002005,1.8126783797229817
2022-01-18,-0.0188940890968971,-1.0,0.0,0.0188940890968971,1.7279265184847712,-1.0,0.0,0.0188940890968971,1.744398236595225,1.7784294729124768
2022-01-19,-0.0210247349823322,0.5,1.5,-0.011262367491166101,1.7084659750358646,0.5,1.5,-0.011262367491166101,1.7247521826037477,1.7410384645597232
2022-01-20,-0.0103471094266979,0.5,0.0,-0.00517355471334895,1.6996271328381216,0.5,0.0,-0.00517355471334895,1.7158290828200793,1.7230237490508336
2022-01-21,-0.0127651814479362,0.5,0.0,-0.0063825907239681,1.6887791084658645,0.5,0.0,-0.0063825907239681,1.7048776480321572,1.7010290382550965
2022-01-24,-0.0048642324979988,0.5,0.0,-0.0024321162489994,1.684671801355194,0.5,0.0,-0.0024321162489994,1.7007311874018223,1.6927548375271764
2022-01-25,-0.0113847296126716,0.5,0.0,-0.0056923648063358,1.6750820348829334,0.5,0.0,-0.0056923648063358,1.6910500050456183,1.6734832814013876
2022-01-26,-0.0005632745024408,0.5,0.0,-0.0002816372512204,1.6746102693830602,0.5,0.0,-0.0002816372512204,1.690573742370521,1.6725406509387133
2022-01-27,-0.002943202454756,0.5,0.0,-0.001471601227378,1.6721459108552563,0.5,0.0,-0.001471601227378,1.6880858919762756,1.6676180251891912
2022-01-28,0.0697776661223466,0.5,0.0,0.0348888330611733,1.730485130393009,0.5,0.0,0.0348888330611733,1.7469812388543577,1.7839805189704496
2022-01-31,0.0261257558856335,0.5,0.0,0.01306287794281675,1.7530902464331923,1.0,0.5,0.0258757558856335,1.7921856989277347,1.8305883585137974
2022-02-01,-0.0009726513331044,0.5,0.0,-0.0004863256665522,1.7522376736505696,1.0,0.0,-0.0009726513331044,1.790442527118502,1.8288078343065235
2022-02-02,0.0070442700876238,0.5,0.0,0.0035221350438119,1.7584092913660219,1.0,0.0,0.0070442700876238,1.8030548878558925,1.8416904506297411
2022-02-03,-0.0167197452229299,0.5,0.0,-0.00835987261146495,1.7437092136913854,0.5,0.5,-0.008609872611464951,1.787530814959974,1.810897855515709
2022-02-04,-0.0029496818970504,0.5,0.0,-0.0014748409485252,1.7411375199407126,0.5,0.0,-0.0014748409485252,1.7848944913173204,1.805556282893887
2022-02-07,-0.0042345843726433,1.0,0.5,-0.0044845843726433006,1.7333292418281636,1.0,0.5,-0.0044845843726433006,1.7768899813747416,1.7979105024744164
2022-02-08,0.0184667365722941,0.5,0.5,0.008983368286147049,1.7489003767686542,0.5,0.5,0.008983368286147049,1.792852438481396,1.8311120421041724
2022-02-09,0.0082937710919177,0.5,0.0,0.00414688554595885,1.756152866462398,0.5,0.0,0.00414688554595885,1.8002871923445714,1.8462988662250386
2022-02-10,-0.023598820058997,0.5,0.0,-0.0117994100294985,1.735431298716529,0.5,0.0,-0.0117994100294985,1.7790448655912432,1.8027283915058636
2022-02-11,-0.0202184522426215,0.5,0.0,-0.01010922612131075,1.7178874312998038,0.5,0.0,-0.01010922612131075,1.7610600987650245,1.7662800136157844
2022-02-14,0.0014231499051233,0.5,0.0,0.00071157495256165,1.7191098369672373,0.5,0.0,0.00071157495256165,1.7623132250212614,1.768793694849583
2022-02-15,0.0231525343439127,0.5,0.0,0.01157626717195635,1.7390107117379083,0.5,0.0,0.01157626717195635,1.7827142337547797,1.8097457516168842
2022-02-16,-0.0013889692690548,0.5,0.0,-0.0006944846345274,1.737802995519328,0.5,0.0,-0.0006944846345274,1.7814761661116838,1.8072320703830858
2022-02-17,-0.0212691973341061,0.5,0.0,-0.01063459866705305,1.7193221580995772,0.5,0.0,-0.01063459866705305,1.7625308820501657,1.7687936948495826
2022-02-18,-0.0093557555660823,-1.0,1.5,0.008605755566082299,1.7341182243315314,-1.0,1.5,0.008605755566082299,1.777698791998761,1.7522452933937425
2022-02-22,-0.0178123132098028,0.5,1.5,-0.0096561566049014,1.7173733071859727,0.5,1.5,-0.0096561566049014,1.7605330540668769,1.7210337514074103
2022-02-23,-0.0258641674780915,0.5,0.0,-0.01293208373904575,1.6951640917662418,0.5,0.0,-0.01293208373904575,1.7377656931863261,1.676520646225561
2022-02-24,0.0166802024114451,0.5,0.0,0.00834010120572255,1.709301931851879,0.5,0.0,0.00834010120572255,1.7522588349393327,1.7044853499515704
2022-02-25,0.0129654663881035,0.5,0.0,0.00648273319405175,1.720382880224152,0.5,0.0,0.00648273319405175,1.7636182614531644,1.7265847974653825
2022-02-28,0.0016378525932667,0.5,0.0,0.00081892629663335,1.7217917470050454,0.5,0.0,0.00081892629663335,1.765062534824691,1.7294126888534063
2022-03-01,-0.0116279069767443,-1.0,1.5,0.0108779069767443,1.7405212374622925,-1.0,1.5,0.0108779069767443,1.7842627208866508,1.7093032389830176
2022-03-02,0.0205882352941177,-1.0,0.0,-0.0205882352941177,1.70468697669101,-1.0,0.0,-0.0205882352941177,1.747527900162514,1.7444947762561975
2022-03-03,-0.0019812680115274,-1.0,0.0,0.0019812680115274,1.7080644184675953,-1.0,0.0,0.0019812680115274,1.7509902212903576,1.7410384645597243
2022-03-04,-0.018408229561451,0.5,1.5,-0.0099541147807255,1.6910621491932958,0.5,1.5,-0.0099541147807255,1.7335606636477054,1.7089890288287926
2022-03-07,-0.0237175951461664,0.5,0.0,-0.0118587975730832,1.6710081854825096,0.5,0.0,-0.0118587975730832,1.7130027186568475,1.668455918933791
2022-03-08,-0.0116760828625236,0.5,0.0,-0.0058380414312618,1.6612527704636852,0.5,0.0,-0.0058380414312618,1.7030021378134648,1.648974889371852
2022-03-09,0.0349974593495934,0.5,0.0,0.0174987296747967,1.6903225836155362,0.5,0.0,0.0174987296747967,1.7328025118586632,1.7066848210311438
2022-03-10,-0.027186253451979,-1.0,1.5,0.026436253451979,1.7350083798516007,-1.0,1.5,0.026436253451979,1.7786113182443848,1.6602864549239458
2022-03-11,-0.0239086550592986,-1.0,0.0,0.0239086550592986,1.776490096730465,-1.0,0.0,0.0239086550592986,1.8211355227368542,1.6205912387735435
2022-03-14,-0.0265623990176435,-1.0,0.0,0.0265623990176435,1.823677935530712,-1.0,0.0,0.0265623990176435,1.8695092511569955,1.5775444476447436
2022-03-15,0.0296773336874252,-1.0,0.0,-0.0296773336874252,1.7695560368995724,-1.0,0.0,-0.0296773336874252,1.814027201278681,1.6243617606242415
2022-03-16,0.0290154104068605,0.5,1.5,0.013757705203430249,1.7939010671961872,0.5,1.5,0.013757705203430249,1.8389840527448769,1.6714932837579644
2022-03-17,0.0064540384735884,-1.0,1.5,-0.0072040384735884,1.7809777348902947,-1.0,1.5,-0.0072040384735884,1.8257359408765872,1.682281165719683
2022-03-18,0.020918939110945,0.5,1.5,0.0097094695554725,1.7982700839861863,0.5,1.5,0.0097094695554725,1.8434628684108603,1.7174727029928627
2022-03-21,0.008537626539822,0.5,0.0,0.004268813269911,1.8059465631835903,0.5,0.0,0.004268813269911,1.8513322671661205,1.7321358435233545
2022-03-22,0.0208005804813158,0.5,0.0,0.0104002902406579,1.8247289315998183,0.5,0.0,0.0104002902406579,1.8705866600765435,1.7681652745411338
2022-03-23,0.0082336216088141,1.0,0.5,0.0079836216088141,1.8392968769283669,1.0,0.5,0.0079836216088141,1.88552071615709,1.7827236783535505
2022-03-24,0.0226778685153632,0.5,0.5,0.0110889342576816,1.8596927190769847,0.5,0.5,0.0110889342576816,1.9064291314200528,1.823152051530477
2022-03-25,0.0037341299477222,0.5,0.0,0.0018670649738611,1.8631648862149177,0.5,0.0,0.0018670649738611,1.9099885584764755,1.8299599382053484
2022-03-28,0.00503663003663,0.5,0.0,0.002518315018315,1.8678569223294699,0.5,0.0,0.002518315018315,1.9147985113480968,1.839176769395943
2022-03-29,0.0191343963553531,0.5,0.0,0.00956719817767655,1.885727079672941,0.5,0.0,0.00956719817767655,1.9331177681764842,1.874368306669123
2022-03-30,-0.0066495306213678,0.5,0.0,-0.0033247653106839,1.8794574796930272,0.5,0.0,-0.0033247653106839,1.9266906052793842,1.8619046372182055
2022-03-31,-0.0177757776902739,0.5,0.0,-0.00888788884513695,1.8627530705243545,0.5,0.0,-0.00888788884513695,1.9095663933406914,1.8288078343065246
2022-04-01,-0.001718114655518,0.5,0.0,-0.000859057327759,1.861152858849315,0.5,0.0,-0.000859057327759,1.9079259663376498,1.8256657327642765
2022-04-04,0.0236934197693763,0.5,0.0,0.01184670988468815,1.8832013968191608,0.5,0.0,0.01184670988468815,1.9305286117423153,1.8689219973292266
2022-04-05,-0.0189419412687738,1.0,0.5,-0.0191919412687738,1.8470591062141346,1.0,0.5,-0.0191919412687738,1.8934780200080694,1.833520986619897
2022-04-06,-0.0184508168627898,0.5,0.5,-0.0094754084313949,1.8295574667858283,0.5,0.5,-0.0094754084313949,1.875536542412624,1.7996910266816915
2022-04-07,0.001804108712099,0.5,0.0,0.0009020543560495,1.8312078270683851,0.5,0.0,0.0009020543560495,1.8772283783206372,1.8029378649420142
2022-04-08,-0.0119089113512256,1.0,0.5,-0.0121589113512256,1.8089423334333903,1.0,0.5,-0.0121589113512256,1.8544033248826315,1.7814668377366518
2022-04-11,-0.0255159033452878,0.5,0.5,-0.013007951672643901,1.785411698981489,0.5,0.5,-0.013007951672643901,1.830281336050968,1.736011102092128
2022-04-12,0.0115233785822019,0.5,0.0,0.00576168929110095,1.7956986864477171,0.5,0.0,0.00576168929110095,1.8408268484245949,1.7560158152444414
2022-04-13,0.0163425981152331,0.5,0.0,0.00817129905761655,1.8103718774320507,0.5,0.0,0.00817129905761655,1.8558687951163622,1.7847136759969748
2022-04-14,-0.0299882629107981,0.5,0.0,-0.01499413145539905,1.783226923518677,0.5,0.0,-0.01499413145539905,1.8280416544384144,1.7311932130606806
2022-04-18,-0.0013309940105269,0.5,0.0,-0.00066549700526345,1.7820401913413704,0.5,0.0,-0.00066549700526345,1.8268250981918888,1.728889005263032
2022-04-19,0.0141152238444297,0.5,0.0,0.00705761192221485,1.794617139441647,0.5,0.0,0.00705761192221485,1.839718120784689,1.7532926605744932
2022-04-20,-0.001015531660693,-1.0,1.5,0.00026553166069299993,1.7950936671109912,-1.0,1.5,0.00026553166069299993,1.8402066241925081,1.751512136367219
2022-04-21,-0.0048436285355498,-1.0,0.0,0.0048436285355498,1.8037884340209946,-1.0,0.0,0.0048436285355498,1.8491199015087547,1.743028462203149
2022-04-22,-0.0278211753395024,-1.0,0.0,0.0278211753395024,1.8539719483192592,-1.0,0.0,0.0278211753395024,1.9005645905123931,1.694535361734452
2022-04-25,0.0067371283762902,0.5,1.5,0.0026185641881450996,1.8588266928689536,0.5,1.5,0.0026185641881450996,1.9055413408863655,1.7059516640046206
2022-04-26,-0.0373280943025539,0.5,0.0,-0.01866404715127695,1.8241334638271953,0.5,0.0,-0.01866404715127695,1.869976227451355,1.6422717394150574
2022-04-27,-0.0014668367346939,0.5,0.0,-0.00073341836734695,1.8227956108403323,0.5,0.0,-0.00073341836734695,1.8686047525396399,1.6398627948993336
2022-04-28,0.0451555214919843,0.5,0.0,0.02257776074599215,1.8639502540307298,0.5,0.0,0.02257776074599215,1.9107936635713034,1.713911654578316
2022-04-29,-0.0366047421168417,0.5,0.0,-0.01830237105842085,1.8298355448470216,0.5,0.0,-0.01830237105842085,1.875821608924542,1.6511743604514273
2022-05-02,0.0019663812242309,-1.0,1.5,-0.0027163812242309,1.8248650139295688,-1.0,1.5,-0.0027163812242309,1.870726162326053,1.6544211987117505
2022-05-03,0.0096226892884272,0.5,1.5,0.004061344644213601,1.8322764196803045,1.0,2.0,0.008622689288427202,1.8868568527675222,1.670341179859141
2022-05-04,0.0410082768999249,0.5,0.0,0.02050413844996245,1.869845669068031,1.0,0.0,0.0410082768999249,1.9642336010563337,1.738838993480152
2022-05-05,-0.0557161787736417,0.5,0.0,-0.02785808938682085,1.817755341279574,0.5,0.5,-0.02810808938682085,1.9090227474212453,1.6419575292608328
2022-05-06,0.0032531734387957,0.5,0.0,0.00162658671939785,1.8207120779768138,0.5,0.0,0.00162658671939785,1.9121279384692291,1.6472991018826548
2022-05-09,-0.0331892166836215,0.5,0.0,-0.01659460834181075,1.7904980741395842,0.5,0.0,-0.01659460834181075,1.8803969242308984,1.5926265350475364
2022-05-10,0.0161120610285412,0.5,0.0,0.0080560305142706,1.8049223812605952,0.5,0.0,0.0080560305142706,1.895545459231443,1.6182870309758965
2022-05-11,-0.0518413047699177,0.5,0.0,-0.02592065238495885,1.758137615634107,0.5,0.0,-0.02592065238495885,1.8464116843028173,1.5343929197978698
2022-05-12,-0.0268941979522183,0.5,0.0,-0.01344709897610915,1.7344957651030546,0.5,0.0,-0.01344709897610915,1.8215828036333528,1.4931266528763438
2022-05-13,0.0319163860830529,0.5,0.0,0.01595819304152645,1.7621751833522792,0.5,0.0,0.01595819304152645,1.8506519736548588,1.5407818596004417
2022-05-16,-0.0106722860444566,0.5,0.0,-0.0053361430222283,1.75277196454369,0.5,0.0,-0.0053361430222283,1.8407766300390673,1.524338194862676
2022-05-17,0.025422564243507,0.5,0.0,0.0127112821217535,1.7750519434801049,0.5,0.0,0.0127112821217535,1.8641752611066245,1.563090780550404
2022-05-18,-0.0564191905655321,0.5,0.0,-0.02820959528276605,1.724978446548644,0.5,0.0,-0.02820959528276605,1.811587631454662,1.4749024639313044
2022-05-19,-0.0246413861667377,-1.0,1.5,0.0238913861667377,1.7661905727444371,-1.0,1.5,0.0238913861667377,1.8548689711326312,1.4385588227593002
2022-05-20,0.0017473607571896,0.5,1.5,0.00012368037859479997,1.766409015863145,0.5,1.5,0.00012368037859479997,1.8550983820292248,1.4410725039930987
2022-05-23,0.0401191947089178,0.5,0.0,0.0200595973544589,1.8018424694846455,0.5,0.0,0.0200595973544589,1.892310908625639,1.4988871723704658
2022-05-24,-0.0192159877017679,0.5,0.0,-0.00960799385088395,1.7845303781175754,0.5,0.0,-0.00960799385088395,1.8741295970516034,1.4700845748998572
2022-05-25,0.0011399259048161,0.5,0.0,0.00056996295240805,1.7855474943205492,0.5,0.0,0.00056996295240805,1.8751977814899343,1.4717603623890563
2022-05-26,0.0231995445488186,0.5,0.0,0.0115997722744093,1.8062594386398094,0.5,0.0,0.0115997722744093,1.8969496487246948,1.5059045324814868
2022-05-27,0.0407567116427873,1.0,0.5,0.040506711642787296,1.879425068872855,1.0,0.5,0.040506711642787296,1.9737888411464728,1.5672802492734013
2022-05-31,-0.0053461641272385,0.5,0.5,-0.00292308206361925,1.8739313551641166,0.5,0.5,-0.00292308206361925,1.9680192943875456,1.5589013118274064
2022-06-01,-0.0008734211233538,1.0,0.5,-0.0011234211233538001,1.8718261410960102,1.0,0.5,-0.0011234211233538001,1.9658083799410628,1.5575397344924324
2022-06-02,0.0168112433595588,0.5,0.5,0.0081556216797794,1.8870920469531105,0.5,0.5,0.0081556216797794,1.9818407693828022,1.5837239140111674
2022-06-03,-0.0385556510812777,1.0,0.5,-0.0388056510812777,1.8138622114207938,1.0,0.5,-0.0388056510812777,1.9049341479874822,1.5226624073734774
2022-06-06,0.0052276791855825,0.5,0.5,0.0023638395927912496,1.8181498907320182,0.5,0.5,0.0023638395927912496,1.909437106748155,1.5306223979471727
2022-06-07,0.0175858765567265,0.5,0.0,0.00879293827836325,1.8341367705020375,0.5,0.0,0.00879293827836325,1.9262266693742078,1.5575397344924324
2022-06-08,-0.0050433730078676,0.5,0.0,-0.0025216865039338,1.8295116525614938,0.5,0.0,-0.0025216865039338,1.9213693295785295,1.549684480636812
2022-06-09,-0.0359556636928901,0.5,0.0,-0.01797783184644505,1.7966209997106315,0.5,0.0,-0.01797783184644505,1.8868272748564496,1.4939645466209437
2022-06-10,-0.0386287156477845,0.5,0.0,-0.01931435782389225,1.7619204188483013,0.5,0.0,-0.01931435782389225,1.8503844177179927,1.436254614961652
2022-06-13,-0.0382848392036753,0.5,0.0,-0.01914241960183765,1.7281929988856617,0.5,0.0,-0.01914241960183765,1.814963582769333,1.3812678379723085
2022-06-14,0.0066727327873823,0.5,0.0,0.00333636639369115,1.7339588839289561,0.5,0.0,0.00333636639369115,1.821018966272658,1.390484669162903
2022-06-15,0.0201114793612535,0.5,0.0,0.01005573968062675,1.7513951230826557,0.5,0.0,0.01005573968062675,1.8393306589509797,1.418449372888912
2022-06-16,-0.0396514804696153,0.5,0.0,-0.01982574023480765,1.71667241832391,0.5,0.0,-0.01982574023480765,1.8028645671007,1.3622057552826692
2022-06-17,0.0115331385514378,0.5,0.0,0.0057665692757189,1.7265717287478908,0.5,0.0,0.0057665692757189,1.8132609105216253,1.3779162629939103
2022-06-21,0.0327607175433262,0.5,0.0,0.0163803587716631,1.7548535931097917,0.5,0.0,0.0163803587716631,1.842962774782602,1.4230577884842095
2022-06-22,-0.0038271877529992,-1.0,1.5,0.0030771877529991998,1.7602536070948158,-1.0,1.5,0.0030771877529991998,1.8486339172623965,1.4176114791443126
2022-06-23,0.0215736978204654,0.5,1.5,0.0100368489102327,1.7779210065929185,0.5,1.5,0.0100368489102327,1.8671883765802908,1.448194600822195
2022-06-24,0.0245172488609242,0.5,0.0,0.0122586244304621,1.7997158724797702,0.5,0.0,0.0122586244304621,1.8900775376297128,1.4837003482495996
2022-06-27,0.0,0.5,0.0,0.0,1.7997158724797702,0.5,0.0,0.0,1.8900775376297128,1.4837003482495996
2022-06-28,-0.0297896371593957,0.5,0.0,-0.01489481857969785,1.7729094310641813,0.5,0.0,-0.01489481857969785,1.861925175605156,1.439501453221975
2022-06-29,0.0130238649592548,0.5,0.0,0.0065119324796274,1.784454497571766,0.5,0.0,0.0065119324796274,1.8740499066308154,1.4582493257573892
2022-06-30,-0.0180277239100767,0.5,0.0,-0.00901386195503835,1.7683696710656067,0.5,0.0,-0.00901386195503835,1.8571574794755927,1.4319604095205796
2022-07-01,0.0161644236395552,0.5,0.0,0.0080822118197776,1.7826620093228294,0.5,0.0,0.0080822118197776,1.8721674196073987,1.4551072242151413
2022-07-05,0.0189303966026055,1.0,0.5,0.0186803966026055,1.8159628426653773,1.0,0.5,0.0186803966026055,1.9071402495121414,1.4826529810688505
2022-07-06,0.0096072336818309,0.5,0.5,0.00455361684091545,1.8242320416482152,0.5,0.5,0.00455361684091545,1.9158246354703077,1.496897174727042
2022-07-07,0.0239994402462917,1.0,0.5,0.0237494402462917,1.8675565315167102,1.0,0.5,0.0237494402462917,1.9613243981727833,1.5328218690267468
2022-07-08,0.0047147249743764,0.5,0.5,0.0021073624871882,1.8714921500939317,0.5,0.5,0.0021073624871882,1.9654576196346993,1.5400487025739176
2022-07-11,-0.0147578890097931,0.5,0.0,-0.00737894450489655,1.8576825133770392,0.5,0.0,-0.00737894450489655,1.9509546169326888,1.5173208347516558
2022-07-12,0.0068337129840547,0.5,0.0,0.00341685649202735,1.8640299479329971,0.5,0.0,0.00341685649202735,1.957620748881206,1.527689769841075
2022-07-13,-0.0025366790072672,1.0,0.5,-0.0027866790072672,1.858835494808175,1.0,0.5,-0.0027866790072672,1.9521654882361081,1.5238145112723023
2022-07-14,0.0204825073888239,0.5,0.5,0.00999125369441195,1.8774075918129813,0.5,0.5,0.00999125369441195,1.9716700688825508,1.5550260532586344
2022-07-15,0.011450124604297,1.0,0.5,0.011200124604297,1.8984347907743397,1.0,0.5,0.011200124604297,1.993753019332598,1.5728312953313741
2022-07-18,-0.020643270959579,0.5,0.5,-0.010571635479789501,1.8783652301841232,0.5,0.5,-0.010571635479789501,1.9726757891754843,1.540362912728143
2022-07-19,0.0267219691303461,0.5,0.0,0.01336098456517305,1.9034620390323709,0.5,0.0,0.01336098456517305,1.9990326799467484,1.5815244429315947
2022-07-20,0.0135099337748343,1.0,0.5,0.013259933774834299,1.9287018196128511,1.0,0.5,0.013259933774834299,2.0255397208965715,1.6028907334188822
2022-07-21,0.0150940930475693,0.5,0.5,0.00729704652378465,1.9427756465210744,0.5,0.5,0.00729704652378465,2.040320178475728,1.6270849152941935
2022-07-22,-0.0081107177341486,0.5,0.0,-0.0040553588670743,1.934896994076219,0.5,0.0,-0.0040553588670743,2.0320459479482755,1.6138880888167513
2022-07-25,-0.0073982737361283,0.5,0.0,-0.00369913686806415,1.9277395452695254,0.5,0.0,-0.00369913686806415,2.02452913186462,1.601948102956208
2022-07-26,-0.0088264138607387,0.5,0.0,-0.00441320693036935,1.9192320317483949,0.5,0.0,-0.00441320693036935,2.0155944658691403,1.5878086460160912
2022-07-27,0.0342348284960423,1.0,0.5,0.0339848284960423,1.9844568031914747,1.0,0.5,0.0339848284960423,2.084094098109275,1.6421670026969852
2022-07-28,0.0035716563556349,1.0,0.0,0.0035716563556349,1.9915446009450766,1.0,0.0,0.0035716563556349,2.091537766040528,1.6480322589091818
2022-07-29,0.0327931363203051,1.0,0.0,0.0327931363203051,2.056853594531836,1.0,0.0,0.0327931363203051,2.1601258491213615,1.702076405435851
2022-08-01,-0.0061534674789244,0.5,0.5,-0.0033267337394622,2.050010990281773,0.5,0.5,-0.0033267337394622,2.152939685577605,1.691602733628357
2022-08-02,-0.0092873506284441,0.5,0.0,-0.00464367531422205,2.0404914048523177,0.5,0.0,-0.00464367531422205,2.142942132706679,1.6758922259171158
2022-08-03,0.0382476095244046,0.5,0.0,0.0191238047622023,2.0795133640976653,0.5,0.0,0.0191238047622023,2.183923339669259,1.739991097378979
2022-08-04,-0.0019262023716366,0.5,0.0,-0.0009631011858183,2.0775105823107776,0.5,0.0,-0.0009631011858183,2.1818200005110873,1.7366395224005808
2022-08-05,-0.0027742596948314,0.5,0.0,-0.0013871298474157,2.0746288053737323,0.5,0.0,-0.0013871298474157,2.1787935328666896,1.7318216333691336
2022-08-08,-0.0029029331720592,1.0,0.5,-0.0031529331720592003,2.0680876393935597,1.0,0.5,-0.0031529331720592003,2.171923942461846,1.7267942709015365
2022-08-09,0.0003032692424334,0.5,0.5,-9.83653787833e-05,2.0678842111695537,0.5,0.5,-9.83653787833e-05,2.1717103003405573,1.727317954491911
2022-08-10,0.0261945185544507,0.5,0.0,0.01309725927722535,2.094967826838522,0.5,0.0,0.01309725927722535,2.2001537532191384,1.7725642167002853
2022-08-11,-0.0044315764594659,0.5,0.0,-0.00221578822973295,2.090325821786144,0.5,0.0,-0.00221578822973295,2.195278678429153,1.7647089628446646
2022-08-12,0.0214256038934059,0.5,0.0,0.01071280194670295,2.112719068319018,0.5,0.0,0.01071280194670295,2.2187962641289842,1.8025189180697176
2022-08-15,0.0063335270191748,0.5,0.0,0.0031667635095874,2.11940954997058,0.5,0.0,0.0031667635095874,2.2258226671734365,1.8139352203398862
2022-08-16,-0.0009238408684103,0.5,0.0,-0.00046192043420515,2.118430551390999,0.5,0.0,-0.00046192043420515,2.224794514200552,1.8122594328506874
2022-08-17,0.0087846038259262,0.5,0.0,0.0043923019129631,2.1277353379543533,0.5,0.0,0.0043923019129631,2.234566483401225,1.8281794139980785
2022-08-18,-0.0022916069894013,1.0,0.5,-0.0025416069894012997,2.122327470947812,1.0,0.5,-0.0025416069894012997,2.2288870936087304,1.8239899452750807
2022-08-19,-0.0151019236290553,1.0,0.0,-0.0151019236290553,2.0902762435657123,1.0,0.0,-0.0151019236290553,2.1952266109432643,1.7964441884213718
2022-08-22,-0.0230293843283583,1.0,0.0,-0.0230293843283583,2.0421384686002004,1.0,0.0,-0.0230293843283583,2.144671893632012,1.7550731847817702
2022-08-23,-0.002029002804798,0.5,0.5,-0.001264501402399,2.0395561816427628,0.5,0.5,-0.001264501402399,2.1419599530148288,1.7515121363672221
2022-08-24,0.0017939364946482,0.5,0.0,0.0008969682473241,2.04138559877633,0.5,0.0,0.0008969682473241,2.143881223079723,1.7546542379094705
2022-08-25,0.0149227004118666,0.5,0.0,0.0074613502059333,2.056617091634149,0.5,0.0,0.0074613502059333,2.1598774716850455,1.7808384174282057
2022-08-26,-0.0376992295477268,0.5,0.0,-0.0188496147738634,2.017850651719502,0.5,0.0,-0.0188496147738634,2.1191646133850366,1.7137021811421693
2022-08-29,-0.0136902579146803,-1.0,1.5,0.012940257914680299,2.043962159586058,-1.0,1.5,0.012940257914680299,2.1465871500459026,1.690241156293383
2022-08-30,-0.0153054901474779,0.5,1.5,-0.00840274507373895,2.0267872666186877,0.5,1.5,-0.00840274507373895,2.128549925445503,1.6643711869288729
2022-08-31,-0.010634950600969,0.5,0.0,-0.0053174753004845,2.016009875389106,0.5,0.0,-0.0053174753004845,2.117231413791098,1.6466706815742083
2022-09-01,0.0047067803078488,0.5,0.0,0.0023533901539244,2.020754333180061,0.5,0.0,0.0023533901539244,2.1222140853538933,1.6544211987117539
2022-09-02,-0.0136110407698152,0.5,0.0,-0.0068055203849076,2.007002048372714,0.5,0.0,-0.0068055203849076,2.1077713141348795,1.6319028043256416
2022-09-06,-0.0082151338168281,0.5,0.0,-0.00410756690841405,1.9987581531736989,0.5,0.0,-0.00410756690841405,2.0991135024344345,1.6184965044120494
2022-09-07,0.0092538665631269,0.5,0.0,0.00462693328156345,2.008006273794414,0.5,0.0,0.00462693328156345,2.1088259605606274,1.633473855096766
2022-09-08,-0.0096178507309566,0.5,0.0,-0.0048089253654783,1.9983499214903246,0.5,0.0,-0.0048089253654783,2.0986847739075083,1.617763347385525
2022-09-09,0.0188398290819629,0.5,0.0,0.00941991454098145,2.0171742069737406,0.5,0.0,0.00941991454098145,2.118454205126176,1.6482417323453327
2022-09-12,0.0385079748363728,0.5,0.0,0.0192539874181864,2.056012853775103,0.5,0.0,0.0192539874181864,2.159242895737679,1.7117121834987463
2022-09-13,-0.0586795569968794,0.5,0.0,-0.0293397784984397,1.9956898920553965,0.5,0.0,-0.0293397784984397,2.095891187452406,1.6112696708648786
2022-09-14,0.0095553822152885,-1.0,1.5,-0.0103053822152885,1.9751235449345776,-1.0,1.5,-0.0103053822152885,2.074292227684054,1.6266659684218947
2022-09-15,-0.0189298821711415,-1.0,0.0,0.0189298821711415,2.0125124009136366,-1.0,0.0,0.0189298821711415,2.1135583351426277,1.5958733733078625
2022-09-16,-0.0109601627616986,-1.0,0.0,0.0109601627616986,2.034569864387587,-1.0,0.0,0.0109601627616986,2.1367232785021355,1.5783823413893472
2022-09-19,0.0250829462508295,0.5,1.5,0.01179147312541475,2.058560440265292,0.5,1.5,0.01179147312541475,2.1619183936170416,1.6179728208216746
2022-09-20,0.0156654583117556,0.5,0.0,0.0078327291558778,2.0746845866448944,0.5,0.0,0.0078327291558778,2.178852114851354,1.6433191065958104
2022-09-21,-0.0202676864244741,0.5,0.0,-0.01013384321223705,2.0536600583289903,0.5,0.0,-0.01013384321223705,2.1567719691367992,1.6100128302479797
2022-09-22,-0.006375227686703,0.5,0.0,-0.0031876138433515,2.047113783097523,0.5,0.0,-0.0031876138433515,2.149897012951026,1.5997486318766359
2022-09-23,-0.0151237396883593,-1.0,1.5,0.0143737396883593,2.0765384637282187,-1.0,1.5,0.0143737396883593,2.1807990729719653,1.5755544500013245
2022-09-26,0.0022601874626071,0.5,1.5,0.00038009373130355,2.0773277429810926,0.5,1.5,0.00038009373130355,2.181627981028835,1.5791154984158724
2022-09-27,0.006566293029117,0.5,0.0,0.0032831465145585,2.0841479143200563,0.5,0.0,0.0032831465145585,2.1887905853308127,1.5894844335052911
2022-09-28,-0.0126515550869793,0.5,0.0,-0.00632577754348965,2.07096405824634,0.5,0.0,-0.00632577754348965,2.1749447829987254,1.5693749836349027
2022-09-29,-0.0491190603310198,0.5,0.0,-0.0245595301655099,2.020102153986152,0.5,0.0,-0.0245595301655099,2.12152916099235,1.4922887591317469
2022-09-30,-0.0300393037619315,0.5,0.0,-0.01501965188096575,1.9897609228692907,0.5,0.0,-0.01501965188096575,2.0896645315389275,1.4474614437956723
2022-10-03,0.030752532561505,0.5,0.0,0.0153762662807525,2.0203560166543646,0.5,0.0,0.0153762662807525,2.1217957698133136,1.4919745489775218
2022-10-04,0.0256230256230256,0.5,0.0,0.0128115128115128,2.046239833645549,0.5,0.0,0.0128115128115128,2.1489791835016905,1.530203451074875
2022-10-05,0.002053388090349,0.5,0.0,0.0010266940451745,2.0483406958977515,0.5,0.0,0.0010266940451745,2.1511855276325953,1.5333455526171231
2022-10-06,-0.0066256830601092,0.5,0.0,-0.0033128415300546,2.0415548677726805,0.5,0.0,-0.0033128415300546,2.1440589908778014,1.523186090963854
2022-10-07,-0.0367186962799972,-1.0,1.5,0.0359686962799972,2.114986934750546,-1.0,1.5,0.0359686962799972,2.2211779975270822,1.467256683511836
2022-10-10,0.0023556285245198,0.5,1.5,0.0004278142622598999,2.115891756325725,0.5,1.5,0.0004278142622598999,2.222128249153442,1.470712995208309
2022-10-11,-0.010254949437402,0.5,0.0,-0.005127474718701,2.105042574837657,0.5,0.0,-0.005127474718701,2.2107343427341966,1.4556309078055176
2022-10-12,-0.0046049791336881,0.5,0.0,-0.00230248956684405,2.100195736271331,0.5,0.0,-0.00230248956684405,2.205644149974987,1.4489277578487219
2022-10-13,0.0336128379355211,0.5,0.0,0.01680641896776055,2.1354925057294114,0.5,0.0,0.01680641896776055,2.2427131296532568,1.497630331753569
2022-10-14,-0.0322400167843905,0.5,0.0,-0.01612000839219525,2.1010683486155832,0.5,0.0,-0.01612000839219525,2.2065605751819595,1.4493467047210218
2022-10-17,0.0291227055932938,-1.0,1.5,-0.029872705593293802,2.038303752406002,-1.0,1.5,-0.029872705593293802,2.14064464074578,1.4915556021052228
2022-10-18,0.0094094515834561,0.5,1.5,0.00395472579172805,2.046364684827018,0.5,1.5,0.00395472579172805,2.1491103033174617,1.5055903223272646
2022-10-19,0.0007652173913044,0.5,0.0,0.0003826086956522,2.047147641749908,0.5,0.0,0.0003826086956522,2.149932571607427,1.5067424262260891
2022-10-20,-0.0032670652022801,0.5,0.0,-0.00163353260114005,2.043803559337763,0.5,0.0,-0.00163353260114005,2.146420586661453,1.5018198004765666
2022-10-21,0.0270590696701304,0.5,0.0,0.0135295348350652,2.0714552707898535,0.5,0.0,0.0135295348350652,2.1754606587593903,1.5424576470896434
2022-10-24,0.0148027432606774,0.5,0.0,0.0074013716303387,2.0867868810645933,0.5,0.0,0.0074013716303387,2.19156205156205,1.56529025162998
2022-10-25,0.0193375710940115,0.5,0.0,0.00966878554700575,2.1069635758999117,0.5,0.0,0.00966878554700575,2.212751795051559,1.595559163153638
2022-10-26,-0.0196271497965079,0.5,0.0,-0.00981357489825395,2.086286731039925,0.5,0.0,-0.00981357489825395,2.1910367895795746,1.5642428844492309
2022-10-27,-0.030465349849347,0.5,0.0,-0.0152326749246735,2.054507003466334,0.5,0.0,-0.0152326749246735,2.1576614384159085,1.5165876777251333
2022-10-28,0.0755524861878453,0.5,0.0,0.03777624309392265,2.1321185594674446,0.5,0.0,0.03777624309392265,2.2391697814278904,1.631169647299118
2022-10-31,-0.0154102992166431,0.5,0.0,-0.00770514960832155,2.115690266984069,0.5,0.0,-0.00770514960832155,2.2219166432635555,1.6060328349611324
2022-11-01,-0.0175427155341072,0.5,0.0,-0.0087713577670536,2.0971327907280783,0.5,0.0,-0.0087713577670536,2.20242741745692,1.5778586577989735
2022-11-02,-0.0373050116163292,0.5,0.0,-0.0186525058081646,2.0580160091685307,0.5,0.0,-0.0186525058081646,2.161346627260744,1.5189966222408573
2022-11-03,-0.0424050196511066,0.5,0.0,-0.0212025098255533,2.014380904512989,0.5,0.0,-0.0212025098255533,2.1155206541598215,1.4545835406247694
2022-11-04,-0.0036002304147465,0.5,0.0,-0.00180011520737325,2.010754786813333,0.5,0.0,-0.00180011520737325,2.1117124732587564,1.4493467047210222
2022-11-07,0.003902298019945,0.5,0.0,0.0019511490099725,2.0146780690249213,0.5,0.0,0.0019511490099725,2.1158327389603016,1.4550024874970688
2022-11-08,0.0041750647854881,0.5,0.0,0.00208753239274405,2.0188837747549617,0.5,0.0,0.00208753239274405,2.12024960834051,1.4610772171454154
2022-11-09,-0.033189964157706,0.5,0.0,-0.016594982078853,1.985380434693616,0.5,0.0,-0.016594982078853,2.085064104087404,1.4125841166767181
2022-11-10,0.0889745681026172,0.5,0.0,0.0444872840513086,2.0737046180417416,0.5,0.0,0.0444872840513086,2.177822943151128,1.5382681783666463
2022-11-11,0.0192687410635254,1.0,0.5,0.0190187410635254,2.113143869214514,1.0,0.5,0.0190187410635254,2.219242393789124,1.5679086695818543
2022-11-14,-0.0094856379425516,0.5,0.5,-0.0049928189712758,2.1025933244152646,0.5,0.5,-0.0049928189712758,2.2081621182635542,1.553036055615213
2022-11-15,0.0118694362017803,0.5,0.0,0.00593471810089015,2.1150716230764828,0.5,0.0,0.00593471810089015,2.221266937956513,1.5714697179964023
2022-11-16,-0.0083311117035457,1.0,0.5,-0.0085811117035457,2.0969219572178637,1.0,0.5,-0.0085811117035457,2.202205998238515,1.5583776282370347
2022-11-17,0.0129713018348007,0.5,0.5,0.00623565091740035,2.109997630544106,0.5,0.5,0.00623565091740035,2.2159381860917358,1.5785918148254983
2022-11-18,0.0037818471337578,0.5,0.0,0.0018909235668789,2.1139874747897607,0.5,0.0,0.0018909235668789,2.2201283558305636,1.5845618077557697
2022-11-21,-0.021680216802168,0.5,0.0,-0.010840108401084,2.091071621404506,0.5,0.0,-0.010840108401084,2.1960619237890397,1.5502081642271894
2022-11-22,0.0146611715424633,1.0,0.5,0.0144111715424633,2.121206413248143,1.0,0.5,0.0144111715424633,2.2277097488906357,1.5729360320494514
2022-11-23,0.0059262218670927,0.5,0.5,0.00271311093354635,2.1269614815602353,0.5,0.5,0.00271311093354635,2.2337537725671184,1.582257599958121
2022-11-25,-0.0195935658966041,0.5,0.0,-0.00979678294830205,2.106124101585991,0.5,0.0,-0.00979678294830205,2.2118701716973277,1.5512555314079388
2022-11-28,-0.0262642630477348,0.5,0.0,-0.0131321315238674,2.078466202878377,0.5,0.0,-0.0131321315238674,2.182823601688879,1.5105129480767872
2022-11-29,-0.0211482457356816,0.5,0.0,-0.0105741228678408,2.0564882458724867,0.5,0.0,-0.0105741228678408,2.159742156725798,1.4785682490639303
2022-11-30,0.0485938938868033,0.5,0.0,0.02429694694340165,2.1064546316721793,0.5,0.0,0.02429694694340165,2.2122172973191927,1.5504176376633394
2022-12-01,0.0018915084780111,0.5,0.0,0.00094575423900555,2.108446820069356,0.5,0.0,0.00094575423900555,2.2143095112057334,1.5533502657694376
2022-12-02,-0.0033713168363562,1.0,0.5,-0.0036213168363562,2.100811466101277,1.0,0.5,-0.0036213168363562,2.2062907948919004,1.5481134298656907
2022-12-05,-0.0079832217035383,0.5,0.5,-0.00424161085176915,2.091900641389141,0.5,0.5,-0.00424161085176915,2.1969325679141285,1.5357544971328478
2022-12-06,-0.0253699788583509,0.5,0.0,-0.01268498942917545,2.0653649038662345,0.5,0.0,-0.01268498942917545,2.169064501513527,1.49679243800897
2022-12-07,-0.0137848995871527,0.5,0.0,-0.00689244979357635,2.0511294799609217,0.5,0.0,-0.00689244979357635,2.154114333337816,1.476159304548207
2022-12-08,0.01213282247765,0.5,0.0,0.006066411238825,2.063572474890442,0.5,0.0,0.006066411238825,2.1671820767392904,1.494069283339022
2022-12-09,-0.003434980722047,0.5,0.0,-0.0017174903610235,2.060028309055544,0.5,0.0,-0.0017174903610235,2.1634599624119075,1.4889371841533499
2022-12-12,0.0163899831176139,0.5,0.0,0.00819499155880695,2.0769102236591572,0.5,0.0,0.00819499155880695,2.1811894985416895,1.513340839464811
2022-12-13,0.0067824762959374,0.5,0.0,0.0033912381479687,2.083953520839536,0.5,0.0,0.0033912381479687,2.1885864315770927,1.523605037836155
2022-12-14,-0.0155358493160101,0.5,0.0,-0.00776792465800505,2.0677655268988704,0.5,0.0,-0.00776792465800505,2.1715856570690697,1.4999345395512185
2022-12-15,-0.0468542699532156,-1.0,1.5,0.0461042699532156,2.163098346950969,-1.0,1.5,0.0461042699532156,2.2717050284291136,1.4296562017229335
2022-12-16,-0.0145787545787546,0.5,1.5,-0.0080393772893773,2.1457083832258017,0.5,1.5,-0.0080393772893773,2.253441934615396,1.4088135948260203
2022-12-19,-0.01590959779942,0.5,0.0,-0.00795479889971,2.1286397045398187,0.5,0.0,-0.00795479889971,2.2355162571933573,1.3863999371579832
2022-12-20,-0.0005288207297725,0.5,0.0,-0.00026441036488625,2.12807687013883,0.5,0.0,-0.00026441036488625,2.2349251635240837,1.3856667801314588
2022-12-21,0.0238095238095237,0.5,0.0,0.01190476190476185,2.1534111185928637,0.5,0.0,0.01190476190476185,2.261531415470799,1.418658846325065
2022-12-22,-0.0237726098191214,0.5,0.0,-0.0118863049095607,2.127815017441631,0.5,0.0,-0.0118863049095607,2.2346501635039626,1.384933623104934
2022-12-23,-0.0027981547303937,-1.0,1.5,0.0020481547303937003,2.1321731118350065,-1.0,1.5,0.0020481547303937003,2.239227072807118,1.3810583645361618
2022-12-27,-0.013878355831943,0.5,1.5,-0.0076891779159715,2.1157784534304565,0.5,1.5,-0.0076891779159715,2.2220092574500443,1.3618915451284477
2022-12-28,-0.0306852264861954,-1.0,1.5,0.0299352264861954,2.1791147606285093,-1.0,1.5,0.0299352264861954,2.288525607826234,1.3201015946165466
2022-12-29,0.0283243414788956,-1.0,0.0,-0.0283243414788956,2.1173927700267656,-1.0,0.0,-0.0283243414788956,2.223704627026967,1.3574926029693004
2022-12-30,0.0024689452974306,-1.0,0.0,-0.0024689452974306,2.1121650431043943,-1.0,0.0,-0.0024689452974306,2.218214421945194,1.3608441779476985
2023-01-03,-0.0374047564072963,-1.0,0.0,0.0374047564072963,2.191170062033721,-1.0,0.0,0.0374047564072963,2.3011861920572056,1.3099421329632774
2023-01-04,0.0103142240345406,0.5,1.5,0.0044071120172703,2.2008267939459927,0.5,1.5,0.0044071120172703,2.3113277773781977,1.3234531695949447
2023-01-05,-0.0106046217157328,0.5,0.0,-0.0053023108578664,2.18915732614017,0.5,0.0,-0.0053023108578664,2.299072399008117,1.3094184493729026
2023-01-06,0.0367941129419293,0.5,0.0,0.01839705647096465,2.2294313770929963,0.5,0.0,0.01839705647096465,2.3413685637635053,1.3575973396873753
2023-01-09,0.0040888751735843,0.5,0.0,0.00204443758679215,2.233989310397499,0.5,0.0,0.00204443758679215,2.3461553456597968,1.3631483857453472
2023-01-10,0.0044563964656165,0.5,0.0,0.00222819823280825,2.2389670814310394,0.5,0.0,0.00222819823280825,2.35138304485489,1.3692231153936938
2023-01-11,0.0211122160177466,0.5,0.0,0.0105561080088733,2.262601859770937,0.5,0.0,0.0105561080088733,2.376204498246611,1.3981304495823774
2023-01-12,-0.0005992958274029,0.5,0.0,-0.00029964791370145,2.26192387584412,0.5,0.0,-0.00029964791370145,2.3754924735261835,1.3972925558377778
2023-01-13,0.0101191814706542,1.0,0.5,0.009869181470654199,2.284247213047631,1.0,0.5,0.009869181470654199,2.3989366398295866,1.4114320127778945
2023-01-17,0.0087563075096468,0.5,0.5,0.0041281537548234,2.293676936757118,0.5,0.5,0.0041281537548234,2.4088398191268827,1.4237909455107376
2023-01-18,-0.0053700161836103,0.5,0.0,-0.00268500809180515,2.2875183956219383,0.5,0.0,-0.00268500809180515,2.4023720647206646,1.416145165091267
2023-01-19,0.0004437541601953,0.5,0.0,0.00022187708009765,2.2880259435242287,0.5,0.0,0.00022187708009765,2.402905096019693,1.416773585399717
2023-01-20,0.0192208176240111,0.5,0.0,0.00961040881200555,2.310014808213971,0.5,0.0,0.00961040881200555,2.425997996328894,1.4440051320992013
2023-01-23,0.023500398926525,0.5,0.0,0.0117501994632625,2.337157942973575,0.5,0.0,0.0117501994632625,2.4545039566832334,1.477939828755482
2023-01-24,0.0100630713627665,0.5,0.0,0.00503153568138325,2.348917436556675,0.5,0.0,0.00503153568138325,2.4668538809213816,1.4928124427221232
2023-01-25,-0.0047007647512803,0.5,0.0,-0.00235038237564015,2.3433965824119585,0.5,0.0,-0.00235038237564015,2.4610558310363846,1.4857950826111024
2023-01-26,0.0148033272240235,0.5,0.0,0.00740166361201175,2.36074161562451,0.5,0.0,0.00740166361201175,2.479271738428096,1.5077897934068396
2023-01-27,0.0136843567657682,1.0,0.5,0.0134343567657682,2.392456660720606,1.0,0.5,0.0134343567657682,2.512579159481425,1.5284229268676028
2023-01-30,-0.0200781196464058,1.0,0.0,-0.0200781196464058,2.344420629637817,1.0,0.0,-0.0200781196464058,2.462131294496291,1.4977350684716453
2023-01-31,0.0090209790209789,0.5,0.5,0.0042604895104894494,2.3544090091385637,0.5,0.5,0.0042604895104894494,2.4726211790499404,1.5112461051033126
2023-02-01,0.0079007554231063,0.5,0.0,0.00395037771155315,2.3637098140121444,0.5,0.0,0.00395037771155315,2.4823889666447734,1.523186090963856
2023-02-02,0.0370625042976,0.5,0.0,0.0185312521488,2.4075123165821966,0.5,0.0,0.0185312521488,2.5283907425170664,1.5796391820062485
2023-02-03,0.0243999469566371,0.5,0.0,0.01219997347831855,2.4368839029932245,0.5,0.0,0.01219997347831855,2.5592370425186006,1.6181822942578268
2023-02-06,-0.0179288025889968,1.0,0.5,-0.0181788025889968,2.3925842715884067,1.0,0.5,-0.0181788025889968,2.5127131775442066,1.5891702233510683
2023-02-07,0.0192447109998024,1.0,0.0,0.0192447109998024,2.4386288644377982,1.0,0.0,0.0192447109998024,2.56106961647144,1.619753345028951
2023-02-08,-0.0176527643064986,1.0,0.0,-0.0176527643064986,2.3955803238628532,1.0,0.0,-0.0176527643064986,2.515859658159335,1.5911602209944922
2023-02-09,-0.0069115323854659,0.5,0.5,-0.0037057661927329504,2.386702863286706,0.5,0.5,-0.0037057661927329504,2.5065364704924673,1.5801628655966236
2023-02-10,0.0009279512162787,0.5,0.0,0.00046397560813935,2.387810235199147,0.5,0.0,0.00046397560813935,2.5076994422756873,1.5816291796496724
2023-02-13,0.0188067015429442,0.5,0.0,0.0094033507714721,2.4102636524164356,0.5,0.0,0.0094033507714721,2.5312802197608306,1.6113744075829557
2023-02-14,-0.0042248943776406,0.5,0.0,-0.0021124471888203,2.4051720977395727,0.5,0.0,-0.0021124471888203,2.5259330239764806,1.6045665209080844
2023-02-15,0.0139033942558748,0.5,0.0,0.0069516971279374,2.4218921257036237,0.5,0.0,0.0069516971279374,2.5434925453246198,1.626875441858047
2023-02-16,-0.0104294083564024,0.5,0.0,-0.0052147041782012,2.4092626747165644,0.5,0.0,-0.0052147041782012,2.5302289841212917,1.6099080935299068
2023-02-17,-0.0075466788107474,0.5,0.0,-0.0037733394053737,2.4001717089281605,0.5,0.0,-0.0037733394053737,2.520681571390888,1.597758634233214
2023-02-21,-0.0266797771222551,0.5,0.0,-0.01333988856112755,2.3681536858034877,0.5,0.0,-0.01333988856112755,2.4870559601304456,1.555130789976713
2023-02-22,0.0028960129310344,0.5,0.0,0.0014480064655172,2.3715827876518696,0.5,0.0,0.0014480064655172,2.4906572332408174,1.5596344688539354
2023-02-23,0.0032905782015983,0.5,0.0,0.00164528910079915,2.3754847269640362,0.5,0.0,0.00164528910079915,2.494755084440495,1.5647665680396077
2023-02-24,-0.0180053547523426,0.5,0.0,-0.0090026773761713,2.3540990043551564,0.5,0.0,-0.0090026773761713,2.4722956092827144,1.536592390877449
2023-02-27,0.0082475632199576,-1.0,1.5,-0.0089975632199576,2.3329178497374317,-1.0,1.5,-0.0089975632199576,2.4500509732397697,1.5492655337645167
2023-02-28,-0.0034478096268252,0.5,1.5,-0.0024739048134126,2.3271464330396703,0.5,1.5,-0.0024739048134126,2.4439897803439656,1.543923961142695
2023-03-01,-0.0142459805983311,0.5,0.0,-0.00712299029916555,2.310570191572391,0.5,0.0,-0.00712299029916555,2.4265812648473157,1.5219292503469575
2023-03-02,0.0041291032964008,0.5,0.0,0.0020645516482004,2.315340483069684,0.5,0.0,0.0020645516482004,2.4315910671971483,1.528213453431454
2023-03-03,0.0350901240490713,0.5,0.0,0.01754506202453565,2.35596327545306,0.5,0.0,0.01754506202453565,2.474253483289429,1.5818386530858233
2023-03-06,0.0185393630404555,1.0,0.5,0.0182893630404555,2.3990523431078015,1.0,0.5,0.0182893630404555,2.519506003499421,1.6111649341468066
2023-03-07,-0.0144965221348242,0.5,0.5,-0.0074982610674121,2.3810636223247923,0.5,0.5,-0.0074982610674121,2.5006140897242704,1.5878086460160947
2023-03-08,0.0083773087071241,0.5,0.0,0.00418865435356205,2.391037074832551,0.5,0.0,0.00418865435356205,2.5110882978177727,1.6011102092116123
2023-03-09,-0.0149146333485968,0.5,0.0,-0.0074573166742984,2.3732063541855366,0.5,0.0,-0.0074573166742984,2.4923623171838205,1.577230237490526
2023-03-10,-0.0138787436084734,0.5,0.0,-0.0069393718042367,2.3567377929256663,0.5,0.0,-0.0069393718042367,2.475066888394013,1.5553402634128635
2023-03-13,0.0132659932659933,0.5,0.0,0.00663299663299665,2.372370026770998,0.5,0.0,0.00663299663299665,2.4914839987311717,1.5759733968736267
2023-03-14,0.0140891872133981,1.0,0.5,0.0138391872133981,2.405201699710936,1.0,0.5,0.0138391872133981,2.525964112228798,1.5981775811055143
2023-03-15,0.0026214037617144,0.5,0.5,0.0010607018808572,2.4077529016776604,0.5,0.5,0.0010607018808572,2.528643407113617,1.602367049828512
2023-03-16,0.018694032289692,0.5,0.0,0.009347016144846,2.430258206922441,0.5,0.0,0.009347016144846,2.5522786778644657,1.6323217511979449
2023-03-17,-0.0054539621430862,0.5,0.0,-0.0027269810715431,2.4236309387932016,0.5,0.0,-0.0027269810715431,2.5453186622206263,1.623419130161575
2023-03-20,0.015483870967742,0.5,0.0,0.007741935483871,2.442394533158052,0.5,0.0,0.007741935483871,2.5650243550894314,1.6485559424995608
2023-03-21,0.0119440914866582,0.5,0.0,0.0059720457433291,2.456980625033329,0.5,0.0,0.0059720457433291,2.5803427978707782,1.6682464454976496
2023-03-22,-0.0091034655951782,0.5,0.0,-0.0045517327975891,2.4457971057393237,0.5,0.0,-0.0045517327975891,2.568597766928687,1.6530596213767834
2023-03-23,0.006969524171577,0.5,0.0,0.0034847620857885,2.4543201267629353,0.5,0.0,0.0034847620857885,2.577548719040521,1.6645806603650268
2023-03-24,0.0083055433209588,1.0,0.5,0.0080555433209588,2.474091008867575,1.0,0.5,0.0080555433209588,2.598312274408634,1.678405907150919
2023-03-27,-0.0122932917316692,0.5,0.5,-0.0063966458658346005,2.458265124844004,0.5,0.5,-0.0063966458658346005,2.5816917909403907,1.657772773690156
2023-03-28,-0.0039802880970432,0.5,0.0,-0.0019901440485216,2.4533728231361076,0.5,0.0,-0.0019901440485216,2.5765538523875335,1.6511743604514348
2023-03-29,0.019790675547098,0.5,0.0,0.009895337773549,2.4776497759054847,0.5,0.0,0.009895337773549,2.602049723048647,1.6838522164908163
2023-03-30,0.0098899048329912,0.5,0.0,0.0049449524164956,2.4899016361520783,0.5,0.0,0.0049449524164956,2.6149167351144778,1.7005053546647317
2023-03-31,0.0156442473515643,0.5,0.0,0.00782212367578215,2.509377954690592,0.5,0.0,0.00782212367578215,2.6353709372184153,1.7271084810557664
2023-04-03,0.0077016373559732,0.5,0.0,0.0038508186779866,2.5190411141886426,0.5,0.0,0.0038508186779866,2.645519272846879,1.7404100442512838
2023-04-04,-0.0032496840584942,0.5,0.0,-0.0016248420292471,2.5149480703129075,0.5,0.0,-0.0016248420292471,2.6412207219431743,1.7347542614752371
2023-04-05,-0.0112902252007487,0.5,0.0,-0.00564511260037435,2.500750905271897,0.5,0.0,-0.00564511260037435,2.626310733565363,1.715168495195223
2023-04-06,0.0054958475818271,0.5,0.0,0.00274792379091355,2.5076227781796425,0.5,0.0,0.00274792379091355,2.633527635312459,1.724594799821968
2023-04-10,-0.0159723065711162,0.5,0.0,-0.0079861532855581,2.4875965182907427,0.5,0.0,-0.0079861532855581,2.6124958799351004,1.6970490429682588
2023-04-11,-0.007591186817256,0.5,0.0,-0.003795593408628,2.4781546133425922,0.5,0.0,-0.003795593408628,2.602579907793151,1.6841664266450411
2023-04-12,-0.0043532338308458,1.0,0.5,-0.0046032338308458,2.466747088188387,1.0,0.5,-0.0046032338308458,2.590599623914118,1.6768348563797952
2023-04-13,0.034103685196752,0.5,0.5,0.016801842598376,2.508192984494131,0.5,0.5,0.016801842598376,2.6341264710305348,1.7340211044487126
2023-04-14,-0.0021140372070548,1.0,0.5,-0.0023640372070547998,2.502263522956313,1.0,0.5,-0.0023640372070547998,2.6278992980449307,1.7303553193160897
2023-04-17,0.0001210580473336,0.5,0.5,-0.0001894709763332,2.5017894166435757,0.5,0.5,-0.0001894709763332,2.627401387399225,1.7305647927522394
2023-04-18,0.0075046904315196,0.5,0.0,0.0037523452157598,2.5111769941919566,0.5,0.0,0.0037523452157598,2.637260304425113,1.743552145793532
2023-04-19,0.0069682225025529,0.5,0.0,0.00348411125127645,2.519926214211367,0.5,0.0,0.00348411125127645,2.6464488127243055,1.7557016050902248
2023-04-20,-0.0058462089124857,0.5,0.0,-0.00292310445624285,2.512560206665203,0.5,0.0,-0.00292310445624285,2.6387129664066125,1.745437406718881
2023-04-21,-0.0097809780978097,0.5,0.0,-0.00489048904890485,2.5002725584897925,0.5,0.0,-0.00489048904890485,2.625808369541198,1.7283653216726658
2023-04-24,0.0018785601745243,0.5,0.0,0.00093928008726215,2.5026210147167096,0.5,0.0,0.00093928008726215,2.6282747390556738,1.731612159932989
2023-04-25,-0.0094356741063328,0.5,0.0,-0.0047178370531664,2.4908140565634462,0.5,0.0,-0.0047178370531664,2.6158749671058557,1.7152732319132982
2023-04-26,-6.106124442828431e-05,-1.0,1.5,-0.0006889387555717157,2.489098038226957,-1.0,1.5,-0.0006889387555717157,2.6140727894612863,1.715168495195223
2023-04-27,0.0283952125061064,0.5,1.5,0.013447606253053199,2.5225704485702805,0.5,1.5,0.013447606253053199,2.6492258110507825,1.7638710691000703
2023-04-28,0.0075411198859924,0.5,0.0,0.0037705599429962,2.5320819516570454,0.5,0.0,0.0037705599429962,2.6592148757738823,1.7771726322955876
2023-05-01,-0.0005304101838755,0.5,0.0,-0.00026520509193775,2.5314104306302623,0.5,0.0,-0.00026520509193775,2.6585096384482707,1.7762300018329134
2023-05-02,-0.0061914027949762,0.5,0.0,-0.0030957013974881,2.5235739398225445,0.5,0.0,-0.0030957013974881,2.650279686445291,1.7652326464350445
2023-05-03,-0.0064673074641035,0.5,0.0,-0.00323365373205175,2.5154135755339286,0.5,0.0,-0.00323365373205175,2.6417095996462363,1.753816344164876
2023-05-04,-0.0099134069871603,0.5,0.0,-0.00495670349358015,2.5029454162762805,0.5,0.0,-0.00495670349358015,2.6286154284446455,1.736430048964436
2023-05-05,0.0469268351529041,0.5,0.0,0.02346341757645205,2.5616730697494376,0.5,0.0,0.02346341757645205,2.6902917298901468,1.8179152156267395
2023-05-08,-0.0004032955003744,0.5,0.0,-0.0002016477501872,2.5611565141382076,0.5,0.0,-0.0002016477501872,2.6897492386154673,1.817182058600215
2023-05-09,-0.0099711815561959,0.5,0.0,-0.00498559077809795,2.548387635840055,0.5,0.0,-0.00498559077809795,2.67633924961603,1.7990626063732504
2023-05-10,0.0103918029923735,0.5,0.0,0.00519590149618675,2.5616288069699795,0.5,0.0,0.00519590149618675,2.690245244727413,1.8177581105496272
2023-05-11,0.0011235631356054,0.5,0.0,0.0005617815678027,2.563067882817288,0.5,0.0,0.0005617815678027,2.6917565749187697,1.8198004765520885
2023-05-12,-0.0067913669064748,1.0,0.5,-0.0070413669064748,2.5450203814481696,1.0,0.5,-0.0070413669064748,2.6728029292518505,1.8074415438192457
2023-05-15,-0.0028973749782696,0.5,0.5,-0.0016986874891348,2.5406971871666104,0.5,0.5,-0.0016986874891348,2.6682626723550076,1.8022047079154988
2023-05-16,0.0,0.5,0.0,0.0,2.5406971871666104,0.5,0.0,0.0,2.6682626723550076,1.8022047079154988
2023-05-17,0.0036031847503923,1.0,0.5,0.0033531847503923,2.549216614229982,1.0,0.5,0.0033531847503923,2.6772098500579893,1.8086983844361453
2023-05-18,0.0136661068967514,1.0,0.0,0.0136661068967514,2.5840544809830237,1.0,0.0,0.0136661068967514,2.7137968860539177,1.8334162499018312
2023-05-19,0.0006283918880318,0.5,0.5,6.419594401589997e-05,2.584220366799819,0.5,0.5,6.419594401589997e-05,2.7139711008068854,1.8345683538006552
2023-05-22,-0.0054807033569308,0.5,0.0,-0.0027403516784654,2.577138694180135,0.5,0.0,-0.0027403516784654,2.7065338655454827,1.8245136288654609
2023-05-23,-0.0151549942594717,0.5,0.0,-0.00757749712973585,2.5576104331220537,0.5,0.0,-0.00757749712973585,2.686025112947779,1.7968631352936768
2023-05-24,0.0016320820704127,0.5,0.0,0.00081604103520635,2.559697548187553,0.5,0.0,0.00081604103520635,2.688217019661539,1.7997957633997752
2023-05-25,0.0066922718808193,-1.0,1.5,-0.0074422718808193,2.5406475831012747,-1.0,1.5,-0.0074422718808193,2.668210577726572,1.8118404859783932
2023-05-26,0.0141048615526908,-1.0,0.0,-0.0141048615526908,2.504812100687453,-1.0,0.0,-0.0141048615526908,2.6305758369343137,1.8373962451886785
2023-05-30,0.0106595223165935,-1.0,0.0,-0.0106595223165935,2.4781120002013015,-1.0,0.0,-0.0106595223165935,2.602535155095021,1.8569820114686924
2023-05-31,-0.0002820078962211,-1.0,0.0,0.0002820078962211,2.4788108473530786,-1.0,0.0,0.0002820078962211,2.6032690905589506,1.8564583278783175
2023-06-01,0.0160225669957687,0.5,1.5,0.0072612834978843495,2.4968101956533397,0.5,1.5,0.0072612834978843495,2.6221721654467784,1.8862035558116008
2023-06-02,0.0047753900827363,0.5,0.0,0.00238769504136815,2.502771816976739,0.5,0.0,0.00238769504136815,2.628433112923829,1.8952109135660455
2023-06-05,-0.0075711522520032,0.5,0.0,-0.0037855761260016,2.493297383737562,0.5,0.0,-0.0037855761260016,2.618482979282753,1.8808619831897788
2023-06-06,-0.0020603630693841,0.5,0.0,-0.00103018153469205,2.4907288348123395,0.5,0.0,-0.00103018153469205,2.6157854664685902,1.8769867246210061
2023-06-07,-0.0077562636013616,0.5,0.0,-0.0038781318006808,2.4810694601111813,0.5,0.0,-0.0038781318006808,2.6056411056673197,1.8624283208085892
2023-06-08,0.0154650770442019,0.5,0.0,0.00773253852210095,2.5002544252874994,0.5,0.0,0.00773253852210095,2.625789325891662,1.8912309182791978
2023-06-09,0.002159827213823,0.5,0.0,0.0010799136069115,2.502954484062108,0.5,0.0,0.0010799136069115,2.6286249515135753,1.8953156502841206
2023-06-12,0.0156388152077806,0.5,0.0,0.0078194076038903,2.5225261053869743,0.5,0.0,0.0078194076038903,2.649179241447216,1.9249561414993286
2023-06-13,-0.0026116763697697,0.5,0.0,-0.00130583818488485,2.519232094476191,0.5,0.0,-0.00130583818488485,2.64571984203513,1.9199287790317319
2023-06-14,0.0034913534449838,0.5,0.0,0.0017456767224919,2.5236298593020727,0.5,0.0,0.0017456767224919,2.650338413577606,1.9266319289885279
2023-06-15,0.0111986952976352,0.5,0.0,0.0055993476488176,2.537760540221242,0.5,0.0,0.0055993476488176,2.6651785797422427,1.9482076929119656
2023-06-16,-0.005859900005376,0.5,0.0,-0.002929950002688,2.530325028719599,0.5,0.0,-0.002929950002688,2.657369739755363,1.9367913906417973
2023-06-20,0.0004866969500325,0.5,0.0,0.00024334847501625,2.530940779456633,0.5,0.0,0.00024334847501625,2.6580164066290863,1.937734021104472
2023-06-21,-0.0056753688989783,0.5,0.0,-0.00283768444948915,2.5237587681641913,0.5,0.0,-0.00283768444948915,2.650473794805508,1.9267366657066034
2023-06-22,0.0165253315938247,0.5,0.0,0.00826266579691235,2.544611743417559,0.5,0.0,0.00826266579691235,2.6723737739754596,1.9585766280013852
2023-06-23,-0.001711229946524,0.5,0.0,-0.000855614973262,2.5424345355087525,0.5,0.0,-0.000855614973262,2.6700872509602935,1.9552250530229873
2023-06-26,-0.0075530319262909,0.5,0.0,-0.00377651596314545,2.5328329909001517,0.5,0.0,-0.00377651596314545,2.6600036238340508,1.940457175774421
2023-06-27,0.0150591029308575,0.5,0.0,0.00752955146542875,2.55190408725847,0.5,0.0,0.00752955146542875,2.680032258017936,1.9696787201173291
2023-06-28,0.0063277677337019,0.5,0.0,0.00316388386685095,2.559978015429898,0.5,0.0,0.00316388386685095,2.6885115688417187,1.9821423895682468
2023-06-29,0.001796565389696,0.5,0.0,0.000898282694848,2.56227759938035,0.5,0.0,0.000898282694848,2.690926612258908,1.9857034379827947
2023-06-30,0.0231024843082441,0.5,0.0,0.01155124215412205,2.591875088396875,0.5,0.0,0.01155124215412205,2.722010157176082,2.031578120499619
2023-07-03,-0.0077847089756147,0.5,0.0,-0.00389235448780735,2.5817865917647174,0.5,0.0,-0.00389235448780735,2.7114151287249406,2.015762876070303
2023-07-05,-0.0058713498908864,0.5,0.0,-0.0029356749454432,2.5742073055527923,0.5,0.0,-0.0029356749454432,2.703455295264847,2.0039276269278345
2023-07-06,0.002508754507918,0.5,0.0,0.001254377253959,2.577436332643853,0.5,0.0,0.001254377253959,2.7068464480943226,2.0089549893954315
2023-07-07,-0.0058912465460612,0.5,0.0,-0.0029456232730306,2.5698441761976625,0.5,0.0,-0.0029456232730306,2.6988730982002958,1.9971197402529632
2023-07-10,-0.0108558842039018,0.5,0.0,-0.0054279421019509,2.555895210798226,0.5,0.0,-0.0054279421019509,2.6842237712827517,1.9754392396114506
2023-07-11,-0.0028100312814802,0.5,0.0,-0.0014050156407401,2.5523041380509617,0.5,0.0,-0.0014050156407401,2.6804523949008527,1.969888193553479
2023-07-12,0.0089855380689067,-1.0,1.5,-0.0097355380689067,2.5274560839515385,-1.0,1.5,-0.0097355380689067,2.654356748568403,1.987588698908144
2023-07-13,0.00405754334194,-1.0,0.0,-0.00405754334194,2.5172008213460555,-1.0,0.0,-0.00405754334194,2.643586581016116,1.995653426199914
2023-07-14,0.0007872362758476,-1.0,0.0,-0.0007872362758476,2.515219189545898,-1.0,0.0,-0.0007872362758476,2.641505453761196,1.997224476971038
2023-07-17,0.017305574492632,0.5,1.5,0.007902787246315999,2.5350964316787308,0.5,1.5,0.007902787246315999,2.6623807093722545,2.0317875939357686
2023-07-18,-0.0013402752719213,0.5,0.0,-0.00067013763596065,2.533397568149073,0.5,0.0,-0.00067013763596065,2.6605965478576485,2.02906443926582
2023-07-19,0.007071697723636,0.5,0.0,0.003535848861818,2.5423552790569452,0.5,0.0,0.003535848861818,2.670004015133148,2.043413369642087
2023-07-20,-0.01009738595592,0.5,0.0,-0.00504869297796,2.5295197078120912,0.5,0.0,-0.00504869297796,2.6565239846108204,2.022780236181324
2023-07-21,-0.0061616527727437,0.5,0.0,-0.00308082638637185,2.5217266967514163,0.5,0.0,-0.00308082638637185,2.648339695423002,2.010316566730406
2023-07-24,0.004220068771491,0.5,0.0,0.0021100343857455,2.527047626793014,0.5,0.0,0.0021100343857455,2.653927783245479,2.018800240894476
2023-07-25,0.0045136186770429,0.5,0.0,0.00225680933852145,2.5327506914760485,0.5,0.0,0.00225680933852145,2.6599171922504685,2.027912335366996
2023-07-26,0.0045449850222083,0.5,0.0,0.00227249251110415,2.5385063484549217,0.5,0.0,0.00227249251110415,2.665961834150015,2.0371291665575906
2023-07-27,-0.0065809768637532,0.5,0.0,-0.0032904884318766,2.5301534226810856,0.5,0.0,-0.0032904884318766,2.65718951757492,2.023722866643998
2023-07-28,0.0135079184349446,0.5,0.0,0.0067539592174723,2.5472419757118216,0.5,0.0,0.0067539592174723,2.675136067209716,2.051059150061558
2023-07-31,0.0031660113363629,0.5,0.0,0.00158300566818145,2.551274274197603,0.5,0.0,0.00158300566818145,2.6793708227672655,2.057552826582204
2023-08-01,-0.0043013489437515,0.5,0.0,-0.00215067447187575,2.545787313745333,0.5,0.0,-0.00215067447187575,2.673608368338051,2.0487025739048716
2023-08-02,-0.0154648398558318,0.5,0.0,-0.0077324199279159,2.5261022171882934,0.5,0.0,-0.0077324199279159,2.6529349057112714,2.0170197166872024
2023-08-03,-0.0073216325682834,0.5,0.0,-0.0036608162841417,2.516854621056204,0.5,0.0,-0.0036608162841417,2.643222998407676,2.0022518394386357
2023-08-04,-0.048020086833708,0.5,0.0,-0.024010043416854,2.456424832330735,0.5,0.0,-0.024010043416854,2.5797590994554804,1.906103532245841
2023-08-07,-0.0172536952579812,0.5,0.0,-0.0086268476289906,2.435233629590149,0.5,0.0,-0.0086268476289906,2.557503910784976,1.8732162027703099
2023-08-08,0.0053117137265865,0.5,0.0,0.00265585686329325,2.4417012615390186,0.5,0.0,0.00265585686329325,2.5642962750993337,1.8831661909874293
2023-08-09,-0.0089543937708566,-1.0,1.5,0.0082043937708566,2.461733940159482,-1.0,1.5,0.0082043937708566,2.58533477148539,1.8663035793773637
2023-08-10,-0.0012346371850272,0.5,1.5,-0.0013673185925136,2.45836796557328,0.5,1.5,-0.0013673185925136,2.581799795184466,1.863999371579715
2023-08-11,-0.0010114064168118,0.5,0.0,-0.0005057032084059,2.4571247610056473,0.5,0.0,-0.0005057032084059,2.5804941707445797,1.862114110654366
2023-08-14,0.0093931042240846,0.5,0.0,0.0046965521120423,2.4686647754915,0.5,0.0,0.0046965521120423,2.592613596092303,1.8796051425728812
2023-08-15,-0.0112002674690739,0.5,0.0,-0.00560013373453695,2.4548399226030067,0.5,0.0,-0.00560013373453695,2.5780946132322073,1.8585530622398183
2023-08-16,-0.0049591434206818,-1.0,1.5,0.0042091434206818,2.4651726959120586,-1.0,1.5,0.0042091434206818,2.588946183211389,1.8493362310492236
2023-08-17,-0.0145551339412131,0.5,1.5,-0.00802756697060655,2.4453833570015138,0.5,1.5,-0.00802756697060655,2.5681632443423634,1.8224188945039639
2023-08-18,0.0028160919540229,-1.0,1.5,-0.0035660919540229,2.436662895087609,-1.0,1.5,-0.0035660919540229,2.5590049380600965,1.827550993689636
2023-08-21,0.0077368330563356,0.5,1.5,0.0031184165281678,2.4442614249332233,0.5,1.5,0.0031184165281678,2.5669849813546057,1.841690450629753
2023-08-22,0.0079049135577797,-1.0,1.5,-0.008654913557779701,2.423106553587811,-1.0,1.5,-0.008654913557779701,2.544767948236863,1.8562488544421696
2023-08-23,0.0219488799864584,0.5,1.5,0.010224439993229199,2.44788146114217,0.5,1.5,0.010224439993229199,2.570786775420304,1.8969914377733217
2023-08-24,-0.0261704946996467,0.5,0.0,-0.01308524734982335,2.415850326740078,0.5,0.0,-0.01308524734982335,2.5371473945802747,1.8473462334057997
2023-08-25,0.0126431568205012,0.5,0.0,0.0063215784102506,2.431122314007995,0.5,0.0,0.0063215784102506,2.553186170773477,1.8707025215365114
2023-08-28,0.008846089244723,0.5,0.0,0.0044230446223615,2.4418752764852707,0.5,0.0,0.0044230446223615,2.564479027136004,1.887250922992352
2023-08-29,0.0218103113380321,0.5,0.0,0.01090515566901605,2.468504306499664,0.5,0.0,0.01090515566901605,2.592445070136849,1.9284124531958036
2023-08-30,0.0191722789485118,0.5,0.0,0.0095861394742559,2.492167733074571,0.5,0.0,0.0095861394742559,2.6172966101585278,1.9653845146762574
2023-08-31,0.0011723954169997,0.5,0.0,0.00058619770849985,2.4936286360888964,0.5,0.0,0.00058619770849985,2.618830863433867,1.9676887224739061
2023-09-01,0.0084632990897961,1.0,0.5,0.0082132990897961,2.514109553895975,1.0,0.5,0.0082132990897961,2.6403401045808383,1.9843418606478216
2023-09-05,0.0012667581547554,0.5,0.5,0.00038337907737770005,2.515073410897174,0.5,0.5,0.00038337907737770005,2.641352355734096,1.9868555418816198
2023-09-06,-0.0357933579335792,0.5,0.0,-0.0178966789667896,2.470061949484439,0.5,0.0,-0.0178966789667896,2.5940809205853492,1.9157393103087357
2023-09-07,-0.0292493576075665,-1.0,1.5,0.0284993576075665,2.540457128295639,-1.0,1.5,0.0284993576075665,2.6680105604040762,1.8597051661386426
2023-09-08,0.0034917774273486,-1.0,0.0,-0.0034917774273486,2.531586417439909,-1.0,0.0,-0.0034917774273486,2.6586944613533294,1.866198842659289
2023-09-11,0.0066225165562914,-1.0,0.0,-0.0066225165562914,2.514820944476731,-1.0,0.0,-0.0066225165562914,2.6410872132648966,1.878557775392132
2023-09-12,-0.0170606601248884,0.5,1.5,-0.0092803300624442,2.491482576064039,0.5,1.5,-0.0092803300624442,2.6165770522020972,1.8465083396612005
2023-09-13,-0.0118547929665343,-1.0,1.5,0.0111047929665343,2.5191499742509578,-1.0,1.5,0.0111047929665343,2.645633598647786,1.8246183655835382
2023-09-14,0.008782503874634,0.5,1.5,0.003641251937317,2.5283228339750914,0.5,1.5,0.003641251937317,2.6552670171142934,1.8406430834490042
2023-09-15,-0.0041538636622283,0.5,0.0,-0.00207693183111415,2.523071679801876,0.5,0.0,-0.00207693183111415,2.6497522085263414,1.8329973030295337
2023-09-18,0.0169133192389006,0.5,0.0,0.0084566596194503,2.5444084381934347,0.5,0.0,0.0084566596194503,2.672160261029735,1.863999371579716
2023-09-19,0.0061808169916277,0.5,0.0,0.00309040849581385,2.552271699647648,0.5,0.0,0.00309040849581385,2.6804183278025975,1.8755204105679595
2023-09-20,-0.0199921818283351,0.5,0.0,-0.00999609091416755,2.526758959700313,0.5,0.0,-0.00999609091416755,2.6536246225098816,1.8380246654971313
2023-09-21,-0.0088893954071457,-1.0,1.5,0.0081393954071457,2.5473252499718617,-1.0,1.5,0.0081393954071457,2.675223522574627,1.8216857374774404
2023-09-22,0.0049445179095037,0.5,1.5,0.0017222589547518498,2.551712403694291,0.5,1.5,0.0017222589547518498,2.679830950242344,1.8306930952318852
2023-09-25,0.0073802849133246,0.5,0.0,0.0036901424566623,2.561128585972355,0.5,0.0,0.0036901424566623,2.6897199082085104,1.8442041318635527
2023-09-26,-0.0233984552476147,0.5,0.0,-0.01169922762380735,2.5311653596712245,0.5,0.0,-0.01169922762380735,2.6582522627580927,1.8010526040166772
2023-09-27,-0.0088974180041869,0.5,0.0,-0.00444870900209345,2.5199049415498678,0.5,0.0,-0.00444870900209345,2.6464264719869255,1.7850278861512117
2023-09-28,0.0015255530129671,0.5,0.0,0.00076277650648355,2.521827065837854,0.5,0.0,0.00076277650648355,2.648445103925893,1.78775104082116
2023-09-29,0.0030464584920031,0.5,0.0,0.00152322924600155,2.525668386577896,0.5,0.0,0.00152322924600155,2.6524792929646224,1.7931973501610572
2023-10-02,0.0148355820337595,0.5,0.0,0.00741779101687975,2.5444032668474708,0.5,0.0,0.00741779101687975,2.672154830036435,1.8198004765520919
2023-10-03,-0.0077697841726618,0.5,0.0,-0.0038848920863309,2.5345185347316606,0.5,0.0,-0.0038848920863309,2.6617737968837756,1.805661019611975
2023-10-04,0.0073085846867748,-1.0,1.5,-0.0080585846867748,2.514093902479325,-1.0,1.5,-0.0080585846867748,2.64032366732455,1.8188578460894174
2023-10-05,0.0071979730507889,0.5,1.5,0.0028489865253944497,2.5212565221310648,0.5,1.5,0.0028489865253944497,2.6478459138754373,1.831949935848785
2023-10-06,0.0147504430850151,0.5,0.0,0.00737522154250755,2.5398513475472737,0.5,0.0,0.00737522154250755,2.667374364100692,1.8589720091121196
2023-10-09,0.0084511803481885,0.5,0.0,0.00422559017409425,2.550583718445129,0.5,0.0,0.00422559017409425,2.6786455950042667,1.8746825168233605
2023-10-10,-0.0033521425777978,0.5,0.0,-0.0016760712888989,2.5463087583047104,0.5,0.0,-0.0016760712888989,2.6741559940293445,1.8683983137388638
2023-10-11,0.0079040304949831,0.5,0.0,0.00395201524749155,2.5563718093423518,0.5,0.0,0.00395201524749155,2.684724299291919,1.8831661909874309
2023-10-12,0.0050611790878754,0.5,0.0,0.0025305895439377,2.562840937113491,0.5,0.0,0.0025305895439377,2.691518234532063,1.8926972323322504
2023-10-13,-0.0102927342150407,0.5,0.0,-0.00514636710752035,2.5496516168129233,0.5,0.0,-0.00514636710752035,2.677666693620576,1.8732162027703114
2023-10-16,-0.0007268660889012,0.5,0.0,-0.0003634330444506,2.5487249891635364,0.5,0.0,-0.0003634330444506,2.6766935410620896,1.8718546254353374
2023-10-17,-0.0087846911369739,0.5,0.0,-0.00439234556848695,2.537530108252092,0.5,0.0,-0.00439234556848695,2.664936578048808,1.855410960697572
2023-10-18,-0.0073948631103584,-1.0,1.5,0.0066448631103584,2.55439164845984,-1.0,1.5,0.0066448631103584,2.682644716807729,1.841690450629755
2023-10-19,-0.0021610555050045,0.5,1.5,-0.00183052775250225,2.5497157636565744,0.5,1.5,-0.00183052775250225,2.677734061203509,1.8377104553429073
2023-10-20,-0.0147042060868575,0.5,0.0,-0.00735210304342875,2.530969990630717,0.5,0.0,-0.00735210304342875,2.658047084462642,1.8106883820795725
2023-10-23,0.0006941230911614,-1.0,1.5,-0.0014441230911613999,2.5273149584242107,-1.0,1.5,-0.0014441230911613999,2.6542085372905753,1.8119452226964716
2023-10-24,0.002543352601156,0.5,1.5,0.000521676300578,2.528633398742117,0.5,1.5,0.000521676300578,2.6555931749812713,1.8165536382917689
2023-10-25,-0.0134916974169742,0.5,0.0,-0.0067458487084871,2.511575620394975,0.5,0.0,-0.0067458487084871,2.6376789451915568,1.7920452462622327
2023-10-26,-0.0246054938632379,0.5,0.0,-0.01230274693161895,2.480676341137632,0.5,0.0,-0.01230274693161895,2.6052282486420055,1.7479510879526827
2023-10-27,0.0079693211097131,0.5,0.0,0.00398466055485655,2.4905609943035287,0.5,0.0,0.00398466055485655,2.6156091988807675,1.7618810714566502
2023-10-30,0.0123053144691474,0.5,0.0,0.0061526572345737,2.5058845624232773,0.5,0.0,0.0061526572345737,2.6317021457410785,1.7835615720981626
2023-10-31,0.0028187210053438,0.5,0.0,0.0014093605026719,2.509416257149812,0.5,0.0,0.0014093605026719,2.635411162800083,1.7885889345657597
2023-11-01,0.0187386543303857,0.5,0.0,0.00936932716519285,2.5329277990567025,0.5,0.0,0.00936932716519285,2.6601031921991587,1.8221046843497406
2023-11-02,0.0206932229694774,0.5,0.0,0.0103466114847387,2.5591350189124364,0.5,0.0,0.0103466114847387,2.6876262464381564,1.859809902856719
2023-11-03,-0.0051810553584501,0.5,0.0,-0.00259052767922505,2.5525055088110697,0.5,0.0,-0.00259052767922505,2.6806638762553465,1.8501741247938246
2023-11-06,0.0146051514293801,0.5,0.0,0.00730257571469005,2.571145373551326,1.0,0.5,0.0143551514293801,2.719145212130261,1.8771961980571592
2023-11-07,0.0144507057970206,1.0,0.5,0.0142007057970206,2.6076574525624987,1.0,0.0,0.0144507057970206,2.758438779610133,1.904323008038569
2023-11-08,0.0058849411505883,0.5,0.5,0.0026924705752941498,2.6146784935239697,1.0,0.0,0.0058849411505883,2.774672029495639,1.9155298368725873
2023-11-09,-0.0026245284050521,0.5,0.0,-0.00131226420252605,2.6112473445358035,0.5,0.5,-0.00156226420252605,2.770337258710208,1.9105024744049903
2023-11-10,0.0218738007784662,0.5,0.0,0.0109369003892331,2.639806296634641,0.5,0.0,0.0109369003892331,2.800636161353302,1.9522924249168918
2023-11-13,-0.0085836909871244,0.5,0.0,-0.0042918454935622,2.628476655876552,0.5,0.0,-0.0042918454935622,2.788616263665091,1.9355345500249015
2023-11-14,0.0142857142857142,0.5,0.0,0.0071428571428571,2.647251489132813,0.5,0.0,0.0071428571428571,2.8085349512626987,1.9631850435966858
2023-11-15,0.0030409731113956,0.5,0.0,0.0015204865556978,2.6512765994315903,0.5,0.0,0.0015204865556978,2.812805290897301,1.9691550365269572
2023-11-16,0.0090420722302007,0.5,0.0,0.00452103611510035,2.6632631166887406,0.5,0.0,0.00452103611510035,2.8255220852021927,1.9869602785996974
2023-11-17,-0.0001054240683148,0.5,0.0,-5.27120341574e-05,2.6631227306723635,0.5,0.0,-5.27120341574e-05,2.8253731461855254,1.9867508051635474
2023-11-20,0.0092782961674309,0.5,0.0,0.00463914808371545,2.675477351385061,0.5,0.0,0.00463914808371545,2.8384804706024327,2.0051844675447366
2023-11-21,-0.0042308696787672,1.0,0.5,-0.004480869678767201,2.663488886045011,1.0,0.5,-0.004480869678767201,2.8257616095279374,1.9967007933806666
2023-11-22,0.0035144775493076,0.5,0.5,0.0015072387746538,2.6675033997699176,0.5,0.5,0.0015072387746538,2.830020706993746,2.003718153491688
2023-11-24,-0.0070043385081804,0.5,0.0,-0.0035021692540902,2.6581613513780624,0.5,0.0,-0.0035021692540902,2.8201094954852737,1.989683433269646
2023-11-27,-0.0009475180291624,0.5,0.0,-0.0004737590145812,2.6569020234756358,0.5,0.0,-0.0004737590145812,2.818773443189681,1.9877981723442975
2023-11-28,0.0032140787185837,0.5,0.0,0.00160703935929185,2.6611717696011428,0.5,0.0,0.00160703935929185,2.823303323057813,1.9941871121468688
2023-11-29,-0.0054096638655461,0.5,0.0,-0.00270483193277305,2.6539737472201312,0.5,0.0,-0.00270483193277305,2.815666762073702,1.9833992301851502
2023-11-30,0.003062787136294,0.5,0.0,0.001531393568147,2.658038025546655,0.5,0.0,0.001531393568147,2.8199786560431868,1.9894739598334967
2023-12-01,0.0067912608581206,0.5,0.0,0.0033956304290603,2.6670637403478006,0.5,0.0,0.0033956304290603,2.8295542613769475,2.0029849964651643
2023-12-04,-0.0094645471658648,0.5,0.0,-0.0047322735829324,2.654442465065356,0.5,0.0,-0.0047322735829324,2.8161640364943596,1.9840276504936003
2023-12-05,0.0210631895687061,0.5,0.0,0.01053159478435305,2.6823979774858033,0.5,0.0,0.01053159478435305,2.845822734972986,2.025817601005502
2023-12-06,-0.0056871057801675,0.5,0.0,-0.00284355289008375,2.6747704369645686,0.5,0.0,-0.00284355289008375,2.837730487510288,2.0142965620172584
2023-12-07,0.0101393510815308,0.5,0.0,0.0050696755407654,2.68833065522601,0.5,0.0,0.0050696755407654,2.8521168603541027,2.034720222041872
2023-12-08,0.0074123642353425,0.5,0.0,0.00370618211767125,2.698294098226796,0.5,0.0,0.00370618211767125,2.8626873248594555,2.0498023094446634
2023-12-11,-0.0129272903786213,0.5,0.0,-0.00646364518931065,2.680853282559447,0.5,0.0,-0.00646364518931065,2.844183929703627,2.0233039197717035
2023-12-12,0.0079200745418781,0.5,0.0,0.00396003727093905,2.6914695614763016,0.5,0.0,0.00396003727093905,2.855447004070659,2.0393286376371695
2023-12-13,0.0166914899080683,0.5,0.0,0.00834574495403415,2.713931879987929,0.5,0.0,0.00834574495403415,2.8792778364963936,2.073368071011525
2023-12-14,0.0007577288341078,1.0,0.5,0.0005077288341078,2.715309821457203,1.0,0.5,0.0005077288341078,2.8807397288753904,2.074939121782649
2023-12-15,-0.0027257584170411,0.5,0.5,-0.00161287920852055,2.710930354701483,0.5,0.5,-0.00161287920852055,2.876093443661528,2.069283339006602
2023-12-18,-0.00850331528066,0.5,0.0,-0.00425165764033,2.699404406946514,0.5,0.0,-0.00425165764033,2.8638652789974817,2.051687570370012
2023-12-19,0.0053601511052121,0.5,0.0,0.00268007555260605,2.706639014704168,0.5,0.0,0.00268007555260605,2.87154065431768,2.062684925767881
2023-12-20,-0.0107139230222401,1.0,0.5,-0.0109639230222401,2.6769636328979596,1.0,0.5,-0.0109639230222401,2.840057303628508,2.040585478254069
2023-12-21,-0.0007699019658163,0.5,0.5,-0.0006349509829081501,2.675263892208042,0.5,0.5,-0.0006349509829081501,2.8382540064520536,2.039014427482945
2023-12-22,-0.0055475652352579,0.5,0.0,-0.00277378261762895,2.667843291726265,0.5,0.0,-0.00277378261762895,2.8303813068245414,2.0277028619308513
2023-12-26,-0.0028409090909089,0.5,0.0,-0.00142045454545445,2.664053741595972,0.5,0.0,-0.00142045454545445,2.8263608788318932,2.0219423424367298
2023-12-27,0.0005180005180005,0.5,0.0,0.00025900025900025,2.664743732205036,0.5,0.0,0.00025900025900025,2.8270929070315387,2.0229897096174794
2023-12-28,0.0022262490292519,0.5,0.0,0.00111312451462595,2.6677099237785487,0.5,0.0,0.00111312451462595,2.8302398134514806,2.027493388494702
2023-12-29,-0.00542411406137,0.5,0.0,-0.002712057030685,2.660474942323937,0.5,0.0,-0.002712057030685,2.822564041666885,2.0164960330968333
2024-01-02,-0.0357866306549629,-1.0,1.5,0.0350366306549629,2.7536890202449245,-1.0,1.5,0.0350366306549629,2.921457175494747,1.9443324343431991
2024-01-03,-0.0074876104287868,-1.0,0.0,0.0074876104287868,2.7743075708705462,-1.0,0.0,0.0074876104287868,2.9433319087092356,1.9297740305307827
2024-01-04,-0.0127001356852103,0.5,1.5,-0.0071000678426051496,2.7546097989011122,0.5,1.5,-0.0071000678426051496,2.9224340524740953,1.9052656385012465
2024-01-05,-0.0040129734484084,0.5,0.0,-0.0020064867242042,2.749082710909254,0.5,0.0,-0.0020064867242042,2.9165702273454435,1.897619858081776
2024-01-08,0.0241748537366155,0.5,0.0,0.01208742686830775,2.782312047132299,0.5,0.0,0.01208742686830775,2.951824056674765,1.9434945405986002
2024-01-09,-0.0022634188402673,0.5,0.0,-0.00113170942013365,2.779163278378808,0.5,0.0,-0.00113170942013365,2.9484834495832493,1.9390955984394527
2024-01-10,0.0056713838176516,0.5,0.0,0.0028356919088258,2.7870441292006123,0.5,0.0,0.0028356919088258,2.956844440244539,1.9500929538373217
2024-01-11,-0.0032225146355873,0.5,0.0,-0.00161125731779365,2.782553483952424,0.5,0.0,-0.00161125731779365,2.9520802030026174,1.9438087507528252
2024-01-12,0.0017781130448837,0.5,0.0,0.00088905652244185,2.7850273312763747,0.5,0.0,0.00088905652244185,2.954704769161868,1.947265062449298
2024-01-16,-0.0123171256454388,0.5,0.0,-0.0061585628227194,2.7678755654937186,0.5,0.0,-0.0061585628227194,2.936508034218396,1.9232803540101366
2024-01-17,-0.0051734466045852,-1.0,1.5,0.004423446604585201,2.780119115265816,-1.0,1.5,0.004423446604585201,2.9494975207116965,1.9133303657930174
2024-01-18,0.0325706152835558,0.5,1.5,0.0155353076417779,2.823309121002258,0.5,1.5,0.0155353076417779,2.995318872084614,1.975648713047607
2024-01-19,0.0155330541271272,0.5,0.0,0.0077665270635636,2.8452364276993283,0.5,0.0,0.0077665270635636,3.018582097168662,2.0063365714435646
2024-01-22,0.0121632908749216,0.5,0.0,0.0060816454374608,2.8625401468383433,0.5,0.0,0.0060816454374608,3.0369400432075087,2.0307402267550256
2024-01-23,0.0066532570013926,0.5,0.0,0.0033266285006963,2.8720627544752033,0.5,0.0,0.0033266285006963,3.0470428145101485,2.0442512633866934
2024-01-24,-0.0034839635208525,0.5,0.0,-0.00174198176042625,2.8670596735421077,0.5,0.0,-0.00174198176042625,3.041734921504034,2.0371291665575977
2024-01-25,-0.0016966580976864,0.5,0.0,-0.0008483290488432,2.8646274635362747,0.5,0.0,-0.0008483290488432,3.039154529411241,2.0336728548611247
2024-01-26,-0.0090127208116599,0.5,0.0,-0.00450636040582995,2.851718419757142,0.5,0.0,-0.00450636040582995,3.025459003772703,2.0153439291980098
2024-01-29,-0.0035859058309947,0.5,0.0,-0.00179295291549735,2.846605422902261,0.5,0.0,-0.00179295291549735,3.0200344982311713,2.0081170956508387
2024-01-30,-0.0192458144265372,0.5,0.0,-0.0096229072132686,2.819212803044885,0.5,0.0,-0.0096229072132686,2.9909729864738224,1.9694692466811858
2024-01-31,-0.0193575834928737,0.5,0.0,-0.00967879174643685,2.791926229435325,0.5,0.0,-0.00967879174643685,2.962023981818524,1.9313450813019075
2024-02-01,0.0133405639913233,-1.0,1.5,-0.0140905639913233,2.7525864142404126,-1.0,1.5,-0.0140905639913233,2.920287393358876,1.9571103139483432
2024-02-02,-0.0054051161297229,-1.0,0.0,0.0054051161297229,2.7674644634664793,-1.0,0.0,0.0054051161297229,2.9360718858521464,1.9465319054227739
2024-02-05,0.0098466505246166,-1.0,0.0,-0.0098466505246166,2.7402142080554293,-1.0,0.0,-0.0098466505246166,2.9071614120770084,1.965698724830488
2024-02-06,0.0086317135549871,0.5,1.5,0.0035658567774935505,2.7499854194610083,1.0,2.0,0.007631713554987101,2.929348035232092,1.9826660731586283
2024-02-07,0.0005810882197569,0.5,0.0,0.00029054410987845,2.750784411526884,1.0,0.0,0.0005810882197569,2.9310502448669338,1.9838181770574526
2024-02-08,-0.0057547120004224,0.5,0.0,-0.0028773560002112,2.7428694254950896,0.5,0.5,-0.0031273560002112004,2.921883807296729,1.9724018747872838
2024-02-09,0.0028143585386575,-1.0,1.5,-0.0035643585386575,2.7330928554379033,-1.0,1.5,-0.0035643585386575,2.9114691657992253,1.9779529208452555
2024-02-12,-0.0090018533227428,0.5,1.5,-0.0052509266613714,2.7187415852952808,0.5,1.5,-0.0052509266613714,2.8961812547327694,1.9601476787725158
2024-02-13,-0.0112743788405023,0.5,0.0,-0.00563718942025115,2.7034155239942574,0.5,0.0,-0.00563718942025115,2.87985493240446,1.9380482312587033
2024-02-14,-0.0048097708603543,0.5,0.0,-0.00240488543017715,2.696914119388889,0.5,0.0,-0.00240488543017715,2.872929211236497,1.928726663350034
2024-02-15,-0.0015748031496062,0.5,0.0,-0.0007874015748031,2.6947905649641735,0.5,0.0,-0.0007874015748031,2.8706670622512713,1.925689298525861
2024-02-16,-0.0084303274230392,-1.0,1.5,0.007680327423039201,2.7154874388396153,-1.0,1.5,0.007680327423039201,2.892714725211895,1.9094551072242452
2024-02-20,-0.004113871976304,-1.0,0.0,0.004113871976304,2.7266586065162635,-1.0,0.0,0.004113871976304,2.9046149832553865,1.901599853368625
2024-02-21,0.0041859440405374,-1.0,0.0,-0.0041859440405374,2.7152449661717366,-1.0,0.0,-0.0041859440405374,2.892456427476173,1.90955984394232
2024-02-22,0.0112439666520405,0.5,1.5,0.004871983326020251,2.7284735943729856,0.5,1.5,0.004871983326020251,2.9065484269620767,1.9310308711476831
2024-02-23,-0.0100341704181807,-1.0,1.5,0.0092841704181807,2.7538052082046507,-1.0,1.5,0.0092841704181807,2.933533317886688,1.9116545783038195
2024-02-26,-0.0074512382204691,0.5,1.5,-0.00447561911023455,2.7414802249889467,0.5,1.5,-0.00447561911023455,2.9204039401086446,1.8974103846456272
2024-02-27,0.008114374034003,0.5,0.0,0.0040571870170015,2.752602922965138,0.5,0.0,0.0040571870170015,2.932252565058853,1.9128066822026435
2024-02-28,-0.0066254175108142,0.5,0.0,-0.0033127087554071,2.7434843511620723,0.5,0.0,-0.0033127087554071,2.9225388663135177,1.9001335393155756
2024-02-29,-0.0036930878624186,0.5,0.0,-0.0018465439312093,2.7384183867830663,0.5,0.0,-0.0018465439312093,2.9171422699062033,1.8931161792045548
2024-03-01,-0.006030428769018,0.5,0.0,-0.003015214384509,2.730161468272434,0.5,0.0,-0.003015214384509,2.908346460572323,1.881699876934386
2024-03-04,-0.0253812757430702,0.5,0.0,-0.0126906378715351,2.69551397774777,0.5,0.0,-0.0126906378715351,2.8714376888362385,1.833939933492213
2024-03-05,-0.0284408909194745,0.5,0.0,-0.01422044545973725,2.6571825682412484,0.5,0.0,-0.01422044545973725,2.8306045657911088,1.7817810478908926
2024-03-06,-0.0058782036209734,0.5,0.0,-0.0029391018104867,2.649372838144137,0.5,0.0,-0.0029391018104867,2.8222851307870203,1.7713073760833986
2024-03-07,-0.0007095553453169,0.5,0.0,-0.00035477767265845,2.6484328998146154,0.5,0.0,-0.00035477767265845,2.821283847036741,1.7700505354664993
2024-03-08,0.0102366863905325,0.5,0.0,0.00511834319526625,2.6619884883255005,0.5,0.0,0.00511834319526625,2.8357241460171356,1.788169987693464
2024-03-11,0.0118315468868974,0.5,0.0,0.0059157734434487,2.6777362091315027,0.5,0.0,0.0059157734434487,2.85249964761309,1.809326804744602
2024-03-12,0.002778581765557,0.5,0.0,0.0013892908827785,2.681456363633335,0.5,0.0,0.0013892908827785,2.8564625993666475,1.814354167212199
2024-03-13,-0.0121226115568896,0.5,0.0,-0.0060613057784448,2.665203236681797,0.5,0.0,-0.0060613057784448,2.839148706107195,1.7923594564164615
2024-03-14,0.0109273651609886,0.5,0.0,0.0054636825804943,2.6797650611795323,0.5,0.0,0.0054636825804943,2.854660913436186,1.8119452226964754
2024-03-15,-0.0021965317919074,0.5,0.0,-0.0010982658959537,2.6768219666036703,0.5,0.0,-0.0010982658959537,2.851525736710447,1.8079652274096278
2024-03-18,0.0063723786351523,0.5,0.0,0.00318618931757615,2.6853508281587164,0.5,0.0,0.00318618931757615,2.8606112375515473,1.8194862663978715
2024-03-19,0.0135850794381764,0.5,0.0,0.0067925397190882,2.703591180318671,0.5,0.0,0.0067925397190882,2.8800420530034865,1.8442041318635576
2024-03-20,0.0147092230804177,1.0,0.5,0.0144592230804177,2.7426830083131484,1.0,0.5,0.0144592230804177,2.921685223528848,1.8713309418449668
2024-03-21,-0.0408574466894273,0.5,0.5,-0.02067872334471365,2.6859678251619936,0.5,0.5,-0.02067872334471365,2.861268503091157,1.7948731376502605
2024-03-22,0.0053101476337749,0.5,0.0,0.00265507381688745,2.693099268007583,0.5,0.0,0.00265507381688745,2.868865382176799,1.8044041789950802
2024-03-25,-0.0083004411423265,0.5,0.0,-0.00415022057116325,2.6819223120253133,0.5,0.0,-0.00415022057116325,2.856958958051791,1.7894268283103636
2024-03-26,-0.0066725197541702,0.5,0.0,-0.0033362598770851,2.672974722222244,0.5,0.0,-0.0033362598770851,2.847427400509564,1.7774868424498207
2024-03-27,0.0212126568852748,0.5,0.0,0.0106063284426374,2.701325170045001,0.5,0.0,0.0106063284426374,2.8776281507359336,1.8151920609567993
2024-03-28,-0.0105591137268479,0.5,0.0,-0.00527955686342395,2.68706337020315,0.5,0.0,-0.00527955686342395,2.862435549282334,1.796025241549085
2024-04-01,-0.0084557965943549,0.5,0.0,-0.00422789829717745,2.6757027395558604,0.5,0.0,-0.00422789829717745,2.8503334628977433,1.7808384174282188
2024-04-02,-0.0069987649238369,0.5,0.0,-0.00349938246191845,2.6663394323157514,0.5,0.0,-0.00349938246191845,2.8403590559670593,1.768374747977301
2024-04-03,0.0047974413646054,0.5,0.0,0.0023987206823027,2.6727352358580863,0.5,0.0,0.0023987206823027,2.847172283979773,1.7768584221413712
2024-04-04,-0.0048924255820808,0.5,0.0,-0.0024462127910404,2.666197156737066,0.5,0.0,-0.0024462127910404,2.840207494720406,1.7681652745411511
2024-04-05,0.0045018362753228,0.5,0.0,0.0022509181376614,2.6721985482757464,0.5,0.0,0.0022509181376614,2.846600569284994,1.7761252651148467
2024-04-08,-0.0066635216417031,0.5,0.0,-0.00333176082085155,2.663295421847065,0.5,0.0,-0.00333176082085155,2.8371163770356365,1.7642900159723782
2024-04-09,0.0072425051944196,-1.0,1.5,-0.0079925051944196,2.6420090193536785,-1.0,1.5,-0.0079925051944196,2.814440709655006,1.7770678955775208
2024-04-10,-0.0111392703483231,0.5,1.5,-0.006319635174161549,2.625312486224519,0.5,1.5,-0.006319635174161549,2.7966544711506782,1.7572726558613572
2024-04-11,0.0432709500536416,0.5,0.0,0.0216354750268208,2.6821123689578306,0.5,0.0,0.0216354750268208,2.8571614191199055,1.8333115131837643
2024-04-12,0.0086265996343692,0.5,0.0,0.0043132998171846,2.693681123748525,0.5,0.0,0.0043132998171846,2.8694852129466626,1.8491267576130803
2024-04-15,-0.021863494760691,0.5,0.0,-0.0109317473803455,2.664234482180501,0.5,0.0,-0.0109317473803455,2.8381167254870925,1.808698384436153
2024-04-16,-0.01916729399502,0.5,0.0,-0.00958364699751,2.638701399384689,0.5,0.0,-0.00958364699751,2.810917216652295,1.7740305307533475
2024-04-17,-0.0081473609635139,0.5,0.0,-0.00407368048175695,2.627952172996831,0.5,0.0,-0.00407368048175695,2.799466438050984,1.759576863659006
2024-04-18,-0.0057142857142857,0.5,0.0,-0.00285714285714285,2.62044373821684,0.5,0.0,-0.00285714285714285,2.7914679625136953,1.7495221387238116
2024-04-19,-0.0122126436781608,0.5,0.0,-0.0061063218390804,2.604442465390085,0.5,0.0,-0.0061063218390804,2.7744223607311045,1.7281558482365238
2024-04-22,0.005090909090909,0.5,0.0,0.0025454545454545,2.6110719553019863,0.5,0.0,0.0025454545454545,2.781484526740238,1.7369537325548188
2024-04-23,0.0063917028461166,0.5,0.0,0.0031958514230583,2.619416553326046,0.5,0.0,0.0031958514230583,2.7903737380232356,1.7480558246707625
2024-04-24,0.012702216896345,-1.0,1.5,-0.013452216896345001,2.5841795937088277,-1.0,1.5,-0.013452216896345001,2.752837025277482,1.77026000890265
2024-04-25,0.0051473198438052,-1.0,0.0,-0.0051473198438052,2.5708779948061737,-1.0,0.0,-0.0051473198438052,2.738667292630509,1.7793721033751693
2024-04-26,-0.0034728353640589,0.5,1.5,-0.0024864176820294497,2.5644857183015475,0.5,1.5,-0.0024864176820294497,2.731857821848917,1.7731926370087483
2024-04-29,0.0248080330773774,1.0,0.5,0.0245580330773774,2.6274644433980585,1.0,0.5,0.0245580330773774,2.7989468766005747,1.8171820586002234
2024-04-30,-0.0182708933717578,0.5,0.5,-0.009385446685878901,2.6028045159455035,0.5,0.5,-0.009385446685878901,2.7726775099136325,1.7839805189704674
2024-05-01,-0.0060470850701579,0.5,0.0,-0.00302354253507895,2.5949348257810465,0.5,0.0,-0.00302354253507895,2.7642942015263516,1.7731926370087485
2024-05-02,0.022031896042528,0.5,0.0,0.011015948021264,2.623520492940418,0.5,0.0,0.011015948021264,2.7947455227658473,1.8122594328507016
2024-05-03,0.0598162168410101,0.5,0.0,0.02990810842050505,2.7019850282866966,0.5,0.0,0.02990810842050505,2.8783310748684494,1.920661936058265
2024-05-06,-0.0091067728214635,0.5,0.0,-0.00455338641073175,2.6896818463768954,0.5,0.0,-0.00455338641073175,2.8652249212665564,1.9031709041397502
2024-05-07,0.0037972593693247,0.5,0.0,0.00189862968466235,2.6947885561727243,0.5,0.0,0.00189862968466235,2.8706649223553073,1.910397737686921
2024-05-08,0.0018640350877192,1.0,0.5,0.0016140350877192,2.699138039456371,1.0,0.5,0.0016140350877192,2.8752982762650734,1.9139587861014689
2024-05-09,0.0100142278647257,0.5,0.5,0.0047571139323628496,2.711978146629239,0.5,0.5,0.0047571139323628496,2.8889763977547926,1.9331256055091828
2024-05-10,-0.0082353578588069,0.5,0.0,-0.00411767892940345,2.7008110913578616,0.5,0.0,-0.00411767892940345,2.877080520514214,1.9172056243617919
2024-05-13,0.0176454520622779,0.5,0.0,0.00882272603113895,2.7246396076787733,0.5,0.0,0.00882272603113895,2.9024642137162373,1.9510355842999976
2024-05-14,0.0061735022546705,0.5,0.0,0.00308675112733525,2.7330498920593578,0.5,0.0,0.00308675112733525,2.9114233983999758,1.963080306878616
2024-05-15,0.0122178946806807,0.5,0.0,0.00610894734034035,2.7497459499284713,0.5,0.0,0.00610894734034035,2.9292091306262362,1.9870650153177776
2024-05-16,0.0006325110689437,0.5,0.0,0.00031625553447185,2.7506155723035275,0.5,0.0,0.00031625553447185,2.930135509225422,1.9883218559346771
2024-05-17,0.0001580278128949,0.5,0.0,7.901390644745e-05,2.7508329091850303,0.5,0.0,7.901390644745e-05,2.9303670306784264,1.9886360660889018
2024-05-20,0.0061621109179965,0.5,0.0,0.00308105545899825,2.7593083779366667,0.5,0.0,0.00308105545899825,2.9393956540151662,2.00089026210367
2024-05-21,0.006857202680067,0.5,0.0,0.0034286013400335,2.768768946338826,0.5,0.0,0.0034286013400335,2.949473669893411,2.0146107721714874
2024-05-22,-0.0075383415648556,1.0,0.5,-0.0077883415648556005,2.747204828070574,1.0,0.5,-0.0077883415648556005,2.926502161515733,1.9994239480506213
2024-05-23,-0.0210581456259822,0.5,0.5,-0.0107790728129911,2.7175925071966005,0.5,0.5,-0.0107790728129911,2.8949571816293793,1.957319787384495
2024-05-24,0.0165881849315068,0.5,0.0,0.0082940924657534,2.7401324707355275,0.5,0.0,0.0082940924657534,2.91896822417821,1.9897881699877267
2024-05-28,5.263711969694107e-05,0.5,0.0,2.6318559848470535e-05,2.740204587075951,0.5,0.0,2.6318559848470535e-05,2.919045047218113,1.9898929067058018
2024-05-29,0.001579030475288,0.5,0.0,0.000789515237644,2.7423680203517096,0.5,0.0,0.000789515237644,2.921349677762261,1.9930350082480497
2024-05-30,0.005255136896316,0.5,0.0,0.002627568448158,2.7495737800352233,0.5,0.0,0.002627568448158,2.929025724001586,2.0035086800555435
2024-05-31,0.0050185582100477,0.5,0.0,0.00250927910502385,2.7564732280691873,0.5,0.0,0.00250927910502385,2.9363754670489004,2.0135634049907383
2024-06-03,0.0092587776332899,0.5,0.0,0.00462938881664495,2.7692340144045917,0.5,0.0,0.00462938881664495,2.949969090797527,2.032206540808078
2024-06-04,0.0016492295005927,1.0,0.5,0.0013992295005927,2.773108808331591,1.0,0.5,0.0013992295005927,2.9540967745752074,2.035558115786476
2024-06-05,0.0078209416002059,0.5,0.5,0.00366047080010295,2.783259692149997,0.5,0.5,0.00366047080010295,2.964910159559218,2.051478096933867
2024-06-06,-0.0070965436258744,0.5,0.0,-0.0035482718129372,2.773383930236257,0.5,0.0,-0.0035482718129372,2.954389852412163,2.03691969312145
2024-06-07,0.0123920197449609,0.5,0.0,0.00619600987248045,2.7905678444481796,0.5,0.0,0.00619600987248045,2.972695281104865,2.062161242177511
2024-06-10,-0.0191477474732083,0.5,0.0,-0.00957387373660415,2.7638513002520053,0.5,0.0,-0.00957387373660415,2.944235071826168,2.0226754994632588
2024-06-11,0.072649130074565,0.5,0.0,0.0363245650372825,2.8642469965613873,0.5,0.0,0.0363245650372825,3.051183130177766,2.1696211149224007
2024-06-12,0.0285783248853486,0.5,0.0,0.0142891624426743,2.9051746871711948,0.5,0.0,0.0142891624426743,3.0947819815672233,2.2316252520227655
2024-06-13,0.0054911531421599,0.5,0.0,0.00274557657107995,2.9131510667271865,0.5,0.0,0.00274557657107995,3.103278942468415,2.243879448037534
2024-06-14,-0.0081684092606422,0.5,0.0,-0.0040842046303211,2.9012531616516344,0.5,0.0,-0.0040842046303211,3.0906045162424074,2.2255505223744194
2024-06-17,0.0196715139535976,0.5,0.0,0.0098357569767988,2.9297891826778093,0.5,0.0,0.0098357569767988,3.121002951175565,2.2693304705297446
2024-06-18,-0.0109844463931323,0.5,0.0,-0.00549222319656615,2.913698126567658,0.5,0.0,-0.00549222319656615,3.1038617063705667,2.2444031316279087
2024-06-20,-0.0215129030752717,0.5,0.0,-0.01075645153763585,2.8823570738739326,0.5,0.0,-0.01075645153763585,3.070475168346468,2.1961195045953614
2024-06-21,-0.010444486837085,0.5,0.0,-0.0052222434185425,2.8673047036150052,0.5,0.0,-0.0052222434185425,3.0544403996067726,2.1731821633369495
2024-06-24,0.0031326810930645,0.5,0.0,0.00156634054653225,2.87179587923154,0.5,0.0,0.00156634054653225,3.0592246934516427,2.17999005001182
2024-06-25,0.0044681464398963,0.5,0.0,0.00223407321994815,2.8782116814984886,0.5,0.0,0.00223407321994815,3.0660592254130874,2.18973056479279
2024-06-26,0.0199933036781938,0.5,0.0,0.0099966518390969,2.9069841615976504,0.5,0.0,0.0099966518390969,3.0967095520075927,2.233510512948115
2024-06-27,0.0039859320046893,0.5,0.0,0.00199296600234465,2.9127776822010687,0.5,0.0,0.00199296600234465,3.1028811888638796,2.242413133984485
2024-06-28,-0.0162540868752918,0.5,0.0,-0.0081270434376459,2.889105411453615,0.5,0.0,-0.0081270434376459,3.0776639386601286,2.2059647560944056
2024-07-01,0.0291045484759282,0.5,0.0,0.0145522742379641,2.931148465703474,0.5,0.0,0.0145522742379641,3.122450948307803,2.2701683642743444
2024-07-02,0.016239907727797,0.5,0.0,0.0081199538638985,2.954949256013223,0.5,0.0,0.0081199538638985,3.1478051059503485,2.3070356890367236
2024-07-03,0.005811050074908,0.5,0.0,0.002905525037454,2.9635349350609754,0.5,0.0,0.002905525037454,3.1569511324987123,2.320441988950316
2024-07-05,0.0216204017151884,0.5,0.0,0.0108102008575942,2.9955713429574815,0.5,0.0,0.0108102008575942,3.1910784083386323,2.370610876908213
2024-07-08,0.0065388353804012,0.5,0.0,0.0032694176902006,3.0053651168984046,0.5,0.0,0.0032694176902006,3.2015113765376717,2.386111911183304
2024-07-09,0.0037749100166799,0.5,0.0,0.00188745500833995,3.0110376083401844,0.5,0.0,0.00188745500833995,3.207554085219575,2.395119268937749
2024-07-10,0.0188035683050549,0.5,0.0,0.00940178415252745,3.039346734008941,0.5,0.0,0.00940178415252745,3.237710816386367,2.4401560577099732
2024-07-11,-0.023220877328526,0.5,0.0,-0.011610438664263,3.004058585174302,0.5,0.0,-0.011610438664263,3.200119573540092,2.3834934932314304
2024-07-12,0.0130509293843652,0.5,0.0,0.0065254646921826,3.023661463405105,0.5,0.0,0.0065254646921826,3.22100184082799,2.4146002984996877
2024-07-15,0.0167432983430206,0.5,0.0,0.0083716491715103,3.048974496390148,0.5,0.0,0.0083716491715103,3.247966938220191,2.4550286716766148
2024-07-16,0.0017918088737201,0.5,0.0,0.00089590443686005,3.051706086169337,0.5,0.0,0.00089590443686005,3.2508768062109166,2.459427613835762
2024-07-17,-0.0252959713823354,0.5,0.0,-0.0126479856911677,3.0131081512578177,0.5,0.0,-0.0126479856911677,3.209759762882212,2.397214003299247
2024-07-18,-0.0205347780496329,0.5,0.0,-0.01026738902481645,2.982171397695008,0.5,0.0,-0.01026738902481645,3.1768039107204977,2.347987745804025
2024-07-19,0.0005798911588901,0.5,0.0,0.00028994557944505,2.983036065108917,0.5,0.0,0.00028994557944505,3.1777250109711748,2.3493493231389992
2024-07-22,-0.0015603406000623,-1.0,1.5,0.0008103406000623001,2.985453340343925,-1.0,1.5,0.0008103406000623001,3.1803000505633983,2.3456835380063765
2024-07-23,0.0046883372030719,0.5,1.5,0.0015941686015359501,2.990212656320452,0.5,1.5,0.0015941686015359501,3.1853699850474695,2.356680893404245
2024-07-24,-0.0287542775876628,0.5,0.0,-0.0143771387938314,2.9472219539374613,0.5,0.0,-0.0143771387938314,3.1395734786627374,2.2889162368097584
2024-07-25,-0.0048046124279307,-1.0,1.5,0.0040546124279307,2.959171796699766,-1.0,1.5,0.0040546124279307,3.1523032323077245,2.27791888141189
2024-07-26,0.0021610188974205,-1.0,0.0,-0.0021610188974205,2.952776970526384,-1.0,0.0,-0.0021610188974205,3.145491045452308,2.282841507161412
2024-07-29,0.0012846393833731,-1.0,0.0,-0.0012846393833731,2.948983716939729,-1.0,0.0,-0.0012846393833731,3.1414502237752724,2.2857741352675105
2024-07-30,0.0025659824046921,0.5,1.5,0.0005329912023460501,2.9505554993167196,0.5,1.5,0.0005329912023460501,3.143124589107152,2.2916393914797073
2024-07-31,0.0149908592321754,0.5,0.0,0.0074954296160877,2.972671180390208,0.5,0.0,0.0074954296160877,3.1666836582393993,2.325993035008288
2024-08-01,-0.016750720461095,0.5,0.0,-0.0083753602305475,2.9477739884074734,0.5,0.0,-0.0083753602305475,3.1401615418654565,2.28703097588441
2024-08-02,0.0068693899981682,0.5,0.0,0.0034346949990841,2.9578986929838864,0.5,0.0,0.0034346949990841,3.1509470390096177,2.3027414835956512
2024-08-05,-0.0481670153734195,-1.0,1.5,0.0474170153734195,3.0981534207821206,-1.0,1.5,0.0474170153734195,3.300355543199167,2.1918252991542886
2024-08-06,-0.0097481722177092,-1.0,0.0,0.0097481722177092,3.12835475388479,-1.0,0.0,0.0097481722177092,3.3325279774139442,2.1704590086670006
2024-08-07,0.0124981904164456,-1.0,0.0,-0.0124981904164456,3.089255980480545,-1.0,0.0,-0.0124981904164456,3.2908774081840924,2.1975858186484105
2024-08-08,0.0166333047373941,0.5,1.5,0.0075666523686970496,3.1126313065627595,0.5,1.5,0.0075666523686970496,3.31577833351982,2.234138933256565
2024-08-09,0.0137358773615865,0.5,0.0,0.00686793868079325,3.13400866751215,0.5,0.0,0.00686793868079325,3.3385508957935373,2.264826791652523
2024-08-12,0.0059655937846836,0.5,0.0,0.0029827968923418,3.143356778826177,0.5,0.0,0.0029827968923418,3.348509115030435,2.27833782828419
2024-08-13,0.0171930308463201,0.5,0.0,0.00859651542316005,3.170378693855851,0.5,0.0,0.00859651542316005,3.377294625282386,2.3175093608442183
2024-08-14,0.0020337144664888,0.5,0.0,0.0010168572332444,3.1736025163628216,0.5,0.0,0.0010168572332444,3.3807288517509013,2.3222225131575907
2024-08-15,0.0135305791087858,0.5,0.0,0.0067652895543929,3.195072856316566,0.5,0.0,0.0067652895543929,3.403600461337886,2.353643528580073
2024-08-16,0.0059184763260946,0.5,0.0,0.0029592381630473,3.204527837846694,0.5,0.0,0.0029592381630473,3.4136725257148424,2.36757351208404
2024-08-19,-0.0007078080070781,0.5,0.0,-0.00035390400353905,3.2033937426154275,0.5,0.0,-0.00035390400353905,3.4124644133412207,2.365897724594841
2024-08-20,0.0027446987471777,0.5,0.0,0.00137234937358885,3.207789918011464,0.5,0.0,0.00137234937358885,3.417147506741264,2.372391401115487
2024-08-21,-0.0004856297735198,0.5,0.0,-0.0002428148867599,3.2070110188657726,0.5,0.0,-0.0002428148867599,3.4163177724563725,2.371239297216663
2024-08-22,-0.0082597173144876,0.5,0.0,-0.0041298586572438,3.1937665166456335,0.5,0.0,-0.0041298586572438,3.4022088629278975,2.351653530936649
2024-08-23,0.0102881574845232,1.0,0.5,0.0100381574845232,3.2258260479085195,1.0,0.5,0.0100381574845232,3.436360771289208,2.3758477128119604
2024-08-26,0.0014988538176687,1.0,0.0,0.0014988538176687,3.2306610895955625,1.0,0.0,0.0014988538176687,3.441511373750142,2.3794087612265082
2024-08-27,0.0037415265428295,0.5,0.5,0.00162076327141475,3.2358972264319674,0.5,0.5,0.00162076327141475,3.447089248982872,2.3883113822628785
2024-08-28,-0.0067534973468402,0.5,0.0,-0.0033767486734201,3.2249704147652896,0.5,0.0,-0.0033767486734201,3.435449294934209,2.372181927679338
2024-08-29,0.0145701796988828,0.5,0.0,0.0072850898494414,3.248464613998645,0.5,0.0,0.0072850898494414,3.4604768517210047,2.4067450446440684
2024-08-30,-0.0034379215805735,0.5,0.0,-0.00171896079028675,3.242880630698547,0.5,0.0,-0.00171896079028675,3.4545284276972015,2.398470843916148
2024-09-03,-0.0272052401746724,0.5,0.0,-0.0136026200873362,3.1987689574905738,0.5,0.0,-0.0136026200873362,3.407537789914334,2.33321986855546
2024-09-04,-0.0086187547694932,-1.0,1.5,0.007868754769493199,3.2239392859813343,-1.0,1.5,0.007868754769493199,3.4343508691509506,2.3131104186850715
2024-09-05,0.0069277790355444,-1.0,0.0,-0.0069277790355444,3.201604546984045,-1.0,0.0,-0.0069277790355444,3.410558445198943,2.3291351365505375
2024-09-06,-0.0070150193362712,-1.0,0.0,0.0070150193362712,3.224063864788232,-1.0,0.0,0.0070150193362712,3.434483578639497,2.312796208530847
2024-09-09,0.0004075717779186,-1.0,0.0,-0.0004075717779186,3.2227498273467368,-1.0,0.0,-0.0004075717779186,3.4330837800611187,2.313738838993521
2024-09-10,-0.0036213842741387,0.5,1.5,-0.00256069213706935,3.2144973572041082,0.5,1.5,-0.00256069213706935,3.424292709419616,2.305359901547526
2024-09-11,0.0115851165326426,0.5,0.0,0.0057925582663213,3.2331175204426486,0.5,0.0,0.0057925582663213,3.444128124459868,2.3320677646566357
2024-09-12,0.0004940267672686,0.5,0.0,0.0002470133836343,3.2339161437410606,0.5,0.0,0.0002470133836343,3.444978870201561,2.33321986855546
2024-09-13,-0.00121201238946,0.5,0.0,-0.00060600619473,3.2319563705247165,0.5,0.0,-0.00060600619473,3.442891191665505,2.330391977167437
2024-09-16,-0.0277752808988764,0.5,0.0,-0.0138876404494382,3.187072122502598,0.5,0.0,-0.0138876404494382,3.3950775566891167,2.265664685397123
2024-09-17,0.0021727071005916,0.5,0.0,0.0010863535502958,3.1905344096179276,0.5,0.0,0.0010863535502958,3.3987658112463555,2.2705873111466452
2024-09-18,0.0179897596752618,0.5,0.0,0.0089948798376309,3.2192328832502675,0.5,0.0,0.0089948798376309,3.4293373013147646,2.3114346311958722
2024-09-19,0.0370655670850514,0.5,0.0,0.0185327835425257,3.2788942294485257,0.5,0.0,0.0185327835425257,3.4928924672143404,2.397109266581174
2024-09-20,-0.0029274260497226,0.5,0.0,-0.0014637130248613,3.2740948692577394,0.5,0.0,-0.0014637130248613,3.4877798750156392,2.3900919064701527
2024-09-23,-0.0075810692375108,0.5,0.0,-0.0037905346187554,3.2616842993107285,0.5,0.0,-0.0037905346187554,3.474559324656794,2.3719724542431884
2024-09-24,0.0039740362961981,1.0,0.5,0.0037240362961981,3.273830930028101,1.0,0.5,0.0037240362961981,3.4874987096951093,2.381398758869933
2024-09-25,-0.0043981176056647,0.5,0.5,-0.0024490588028323497,3.265813125569931,0.5,0.5,-0.0024490588028323497,3.4789576202802643,2.370925087062439
2024-09-26,0.0050801784688783,0.5,0.0,0.00254008923443915,3.2741085823318814,0.5,0.0,0.00254008923443915,3.4877944830786083,2.3829698096410574
2024-09-27,0.0011867088607593,0.5,0.0,0.00059335443037965,3.276051289164752,0.5,0.0,0.00059335443037965,3.4898639813873964,2.3857977010290803
2024-09-30,0.0228719434566926,0.5,0.0,0.0114359717283463,3.3135161190882525,0.5,0.0,0.0114359717283463,3.5297739672143167,2.4403655311461248
2024-10-01,-0.0291416309012875,0.5,0.0,-0.01457081545064375,3.265235487224284,0.5,0.0,-0.01457081545064375,3.47834228215555,2.36924929957324
2024-10-02,0.0025197825029839,0.5,0.0,0.00125989125149195,3.2693493288486986,0.5,0.0,0.00125989125149195,3.482724615166532,2.3752192925035116
2024-10-03,-0.0048946115177705,0.5,0.0,-0.00244730575888525,3.2613482314083995,0.5,0.0,-0.00244730575888525,3.4742013231592233,2.3635935167971933
2024-10-04,0.0050073115611291,0.5,0.0,0.00250365578056455,3.2695135247603986,0.5,0.0,0.00250365578056455,3.4828995273847956,2.375428765939662
2024-10-07,-0.0225308641975309,-1.0,1.5,0.0217808641975309,3.3407263548351955,-1.0,1.5,0.0217808641975309,3.5587600890044087,2.321908303003367
2024-10-08,0.0184040777662501,-1.0,0.0,-0.0184040777662501,3.2792433672050474,-1.0,0.0,-0.0184040777662501,3.4932643915749444,2.364640883977943
2024-10-09,0.0166984098861673,-1.0,0.0,-0.0166984098861673,3.224485217342962,-1.0,0.0,-0.0166984098861673,3.434932430923673,2.4041266266921957
2024-10-10,-0.0021782695826435,-1.0,0.0,0.0021782695826435,3.231509015411584,-1.0,0.0,0.0021782695826435,3.44241463975639,2.3988897907884486
2024-10-11,-0.0065054139015018,0.5,1.5,-0.0040027069507509,3.218574231814182,0.5,1.5,-0.0040027069507509,3.4286356627504704,2.3832840197952825
2024-10-14,0.016479894528675,0.5,0.0,0.0082399472643375,3.2450951137506863,0.5,0.0,0.0082399472643375,3.456887439800161,2.4225602890733855
2024-10-15,0.0110246433203631,0.5,0.0,0.00551232166018155,3.2629831218355636,0.5,0.0,0.00551232166018155,3.475942915311381,2.4492681521824955
2024-10-16,-0.0088518280949325,0.5,0.0,-0.00442591404746625,3.248541438999986,0.5,0.0,-0.00442591404746625,3.4605586907343135,2.4275876515409833
2024-10-17,0.0015963413581845,0.5,0.0,0.00079817067909225,3.251134329526412,0.5,0.0,0.00079817067909225,3.4633208072145356,2.4314629101097562
2024-10-18,0.0122765453370665,0.5,0.0,0.00613827266853325,3.2710906785230742,0.5,0.0,0.00613827266853325,3.4845796146678234,2.4613128747611146
2024-10-21,0.0062978723404254,0.5,0.0,0.0031489361702127,3.281391134276721,0.5,0.0,0.0031489361702127,3.4955523334544365,2.476813909036206
2024-10-22,-0.0026217861975641,0.5,0.0,-0.00131089309878205,3.277089581284393,0.5,0.0,-0.00131089309878205,3.4909700380240793,2.4703202325155598
2024-10-23,-0.0216229966929535,0.5,0.0,-0.01081149834647675,3.2416593326950807,0.5,0.0,-0.01081149834647675,3.453227421230382,2.4169045062973398
2024-10-24,-0.000823366267984,0.5,0.0,-0.000411683133992,3.2403247962216626,0.5,0.0,-0.000411683133992,3.451805785743223,2.4149145086539163
2024-10-25,0.0036431452487313,0.5,0.0,0.00182157262436565,3.246227283164513,0.5,0.0,0.00182157262436565,3.4580935006671596,2.4237123929722113
2024-10-28,0.008599455511862,-1.0,1.5,-0.009349455511862,3.2158768255991736,-1.0,1.5,-0.009349455511862,3.425762209326813,2.4445549998691245
2024-10-29,0.0011568123393315,-1.0,0.0,-0.0011568123393315,3.2121566596055504,-1.0,0.0,-0.0011568123393315,3.421799245331448,2.447382891257148
2024-10-30,-0.0152779560919245,-1.0,0.0,0.0152779560919245,3.261231848011387,-1.0,0.0,0.0152779560919245,3.4740773439570023,2.409991882904394
2024-10-31,-0.0182094741416775,-1.0,0.0,0.0182094741416775,3.320617165017765,-1.0,0.0,0.0182094741416775,3.5373384655179745,2.366107198030994
2024-11-01,-0.0132796246292771,-1.0,0.0,0.0132796246292771,3.364713714506735,-1.0,0.0,0.0132796246292771,3.584312992526756,2.3346861826085115
2024-11-04,-0.004037503925351,-1.0,0.0,0.004037503925351,3.378298759336739,-1.0,0.0,0.004037503925351,3.5987846703037696,2.325259877981767
2024-11-05,0.0064861943155714,-1.0,0.0,-0.0064861943155714,3.356386457127627,-1.0,0.0,-0.0064861943155714,3.57544225363228,2.3403419653845585
2024-11-06,-0.0032669501006936,-1.0,0.0,0.0032669501006936,3.367351604201707,-1.0,0.0,0.0032669501006936,3.587123045062808,2.332696184965088
2024-11-07,0.0213721264367816,-1.0,0.0,-0.0213721264367816,3.295384139959609,-1.0,0.0,-0.0213721264367816,3.510458597799433,2.38255086276876
2024-11-08,-0.0022859152452961,-1.0,0.0,0.0022859152452961,3.30291710880425,-1.0,0.0,0.0022859152452961,3.5184832086261233,2.3771045534288637
2024-11-11,-0.0120285512865704,-1.0,0.0,0.0120285512865704,3.3426464166427925,-1.0,0.0,0.0120285512865704,3.5608054643520193,2.3485114293944047
2024-11-12,0.0,0.5,1.5,-0.00075,3.3401394318303104,0.5,1.5,-0.00075,3.5581348602537552,2.3485114293944047
2024-11-13,0.003969138830665,-1.0,1.5,-0.004719138830665,3.3243768501377247,-1.0,1.5,-0.004719138830665,3.541343527869989,2.357832997303075
2024-11-14,0.0137704335465529,-1.0,0.0,-0.0137704335465529,3.2785987396392042,-1.0,0.0,-0.0137704335465529,3.4925776921539398,2.390301379906307
2024-11-15,-0.0141091928840592,-1.0,0.0,0.0141091928840592,3.3248571216462066,-1.0,0.0,0.0141091928840592,3.5418551444751016,2.356576156686176
2024-11-18,0.0134222222222222,1.0,2.0,0.012422222222222199,3.366159235668434,1.0,2.0,0.012422222222222199,3.585852856158692,2.388206645544808
2024-11-19,0.001140250855188,0.5,0.5,0.000320125427594,3.3672368288331014,0.5,0.5,0.000320125427594,3.5870007788375586,2.3909298002147565
2024-11-20,0.003154021377256,0.5,0.0,0.001577010688628,3.3725469973033126,0.5,0.0,0.001577010688628,3.592657517405902,2.3984708439161526
2024-11-21,-0.0020960698689955,1.0,0.5,-0.0023460698689955,3.364634766411168,1.0,0.5,-0.0023460698689955,3.584228891854696,2.3934434814485557
2024-11-22,0.0059075792053211,0.5,0.5,0.0027037896026605498,3.3737320309093404,0.5,0.5,0.0027037896026605498,3.593919892666048,2.4075829383886727
2024-11-25,0.0130508548309913,0.5,0.0,0.00652542741549565,3.395747074396372,0.5,0.0,0.00652542741549565,3.6173717560627456,2.439003953811155
2024-11-26,0.0094043887147334,1.0,0.5,0.0091543887147334,3.4268330630923147,1.0,0.5,0.0091543887147334,3.650486583243442,2.461941295069567
2024-11-27,-0.0005530502850336,0.5,0.5,-0.0005265251425168,3.4250287493253886,0.5,0.5,-0.0005265251425168,3.648564510274944,2.4605797177345927
2024-11-29,0.0102158089643724,0.5,0.0,0.0051079044821862,3.4425234690256845,0.5,0.0,0.0051079044821862,3.667201029290523,2.4857165300725788
2024-12-02,0.0095226056545738,1.0,0.5,0.0092726056545738,3.474444631610575,1.0,0.5,0.0092726056545738,3.701205538291181,2.5093870283575157
2024-12-03,0.0127718185233107,0.5,0.5,0.0061359092616553495,3.495763508604783,0.5,0.5,0.0061359092616553495,3.723915799632872,2.541436464088448
2024-12-04,0.0014836183803832,0.5,0.0,0.0007418091901916,3.4983566981022025,0.5,0.0,0.0007418091901916,3.7266782345965392,2.545206985939146
2024-12-05,0.000123451709806,0.5,0.0,6.1725854903e-05,3.4985726371601484,0.5,0.0,6.1725854903e-05,3.7269082669965177,2.545521196093371
2024-12-06,-0.0008229098090848,0.5,0.0,-0.0004114549045424,3.497133132289691,0.5,0.0,-0.0004114549045424,3.725374812311282,2.543426461731872
2024-12-09,0.0161011365508152,0.5,0.0,0.0080505682754076,3.525287041339379,0.5,0.0,0.0080505682754076,3.7553661965892777,2.584378518499174
2024-12-10,0.0041337386018236,0.5,0.0,0.0020668693009118,3.5325733489020257,0.5,0.0,0.0020668693009118,3.76312804769469,2.595061663742818
2024-12-11,-0.0051660814465027,0.5,0.0,-0.00258304072325135,3.5234485680839396,0.5,0.0,-0.00258304072325135,3.7534077347006853,2.581655363829226
2024-12-12,0.0059637307801534,0.5,0.0,0.0029818653900767,3.5339550174228243,0.5,0.0,0.0029818653900767,3.764599891319635,2.5970516613862427
2024-12-13,0.0006855944507178,0.5,0.0,0.0003427972253589,3.53516644739734,0.5,0.0,0.0003427972253589,3.7658903857169657,2.5988321855935164
2024-12-16,0.0117277233708137,0.5,0.0,0.00586386168540685,3.5558961744797686,0.5,0.0,0.00586386168540685,3.787973046061213,2.6293105705533244
2024-12-17,0.0097195666029317,0.5,0.0,0.00485978330146585,3.5731770593302516,0.5,0.0,0.00485978330146585,3.806381774216864,2.65486632976361
2024-12-18,-0.0214218084267002,0.5,0.0,-0.0107109042133501,3.534905102110425,0.5,0.0,-0.0107109042133501,3.765611983633786,2.5979942918489174
2024-12-19,0.0070147147752468,0.5,0.0,0.0035073573876234,3.54730327763486,0.5,0.0,0.0035073573876234,3.778819330643507,2.616218480793957
2024-12-20,0.0188158052764322,0.5,0.0,0.0094079026382161,3.5806759614990735,0.5,0.0,0.0094079026382161,3.81437009499361,2.6654447382891795
2024-12-23,0.0030649534362843,0.5,0.0,0.00153247671814215,3.586163264045282,0.5,0.0,0.00153247671814215,3.8202155283585655,2.673614202299025
2024-12-24,0.011478042856583,0.5,0.0,0.0057390214282915,3.60674433186299,0.5,0.0,0.0057390214282915,3.8421398271365073,2.704302060694982
2024-12-26,0.0031758326878388,0.5,0.0,0.0015879163439194,3.612471540135894,0.5,0.0,0.0015879163439194,3.848240823763641,2.7128904715771274
2024-12-27,-0.0132422206779398,0.5,0.0,-0.0066211103389699,3.5885529674722654,0.5,0.0,-0.0066211103389699,3.8227611966585733,2.676965777277423
2024-12-30,-0.0132634297116476,0.5,0.0,-0.0066317148558238,3.5647547074469688,0.5,0.0,-0.0066317148558238,3.797409734440426,2.6414600298500175
2024-12-31,-0.0070578905630451,0.5,0.0,-0.00352894528152255,3.5521748831423383,0.5,0.0,-0.00352894528152255,3.7840088832760643,2.6228168940326784
2025-01-02,-0.0262359236482708,0.5,0.0,-0.0131179618241354,3.5055775886326246,0.5,0.0,-0.0131179618241354,3.7343703992030597,2.5540048702574425
2025-01-03,-0.0020094320278859,0.5,0.0,-0.00100471601394295,3.502055478691206,0.5,0.0,-0.00100471601394295,3.730618417460986,2.5488727710717707
2025-01-06,0.0067389875082182,0.5,0.0,0.0033694937541091,3.5138556327531996,0.5,0.0,0.0033694937541091,3.7431887129175854,2.5660495928360607
2025-01-07,-0.0113877551020408,0.5,0.0,-0.0056938775510204,3.4938481690483396,0.5,0.0,-0.0056938775510204,3.721875454735871,2.536828048493152
2025-01-08,0.0020230378597083,0.5,0.0,0.00101151892985415,3.497382262609368,0.5,0.0,0.00101151892985415,3.7256402022128956,2.541960147678824
2025-01-10,-0.0241038318912236,0.5,0.0,-0.0120519159456118,3.455232105550726,0.5,0.0,-0.0120519159456118,3.6807390996522336,2.4806891676049836
2025-01-13,-0.010344099641123,0.5,0.0,-0.0051720498205615,3.437361472959214,0.5,0.0,-0.0051720498205615,3.6617021336523434,2.455028671676623
2025-01-14,-0.004778156996587,0.5,0.0,-0.0023890784982935,3.429149346573305,0.5,0.0,-0.0023890784982935,3.652954039817679,2.44329815925223
2025-01-15,0.019675925925926,0.5,0.0,0.009837962962963,3.462885190839362,0.5,0.0,0.009837962962963,3.688891666366812,2.4913723128486285
2025-01-16,-0.040400218606802,0.5,0.0,-0.020200109303401,3.3929345314792783,0.5,0.0,-0.020200109303401,3.6143756514977974,2.39072032677861
2025-01-17,0.0075352668010164,0.5,0.0,0.0037676334005082,3.405717864945817,0.5,0.0,0.0037676334005082,3.627993293924364,2.4087350422875
2025-01-21,-0.0319158187668493,0.5,0.0,-0.01595790938342465,3.351369727871501,0.5,0.0,-0.01595790938342465,3.5700981056962466,2.3318582912204926
2025-01-22,0.0053449514911967,0.5,0.0,0.00267247574559835,3.3603261821837695,0.5,0.0,0.00267247574559835,3.579639106293126,2.344321960671411
2025-01-23,-0.0007595049814592,0.5,0.0,-0.0003797524907296,3.3590500899464213,0.5,0.0,-0.0003797524907296,3.578279729426598,2.342541436464137
2025-01-24,-0.0039345435035321,0.5,0.0,-0.00196727175176605,3.3524419255917026,0.5,0.0,-0.00196727175176605,3.57124028079498,2.3333246052735426
2025-01-27,0.0317802316186373,0.5,0.0,0.01589011580931865,3.4057126160333704,0.5,0.0,0.01589011580931865,3.6279877024397162,2.4074782016706013
2025-01-28,0.0365439832941789,0.5,0.0,0.01827199164708945,3.4679417685059195,0.5,0.0,0.01827199164708945,3.694278263434438,2.495457044853552
2025-01-29,0.0046168051708219,0.5,0.0,0.00230840258541095,3.4759471742503933,0.5,0.0,0.00230840258541095,3.7028061449289775,2.506978083841796
2025-01-30,-0.0073947192513369,0.5,0.0,-0.00369735962566845,3.463095347507364,0.5,0.0,-0.00369735962566845,3.68911553898704,2.488439684742531
2025-01-31,-0.0066922008502041,0.5,0.0,-0.00334610042510205,3.4515074826929,0.5,0.0,-0.00334610042510205,3.6767713879137847,2.4717865465686155
2025-02-03,-0.0338559322033898,0.5,0.0,-0.0169279661016949,3.3930804810261286,0.5,0.0,-0.0169279661016949,3.6145311264954985,2.3881019088267377
2025-02-04,0.0210078505328714,0.5,0.0,0.0105039252664357,3.4287211448218287,0.5,0.0,0.0105039252664357,3.6524978913214126,2.438270796784635
2025-02-05,-0.0014175257731959,0.5,0.0,-0.00070876288659795,3.4262909945258855,0.5,0.0,-0.00070876288659795,3.6499091363726666,2.434814485088162
2025-02-06,0.0032262227384178,0.5,0.0,0.0016131113692089,3.431817983483373,0.5,0.0,0.0016131113692089,3.6557968462971284,2.4426697389437826
2025-02-07,-0.02396878483835,0.5,0.0,-0.011984392419175,3.3906897300581265,0.5,0.0,-0.011984392419175,3.611984342286321,2.384121913539891
2025-02-10,8.786188112286375e-05,0.5,0.0,4.3930940561431875e-05,3.3908386862471196,0.5,0.0,4.3930940561431875e-05,3.6121430201557705,2.3843313869760405
2025-02-11,0.0218317592795957,0.5,0.0,0.01091587963979785,3.4278526732241636,0.5,0.0,0.01091587963979785,3.651572738605527,2.4363855358592863
2025-02-12,0.0182701401427221,0.5,0.0,0.00913507007136105,3.4591663475883685,0.5,0.0,0.00913507007136105,3.68493011144336,2.4808986410411364
2025-02-13,0.0196732384852451,0.5,0.0,0.00983661924262255,3.4931928498464884,0.5,0.0,0.00983661924262255,3.7211773658853025,2.5297059516640594
2025-02-14,0.0127106363598723,0.5,0.0,0.00635531817993615,3.5153932018711402,0.5,0.0,0.00635531817993615,3.74482663204948,2.5618601241130663
2025-02-18,-0.0005314799672935,0.5,0.0,-0.00026573998364675,3.514459021339163,0.5,0.0,-0.00026573998364675,3.7438314818815193,2.560498546778092
2025-02-19,0.0016361925798666,0.5,0.0,0.0008180962899333,3.5173341872256434,0.5,0.0,0.0008180962899333,3.7468942965269822,2.56468801550109
2025-02-20,0.0039204475844325,0.5,0.0,0.00196022379221625,3.524228949384619,0.5,0.0,0.00196022379221625,3.754239047873954,2.5747427404362844
2025-02-21,-0.0011389984948948,0.5,0.0,-0.0005694992474474,3.5222219036501117,0.5,0.0,-0.0005694992474474,3.752101011561452,2.571810112330186
2025-02-24,0.0063123600081449,0.5,0.0,0.00315618000407245,3.533338669992318,0.5,0.0,0.00315618000407245,3.7639433177474024,2.588044303631802
2025-02-25,-0.0002428166734116,0.5,0.0,-0.0001214083367058,3.532909693221376,0.5,0.0,-0.0001214083367058,3.7634863436497397,2.5874158833233523
2025-02-26,-0.0270401554404143,0.5,0.0,-0.01352007772020715,3.48514447959055,0.5,0.0,-0.01352007772020715,3.712603715784657,2.517451755649292
2025-02-27,-0.0127309036445332,0.5,0.0,-0.0063654518222666,3.462959960312078,0.5,0.0,-0.0063654518222666,3.688971315696662,2.48540231991836
2025-02-28,0.0191319005478296,0.5,0.0,0.0095659502739148,3.496086463092981,0.5,0.0,0.0095659502739148,3.724259831864514,2.532952789924383
2025-03-03,-0.0157542176645716,0.5,0.0,-0.0078771088322858,3.4685474095361166,0.5,0.0,-0.0078771088322858,3.6949234318492072,2.4930481003378304
2025-03-04,-0.0088224173423517,0.5,0.0,-0.00441120867117585,3.4532469231267866,0.5,0.0,-0.00441120867117585,3.678624353567303,2.471053389542093
2025-03-05,-0.000805323612936,0.5,0.0,-0.000402661806468,3.4518564324825403,0.5,0.0,-0.000402661806468,3.6771431120397784,2.4690633918986697
2025-03-06,-0.0017392042080257,0.5,0.0,-0.00086960210401285,3.448854690866103,0.5,0.0,-0.00086960210401285,3.673945460652792,2.4647691864575973
2025-03-07,0.0158925763821016,0.5,0.0,0.0079462881910508,3.476260284168782,0.5,0.0,0.0079462881910508,3.703139690081342,2.503940719017625
2025-03-10,-0.0484795248253649,0.5,0.0,-0.02423976241268245,3.391996560795887,0.5,0.0,-0.02423976241268245,3.613376463812796,2.382550862768768
2025-03-11,-0.029189379286091,0.5,0.0,-0.0145946896430455,3.342491423720793,0.5,0.0,-0.0145946896430455,3.5606403557599626,2.3130056819670073
2025-03-12,-0.0174787176236189,0.5,0.0,-0.00873935881180945,3.3132801918435013,0.5,0.0,-0.00873935881180945,3.5295226420911674,2.27257730879008
2025-03-13,-0.0336436537929761,0.5,0.0,-0.01682182689648805,3.257544765996747,0.5,0.0,-0.01682182689648805,3.4701496231786746,2.196119504595373
2025-03-14,0.018170545593285,0.5,0.0,0.0090852727966425,3.287140448843102,0.5,0.0,0.0090852727966425,3.5016768791504185,2.2360241941819257
2025-03-17,0.0023888706730994,0.5,0.0,0.0011944353365497,3.291066725551402,0.5,0.0,0.0011944353365497,3.5058594057520547,2.2413657668037477
2025-03-18,-0.0061214953271028,0.5,0.0,-0.0030607476635514,3.2809936007605787,0.5,0.0,-0.0030607476635514,3.4951288547671595,2.22764525673593
2025-03-19,0.0119892801730219,0.5,0.0,0.00599464008651095,3.300661976523284,0.5,0.0,0.00599464008651095,3.5160808943074677,2.2543531198450406
2025-03-20,-0.0052964133060769,0.5,0.0,-0.00264820665303845,3.2919211415176237,0.5,0.0,-0.00264820665303845,3.506769585490541,2.2424131339844973
2025-03-21,0.0194768799626343,0.5,0.0,0.00973843998131715,3.323979317977522,0.5,0.0,0.00973843998131715,3.5409200506271494,2.286088345421748
2025-03-24,0.0112704448618681,0.5,0.0,0.00563522243093405,3.3427106807901494,0.5,0.0,0.00563522243093405,3.560873922722587,2.3118535780681833
2025-03-25,0.0136818737824491,0.5,0.0,0.00684093689122455,3.365577953603057,0.5,0.0,0.00684093689122455,3.5852336365055395,2.3434840669268153
2025-03-26,-0.0099217877094972,0.5,0.0,-0.0049608938547486,3.34888167861535,0.5,0.0,-0.0049608938547486,3.5674476729903613,2.3202325155141783
2025-03-27,0.0104726222182096,0.5,0.0,0.0052363111091048,3.366417464952161,0.5,0.0,0.0052363111091048,3.5861279388715905,2.3445314341075645
2025-03-28,-0.0265802993075719,0.5,0.0,-0.01329014965378595,3.321677273045828,0.5,0.0,-0.01329014965378595,3.538467761886364,2.2822130868529746
2025-03-31,0.0194125745754933,0.5,0.0,0.00970628728774665,3.3539184269351896,0.5,0.0,0.00970628728774665,3.5728131465416633,2.326516718598675
2025-04-01,0.0047719803718542,0.5,0.0,0.0023859901859271,3.361920843386257,0.5,0.0,0.0023859901859271,3.581337843645463,2.3376188107146185
2025-04-02,0.0031363412339262,0.5,0.0,0.0015681706169631,3.3671929088694106,0.5,0.0,0.0015681706169631,3.5869539924212854,2.3449503809798644
2025-04-03,-0.0924561168430925,0.5,0.0,-0.04622805842154625,3.2115341183615795,0.5,0.0,-0.04622805842154625,3.421136073704236,2.1281453745647356
2025-04-04,-0.0728874452482898,0.5,0.0,-0.0364437226241449,3.0944938597540323,0.5,0.0,-0.0364437226241449,3.2964571395747027,1.9730302950957472
2025-04-07,-0.0367342605372119,0.5,0.0,-0.01836713026860595,3.037656887916529,0.5,0.0,-0.01836713026860595,3.235910681867258,1.900552486187888
2025-04-08,-0.0498181417392263,0.5,0.0,-0.02490907086961315,2.9619916772178474,0.5,0.0,-0.02490907086961315,3.155307153364888,1.8058704930481408
2025-04-09,0.153288481614662,0.5,0.0,0.076644240807331,3.189011280595842,0.5,0.0,0.076644240807331,3.39714327464848,2.0826896389202116
2025-04-10,-0.042393764143827,0.5,0.0,-0.0211968820719135,3.12141418455505,0.5,0.0,-0.0211968820719135,3.325134429274362,1.994396585583036
2025-04-11,0.0405944753702343,0.5,0.0,0.02029723768511715,3.18477027017266,0.5,0.0,0.02029723768511715,3.3926254731203103,2.0753580686549657
2025-04-14,0.0220539994953319,0.5,0.0,0.01102699974766595,3.2198887311382283,0.5,0.0,0.01102699974766595,3.430035953356333,2.1211280144537152
2025-04-15,-0.0018763578905788,0.5,0.0,-0.0009381789452894,3.2168678993245,0.5,0.0,-0.0009381789452894,3.4268179658433087,2.117148019166867
2025-04-16,-0.0389334124863954,0.5,0.0,-0.0194667062431977,3.1542460769051774,0.5,0.0,-0.0194667062431977,3.360109107153325,2.0347202220418885
2025-04-17,0.0139496576929014,0.5,0.0,0.0069748288464507,3.1762464034311795,0.5,0.0,0.0069748288464507,3.383545293081119,2.0631038726401973
2025-04-21,-0.0193928317595695,0.5,0.0,-0.00969641587978475,3.1454481973668402,0.5,0.0,-0.00969641587978475,3.3507370307713162,2.02309444633557
2025-04-22,0.0340650238144544,0.5,0.0,0.0170325119072272,3.1990230812420575,0.5,0.0,0.0170325119072272,3.407808499145916,2.0920112068288814
2025-04-23,0.0243316311204564,0.5,0.0,0.0121658155602282,3.2379418060213614,0.5,0.0,0.0121658155602282,3.4492672688111035,2.1429132518133027
2025-04-24,0.0184261974584556,0.5,0.0,0.0092130987292278,3.2677732835597304,0.5,0.0,0.0092130987292278,3.4810457087021542,2.182398994527556
2025-04-25,0.0043672313672793,0.5,0.0,0.00218361568363965,3.2749088445522903,0.5,0.0,0.00218361568363965,3.4886469747071427,2.1919300358723754
2025-04-28,0.0041093272171253,0.5,0.0,0.00205466360856265,3.2816376805765515,0.5,0.0,0.00205466360856265,3.4958149706891954,2.20093739362682
2025-04-29,0.0050918435328828,0.5,0.0,0.0025459217664414,3.2899924733771058,0.5,0.0,0.0025459217664414,3.504715042114525,2.212144222460839
2025-04-30,0.006107665356754,0.5,0.0,0.003053832678377,3.3000395599039187,0.5,0.0,0.003053832678377,3.515417855438533,2.2256552590925067
