date,market_return,overlay_position,overlay_turnover,overlay_return,overlay_equity,passive_50_return,passive_50_equity,tiered_short_return,tiered_short_equity,original_strategy_return,original_strategy_equity,benchmark_equity
2020-07-14,0.0165484014558403,0.5,0.5,0.00802420072792015,1.00802420072792,0.00802420072792015,1.00802420072792,0.0,1.0,0.0,1.0,1.0165484014558404
2020-07-15,0.0068773665095431,0.5,0.0,0.00343868325477155,1.0114904766673676,0.00343868325477155,1.0114904766673676,0.0,1.0,0.0,1.0,1.0235395773873424
2020-07-16,-0.0123049373241238,0.5,0.0,-0.0061524686620619,1.0052673132076975,-0.0061524686620619,1.0052673132076975,-0.0,1.0,-0.0,1.0,1.010944987038831
2020-07-17,-0.0020202543448417,0.5,0.0,-0.00101012717242085,1.0042518653790797,-0.00101012717242085,1.0042518653790797,-0.0,1.0,-0.0,1.0,1.0089026210363699
2020-07-20,0.0210739404635229,0.5,0.0,0.01053697023176145,1.01483363738977,0.01053697023176145,1.01483363738977,0.0,1.0,0.0,1.0,1.0301641748055825
2020-07-21,-0.0138016928043108,0.5,0.0,-0.0069008464021554,1.0078304263344025,-0.0069008464021554,1.0078304263344025,-0.0,1.0,-0.0,1.0,1.0159461653269095
2020-07-22,0.0028092783505153,0.5,0.0,0.00140463917525765,1.0092460644332484,0.00140463917525765,1.0092460644332484,0.0,1.0,0.0,1.0,1.0188002408944514
2020-07-23,-0.0455164614870594,0.5,0.0,-0.0227582307435297,0.9862774096218773,-0.0227582307435297,0.9862774096218773,-0.0,1.0,-0.0,1.0,0.9724280589667723
2020-07-24,-0.0024772470246109,0.5,0.0,-0.00123862351230545,0.985055783232664,-0.00123862351230545,0.985055783232664,-0.0,1.0,-0.0,1.0,0.9700191144510487
2020-07-27,0.0237002645359822,0.5,0.0,0.0118501322679911,0.9967288245553206,0.0118501322679911,0.9967288245553206,0.0,1.0,0.0,1.0,0.9930088240684979
2020-07-28,-0.0164275920261576,0.5,0.0,-0.0082137960130788,0.9885418973100674,-0.0082137960130788,0.9885418973100674,-0.0,1.0,-0.0,1.0,0.9766960802283261
2020-07-29,0.0191683869065173,0.5,0.0,0.00958419345325865,0.9980162740905383,0.00958419345325865,0.9980162740905383,0.0,1.0,0.0,1.0,0.9954177685842216
2020-07-30,0.0121001683501682,0.5,0.0,0.0060500841750841,1.0040543565568898,0.0060500841750841,1.0040543565568898,0.0,1.0,0.0,1.0,1.0074624911628396
2020-07-31,0.1046886370724609,0.5,0.0,0.05234431853623045,1.0566108976241935,0.05234431853623045,1.0566108976241935,0.0,1.0,0.0,1.0,1.1129323662643034
2020-08-03,0.025197628458498,0.5,0.0,0.012598814229249,1.0699229420359608,0.012598814229249,1.0699229420359608,0.0,1.0,0.0,1.0,1.1409756225288683
2020-08-04,0.0066781411359724,0.5,0.0,0.0033390705679862,1.0734954902417262,0.0033390705679862,1.0734954902417262,0.0,1.0,0.0,1.0,1.14859521876882
2020-08-05,0.0036246751470385,0.5,0.0,0.00181233757351925,1.0754410264536949,0.00181233757351925,1.0754410264536949,0.0,1.0,0.0,1.0,1.1527585033122987
2020-08-06,0.0348892674616694,0.5,0.0,0.0174446337308347,1.0942017012592926,0.0174446337308347,1.0942017012592926,0.0,1.0,0.0,1.0,1.1929774030530753
2020-08-07,-0.0244946335681833,0.5,0.0,-0.01224731678409165,1.080800666398278,-0.01224731678409165,1.080800666398278,-0.0,1.0,-0.0,1.0,1.1637558587101673
2020-08-10,0.0145348183147711,0.5,0.0,0.00726740915738555,1.0886552870585693,0.00726740915738555,1.0886552870585693,0.0,1.0,0.0,1.0,1.18067083867927
2020-08-11,-0.0297398593954447,0.5,0.0,-0.01486992969772235,1.0724670594749546,-0.01486992969772235,1.0724670594749546,-0.0,1.0,-0.0,1.0,1.1455578539446467
2020-08-12,0.0332342857142857,0.5,0.0,0.01661714285714285,1.0902883978118298,0.01661714285714285,1.0902883978118298,0.0,1.0,0.0,1.0,1.1836296509648871
2020-08-13,0.0176975488894788,0.5,0.0,0.0088487744447394,1.099936113923783,0.0088487744447394,1.099936113923783,0.0,1.0,0.0,1.0,1.204576994579875
2020-08-14,-0.0008912268498392,0.5,0.0,-0.0004456134249196,1.099445967624865,-0.0004456134249196,1.099445967624865,-0.0,1.0,-0.0,1.0,1.2035034432196068
2020-08-17,-0.0026107956399712,0.5,0.0,-0.0013053978199856,1.0980107532555354,-0.0013053978199856,1.0980107532555354,-0.0,1.0,-0.0,1.0,1.2003613416773586
2020-08-18,0.0083327879938048,0.5,0.0,0.0041663939969024,1.1025854986664334,0.0041663939969024,1.1025854986664334,0.0,1.0,0.0,1.0,1.2103636982535153
2020-08-19,0.0012547322877229,0.5,0.0,0.00062736614386145,1.1032772234790091,0.00062736614386145,1.1032772234790091,0.0,1.0,0.0,1.0,1.2118823806656018
2020-08-20,0.0221895728453211,0.5,0.0,0.01109478642266055,1.1155178486384947,0.01109478642266055,1.1155178486384947,0.0,1.0,0.0,1.0,1.2387735330313425
2020-08-21,0.0515324455717607,1.0,0.5,0.0512824455717607,1.1727243319956258,0.02576622278588035,1.14426053004814,0.0,1.0,0.0510324455717607,1.0510324455717608,1.302610562698018
2020-08-24,0.0119602798102436,0.5,0.5,0.0057301399051218,1.179444206488101,0.0059801399051218,1.1511033681057368,0.0,1.0,-0.0005,1.050506929348975,1.3181901495116652
2020-08-25,-0.0082037224638976,0.5,0.0,-0.0041018612319488,1.174606290022261,-0.0041018612319488,1.1463817018261382,-0.0,1.0,-0.0,1.050506929348975,1.307376083370428
2020-08-26,0.0135990386541156,1.0,0.5,0.013349038654115599,1.1902861547911352,0.0067995193270578,1.1541765463638904,0.0,1.0,0.0130990386541156,1.0642675602229337,1.3251551412636486
2020-08-27,-0.0119543954632573,0.5,0.5,-0.00622719773162865,1.1828740075480308,-0.00597719773162865,1.1472778049290653,-0.0,1.0,-0.0005,1.0637354264428223,1.3093137126548144
2020-08-28,-0.0016198704103671,0.5,0.0,-0.00080993520518355,1.181915956246021,-0.00080993520518355,1.1463485842447274,-0.0,1.0,-0.0,1.0637354264428223,1.3071927941137969
2020-08-31,0.0339122248262322,0.5,0.0,0.0169561124131161,1.2019566560629842,0.0169561124131161,1.1657861997037975,0.0,1.0,0.0,1.0637354264428223,1.3515226100390147
2020-09-01,0.0398326100433974,0.5,0.0,0.0199163050216987,1.2258951914479954,0.0199163050216987,1.1890043532471852,0.0,1.0,0.0,1.0637354264428223,1.4053572831295336
2020-09-02,-0.020718437919213,1.0,0.5,-0.020968437919213,1.2001900842306563,-0.0103592189596065,1.1766871968079724,-0.0,1.0,-0.021218437919213,1.0411646223343778,1.3762404755047004
2020-09-03,-0.0800608828006088,0.5,0.5,-0.0402804414003044,1.151845897873577,-0.0400304414003044,1.1295838889296623,-0.0,1.0,-0.0005,1.0406440400232106,1.2660574480898643
2020-09-04,0.00066181336863,0.5,0.0,0.000330906684315,1.1522270513804842,0.000330906684315,1.1299576757890035,0.0,1.0,0.0,1.0406440400232106,1.2668953418344637
2020-09-08,-0.0672949735449736,0.5,0.0,-0.0336474867724868,1.113457506910258,-0.0336474867724868,1.0919374398394233,-0.0,1.0,-0.0,1.0406440400232106,1.1816396533214633
2020-09-09,0.0398865449388405,0.5,0.0,0.01994327246942025,1.1356634933536904,0.01994327246942025,1.113714245721702,0.0,1.0,0.0,1.0406440400232106,1.2287711764551859
2020-09-10,-0.0326457551994544,-1.0,1.5,0.0318957551994544,1.1718863381266569,-0.0163228775997272,1.0955352244077141,0.0321457551994544,1.0321457551994544,0.0321457551994544,1.074096328583568,1.1886570134324843
2020-09-11,-0.0131289100361264,-1.0,0.0,0.0131289100361264,1.1872719284324875,-0.0065644550180632,1.0883436327063858,0.0131289100361264,1.0456967039636378,0.0131289100361264,1.0881980426516755,1.1730512424393185
2020-09-14,0.0299553571428572,-1.0,0.0,-0.0299553571428572,1.1517067737906035,0.0149776785714286,1.104644493812323,-0.0299553571428572,1.0143724857332983,-0.0005,1.0876539436303498,1.2081904113534607
2020-09-15,0.0016037449612067,-1.0,0.0,-0.0016037449612067,1.1498597298553492,0.00080187248060335,1.1055302778327611,-0.0016037449612067,1.0127456909705168,0.0,1.0876539436303498,1.2101280406378472
2020-09-16,-0.0295135883676649,-1.0,0.0,0.0295135883676649,1.1837962166028544,-0.01475679418383245,1.089216195058788,0.0295135883676649,1.042635450414947,0.0290135883676649,1.1192106874373082,1.174412819774293
2020-09-17,-0.0159636136627128,-1.0,0.0,0.0159636136627128,1.2026938820600834,-0.0079818068313564,1.0805222817922437,0.0159636136627128,1.05927967993642,-0.0005,1.1186510820935895,1.155664947238879
2020-09-18,-0.0317201377560267,-1.0,0.0,0.0317201377560267,1.24084349767736,-0.01586006887801335,1.0633851239787906,0.0317201377560267,1.0928801773061632,0.0312201377560267,1.1535755229774796,1.1190070959126504
2020-09-21,0.030325720703856,-1.0,0.0,-0.030325720703856,1.2032140243296006,0.015162860351928,1.0795090841139987,-0.030325720703856,1.0597377982863958,-0.0005,1.152998735215991,1.1529417925689305
2020-09-22,0.0157158430232557,-1.0,0.0,-0.0157158430232557,1.1843045015998568,0.00785792151162785,1.0879917817680558,-0.0157158430232557,1.0430831254027162,0.0,1.152998735215991,1.171061244795895
2020-09-23,-0.0419461586620159,0.5,1.5,-0.02172307933100795,1.1585777609595334,-0.02097307933100795,1.0651732438175496,-0.0005,1.0425615838400148,-0.0,1.152998735215991,1.1219397240187485
2020-09-24,0.0102688573562359,0.5,0.0,0.00513442867811795,1.1645263958412335,0.00513442867811795,1.0706422998677703,0.0,1.0425615838400148,0.0,1.152998735215991,1.1334607630069917
2020-09-25,0.03751617076326,0.5,0.0,0.01875808538163,1.1863706814035853,0.01875808538163,1.0907254995418747,0.0,1.0425615838400148,0.0,1.152998735215991,1.175983870545417
2020-09-28,0.0238688991806197,0.5,0.0,0.01193444959030985,1.2005293624962179,0.01193444959030985,1.1037427080330227,0.0,1.0425615838400148,0.0,1.152998735215991,1.2040533109895006
2020-09-29,-0.0075678496868475,0.5,0.0,-0.00378392484342375,1.1959866496162088,-0.00378392484342375,1.0995662285793488,-0.0,1.0425615838400148,-0.0,1.152998735215991,1.194941216516981
2020-09-30,0.0150758173371898,0.5,0.0,0.0075379086685949,1.2050018877498747,0.0075379086685949,1.1078546583854514,0.0,1.0425615838400148,0.0,1.152998735215991,1.2129559320258705
2020-10-01,0.0084621362576633,1.0,0.5,0.0082121362576633,1.2148975274428182,0.00423106812883165,1.1125420669219237,0.0,1.0425615838400148,0.0079621362576633,1.1621790682506943,1.2232201303972143
2020-10-02,-0.0322801609726861,0.5,0.5,-0.01639008048634305,1.1949852591853714,-0.01614008048634305,1.0945855484173614,-0.0,1.0425615838400148,-0.0005,1.161597978716569,1.183734387682962
2020-10-05,0.0307910104406299,-1.0,1.5,-0.0315410104406299,1.1572942166490066,0.01539550522031495,1.1114372459421022,-0.0312910104406299,1.0099387784350773,-0.0312910104406299,1.1252504042367342,1.2201827655730408
2020-10-06,-0.0286695278969957,-1.0,0.0,0.0286695278969957,1.190473295478257,-0.01433476394849785,1.0955050553779537,0.0286695278969957,1.0388932464176794,-0.0005,1.124687779034616,1.185200701736011
2020-10-07,0.0169671261930011,-1.0,0.0,-0.0169671261930011,1.1702743848444797,0.00848356309650055,1.1047988416377879,-0.0169671261930011,1.021266213604654,0.0,1.124687779034616,1.2053101516063995
2020-10-08,-0.0009558567952728,0.5,1.5,-0.0012279283976364,1.1688373716943026,-0.0004779283976364,1.1042708268976933,-0.0005,1.0207555804978516,-0.0,1.124687779034616,1.2041580477075753
2020-10-09,0.0173958423936679,0.5,0.0,0.00869792119683395,1.1790038270452141,0.00869792119683395,1.113875687530012,0.0,1.0207555804978516,0.0,1.124687779034616,1.2251053913225631
2020-10-12,0.0635205608275626,0.5,0.0,0.0317602804137813,1.2164493192010915,0.0317602804137813,1.1492526917120587,0.0,1.0207555804978516,0.0,1.124687779034616,1.3029247728522428
2020-10-13,-0.0265273311897107,0.5,0.0,-0.01326366559485535,1.2003147422181186,-0.01326366559485535,1.1340093883252025,-0.0,1.0207555804978516,-0.0,1.124687779034616,1.2683616558875128
2020-10-14,0.0007431874483898,0.5,0.0,0.0003715937241949,1.2007607716433855,0.0003715937241949,1.1344307790970822,0.0,1.0207555804978516,0.0,1.124687779034616,1.2693042863501873
2020-10-15,-0.0039607228319168,0.5,0.0,-0.0019803614159584,1.1983828313414264,-0.0019803614159584,1.1321841961530827,-0.0,1.0207555804978516,-0.0,1.124687779034616,1.2642769238825902
2020-10-16,-0.0140004970590671,0.5,0.0,-0.00700024852953355,1.1899938536885104,-0.00700024852953355,1.124258625398801,-0.0,1.0207555804978516,-0.0,1.124687779034616,1.2465764185279256
2020-10-19,-0.0255419257267685,0.5,0.0,-0.01277096286338425,1.1747964863753988,-0.01277096286338425,1.1099007602449933,-0.0,1.0207555804978516,-0.0,1.124687779034616,1.2147364562331442
2020-10-20,0.0131919296430418,0.5,0.0,0.0065959648215209,1.1825454026719773,0.0065959648215209,1.1172216266149484,0.0,1.0207555804978516,0.0,1.124687779034616,1.2307611740986097
2020-10-21,-0.0054463449919155,0.5,0.0,-0.00272317249595775,1.1793251275561996,-0.00272317249595775,1.1141792394094614,-0.0,1.0207555804978516,-0.0,1.124687779034616,1.2240580241418137
2020-10-22,-0.0095832976811842,0.5,0.0,-0.0047916488405921,1.1736742156760638,-0.0047916488405921,1.1088404837487331,-0.0,1.0207555804978516,-0.0,1.124687779034616,1.2123275117174206
2020-10-23,-0.0061339092872569,0.5,0.0,-0.00306695464362845,1.170074610090189,-0.00306695464362845,1.1054397202780566,-0.0,1.0207555804978516,-0.0,1.124687779034616,1.2048912047341
2020-10-26,8.692628650885936e-05,0.5,0.0,4.346314325442968e-05,1.170125465210586,4.346314325442968e-05,1.1054877661629783,0.0,1.0207555804978516,0.0,1.124687779034616,1.2049959414521747
2020-10-27,0.0134724033029116,0.5,0.0,0.0067362016514558,1.178007666301748,0.0067362016514558,1.1129345546790697,0.0,1.0207555804978516,0.0,1.124687779034616,1.2212301327537902
2020-10-28,-0.04631217838765,0.5,0.0,-0.023156089193825,1.1507296157098552,-0.023156089193825,1.0871633428640313,-0.0,1.0207555804978516,-0.0,1.124687779034616,1.1646723049933232
2020-10-29,0.03705035971223,0.5,0.0,0.018525179856115,1.1720470888066383,0.018525179856115,1.1073032393235627,0.0,1.0207555804978516,0.0,1.124687779034616,1.207823832840198
2020-10-30,-0.0560180367672562,-1.0,1.5,0.0552680367672562,1.2368238304037593,-0.0280090183836281,1.076288762537098,0.0555180367672562,1.0774259263463135,0.0555180367672562,1.1871282365027436,1.1401639129637875
2020-11-02,-0.0008267499540695,-1.0,0.0,0.0008267499540695,1.2378463744487378,-0.00041337497703475,1.0758438516946016,0.0008267499540695,1.0783166881814337,-0.0005,1.1865346723844923,1.139221282501113
2020-11-03,0.0153534982072263,-1.0,0.0,-0.0153534982072263,1.2188411023578176,0.00767674910361315,1.0841028350187258,-0.0153534982072263,1.0617607548426178,0.0,1.1865346723844923,1.1567123144196279
2020-11-04,0.0408366533864541,0.5,1.5,0.01966832669322705,1.2428136673461243,0.02041832669322705,1.1062384008731918,-0.0005,1.0612298744651965,0.0,1.1865346723844923,1.2039485742714253
2020-11-05,0.0354936929099607,0.5,0.0,0.01774684645498035,1.264869690672667,0.01774684645498035,1.1258706439160913,0.0,1.0612298744651965,0.0,1.1865346723844923,1.2466811552460004
2020-11-06,-0.002856422750567,0.5,0.0,-0.0014282113752835,1.263063189392197,-0.0014282113752835,1.1242626626553525,-0.0,1.0612298744651965,-0.0,1.1865346723844923,1.2431201068314526
2020-11-09,-0.0199679838234055,0.5,0.0,-0.00998399191170275,1.250452776725336,-0.00998399191170275,1.113038033324772,-0.0,1.0612298744651965,-0.0,1.1865346723844923,1.218297504647692
2020-11-10,-0.0030089408528197,0.5,0.0,-0.00150447042640985,1.2485715075031305,-0.00150447042640985,1.1113635005201654,-0.0,1.0612298744651965,-0.0,1.1865346723844923,1.2146317195150693
2020-11-11,0.0303526774165732,1.0,0.5,0.0301026774165732,1.2861568528250216,0.0151763387082866,1.1282299294320866,0.0,1.0612298744651965,0.0298526774165732,1.221955909202766,1.2514990442774478
2020-11-12,-0.0023432923257176,1.0,0.0,-0.0023432923257176,1.2831430113421276,-0.0011716461628588,1.126908043164445,-0.0,1.0612298744651965,-0.0023432923257176,1.219092509298366,1.2485664161713497
2020-11-13,0.0004194279003439,0.5,0.5,-4.028604982805e-05,1.2830913185788362,0.00020971395017195,1.1271443715016576,0.0,1.0612298744651965,-0.0005,1.2184829630437168,1.2490900997617245
2020-11-16,0.0087204427301692,0.5,0.0,0.0043602213650846,1.2886858807594583,0.0043602213650846,1.132058970471814,0.0,1.0612298744651965,0.0,1.2184829630437168,1.259982718441518
2020-11-17,-0.0075644222776392,0.5,0.0,-0.0037822111388196,1.2838117986668103,-0.0037822111388196,1.127777284423895,-0.0,1.0612298744651965,-0.0,1.2184829630437168,1.2504516770966985
2020-11-18,-0.0113912387972191,0.5,0.0,-0.00569561939860955,1.27649969528216,-0.00569561939860955,1.121353894245419,-0.0,1.0612298744651965,-0.0,1.2184829630437168,1.2362074834385068
2020-11-19,0.0051681775819707,0.5,0.0,0.00258408879098535,1.2797982838364348,0.00258408879098535,1.1242515722742665,0.0,1.0612298744651965,0.0,1.2184829630437168,1.2425964232410782
2020-11-20,-0.0109575185434929,0.5,0.0,-0.00547875927174645,1.2727865771229008,-0.00547875927174645,1.1180920685488933,-0.0,1.0612298744651965,-0.0,1.2184829630437168,1.228980649891336
2020-11-23,-0.029742628259758,0.5,0.0,-0.014871314129879,1.2538585681142127,-0.014871314129879,1.1014645701713766,-0.0,1.0612298744651965,-0.0,1.2184829630437168,1.1924275352831821
2020-11-24,0.0115942028985507,0.5,0.0,0.00579710144927535,1.2611273134366139,0.00579710144927535,1.1078498720274423,0.0,1.0612298744651965,0.0,1.2184829630437168,1.206252782069074
2020-11-25,0.0074672223669358,0.5,0.0,0.0037336111834679,1.2658358724778376,0.0037336111834679,1.1119861526992474,0.0,1.0612298744651965,0.0,1.2184829630437168,1.2152601398235188
2020-11-27,0.0048263380160302,0.5,0.0,0.0024131690080151,1.268890548374535,0.0024131690080151,1.1146695632202832,0.0,1.0612298744651965,0.0,1.2184829630437168,1.2211253960357153
2020-11-30,0.0210995797238184,0.5,0.0,0.0105497898619092,1.282277077017649,0.0105497898619092,1.1264290928777232,0.0,1.0612298744651965,0.0,1.2184829630437168,1.2468906286821504
2020-12-01,0.0308273834523309,0.5,0.0,0.01541369172616545,1.3020417005903275,0.01541369172616545,1.1437915236667244,0.0,1.0612298744651965,0.0,1.2184829630437168,1.285329004215653
2020-12-02,0.0029335071707952,0.5,0.0,0.0014667535853976,1.3039514749230057,0.0014667535853976,1.14546918398501,0.0,1.0612298744651965,0.0,1.2184829630437168,1.2890995260663507
2020-12-03,-0.0011374715632109,0.5,0.0,-0.00056873578160545,1.3032098710617397,-0.00056873578160545,1.1448177146733514,-0.0,1.0612298744651965,-0.0,1.2184829630437168,1.2876332120133016
2020-12-04,-0.0056124938994631,0.5,0.0,-0.00280624694973155,1.2995527423362128,-0.00280624694973155,1.1416050734535506,-0.0,1.0612298744651965,-0.0,1.2184829630437168,1.280406378466131
2020-12-07,0.0122699386503066,0.5,0.0,0.0061349693251533,1.3075254585468643,0.0061349693251533,1.1486087855606275,0.0,1.0612298744651965,0.0,1.2184829630437168,1.2961168861773718
2020-12-08,0.005090909090909,1.0,0.5,0.004840909090909,1.3138550704257388,0.0025454545454545,1.1515325170147817,0.0,1.0612298744651965,0.004590909090909,1.2240769075558722,1.3027152994160929
2020-12-09,-0.0209036822640295,1.0,0.0,-0.0209036822640295,1.286390661492575,-0.01045184113201475,1.1394968820885942,-0.0,1.0612298744651965,-0.0209036822640295,1.1984891928135883,1.2754837527166087
2020-12-10,0.0119888323205781,0.5,0.5,0.00574441616028905,1.293780224796898,0.00599441616028905,1.146327500613185,0.0,1.0612298744651965,-0.0005,1.1978899482171816,1.29077531355555
2020-12-11,-0.0067348263550794,0.5,0.0,-0.0033674131775397,1.2894235322190766,-0.0033674131775397,1.1424673422818439,-0.0,1.0612298744651965,-0.0,1.1978899482171816,1.2820821659553303
2020-12-14,-0.0051466383465402,0.5,0.0,-0.0025733191732701,1.2861054339211515,-0.0025733191732701,1.139527409165115,-0.0,1.0612298744651965,-0.0,1.1978899482171816,1.2754837527166094
2020-12-15,0.0500903268188537,0.5,0.0,0.02504516340942685,1.3183161546754585,0.02504516340942685,1.1680670593371763,0.0,1.0612298744651965,0.0,1.1978899482171816,1.3393731507423223
2020-12-16,-0.0005473881764153,1.0,0.5,-0.0007973881764153,1.317264944960943,-0.00027369408820765,1.1677473662884055,-0.0,1.0612298744651965,-0.0010473881764153,1.1966352924487722,1.3386399937157978
2020-12-17,0.0069634613879976,1.0,0.0,0.0069634613879976,1.3264376685429413,0.0034817306939988,1.171813148136448,0.0,1.0612298744651965,0.0069634613879976,1.2049680161032545,1.3479615616244671
2020-12-18,-0.0158896658896657,0.5,0.5,-0.00819483294483285,1.3155677334374984,-0.00794483294483285,1.1625032884319453,-0.0,1.0612298744651965,-0.0005,1.204365532095203,1.3265429027781424
2020-12-21,0.0124353558880421,1.0,0.5,0.0121853558880421,1.331598394464259,0.00621767794402105,1.1697313594882806,0.0,1.0612298744651965,0.0119353558880421,1.2187400633400505,1.343038935874945
2020-12-22,0.028464477891289,0.5,0.5,0.0139822389456445,1.350217121395295,0.0142322389456445,1.1863792556987311,0.0,1.0612298744651965,-0.0005,1.2181306933083804,1.3812678379722978
2020-12-23,-0.0069760388231724,1.0,0.5,-0.007226038823172401,1.3404604000563805,-0.0034880194115862,1.182241141825351,-0.0,1.0612298744651965,-0.0074760388231724,1.209023900953509,1.3716320599094036
2020-12-24,0.0077122785583383,0.5,0.5,0.00360613927916915,1.3452942869571944,0.00385613927916915,1.1868000283297935,0.0,1.0612298744651965,-0.0005,1.2084193890030324,1.3822104684349723
2020-12-28,0.0357657043267409,0.5,0.0,0.01788285216337045,1.3693519858070768,0.01788285216337045,1.208023397783899,0.0,1.0612298744651965,0.0,1.2084193890030324,1.4316461993663436
2020-12-29,-0.01331479991221,0.5,0.0,-0.006657399956105,1.3602356619568725,-0.006657399956105,1.1999811028685186,-0.0,1.0612298744651965,-0.0,1.2084193890030324,1.4125841166767048
2020-12-30,-0.0085267294431675,0.5,0.0,-0.00426336472158375,1.3544364812226455,-0.00426336472158375,1.1948651457679818,-0.0,1.0612298744651965,-0.0,1.2084193890030324,1.4005393940980868
2020-12-31,-0.0077026622793897,0.5,0.0,-0.00385133113969485,1.349220097825774,-0.00385133113969485,1.1902633244243495,-0.0,1.0612298744651965,-0.0,1.2084193890030324,1.3897515121363682
2021-01-04,-0.0247192704800662,0.5,0.0,-0.0123596352400331,1.3325442295581256,-0.0123596352400331,1.1755521038948753,-0.0,1.0612298744651965,-0.0,1.2084193890030324,1.3553978686077883
2021-01-05,0.0123638049609766,0.5,0.0,0.0061819024804883,1.3407818880361915,0.0061819024804883,1.1828192523618863,0.0,1.0612298744651965,0.0,1.2084193890030324,1.3721557434997784
2021-01-06,-0.0336615525532402,0.5,0.0,-0.0168307762766201,1.31821548804291,-0.0168307762766201,1.1629114861497043,-0.0,1.0612298744651965,-0.0,1.2084193890030324,1.3259668508287303
2021-01-07,0.034123222748815,-1.0,1.5,-0.034873222748815,1.2722450656974518,0.0170616113744075,1.1827526299892253,-0.034623222748815,1.0244866761338909,-0.034623222748815,1.1665800153235935,1.371213113037104
2021-01-08,0.0086312251756799,-1.0,0.0,-0.0086312251756799,1.2612640320567694,0.00431561258783995,1.1878569321275074,-0.0086312251756799,1.0156441009426953,-0.0005,1.1659967253159318,1.3830483621795722
2021-01-11,-0.0232487694055283,-1.0,0.0,0.0232487694055283,1.2905868686975441,-0.01162438470276415,1.174048826176612,0.0232487694055283,1.0392565764435973,-0.0,1.1659967253159318,1.3508941897305657
2021-01-12,-0.0013955652039073,-1.0,0.0,0.0013955652039073,1.292387966824118,-0.00069778260195365,1.1732295953318619,0.0013955652039073,1.0407069267596136,0.0008955652039073,1.1670409514109947,1.3490089288052172
2021-01-13,0.0162267080745339,0.5,1.5,0.00736335403726695,1.3019042769773475,0.00811335403726695,1.1827484224057887,-0.0005,1.0401865732962339,-0.0005,1.1664574309352893,1.3708989028828793
2021-01-14,-0.0151272060508823,0.5,0.0,-0.00756360302544115,1.2920571898491668,-0.00756360302544115,1.1738025828597445,-0.0,1.0401865732962339,-0.0,1.1664574309352893,1.3501610327040416
2021-01-15,-0.0137305096579007,0.5,0.0,-0.00686525482895035,1.2831868879872748,-0.00686525482895035,1.1657441290095323,-0.0,1.0401865732962339,-0.0,1.1664574309352893,1.3316226336047776
2021-01-19,0.005427088249174,0.5,0.0,0.002713544124587,1.2866688722279196,0.002713544124587,1.1689074271415778,0.0,1.0401865732962339,0.0,1.1664574309352893,1.3388494671519482
2021-01-20,0.0328561370570288,0.5,0.0,0.0164280685285144,1.307806356634386,0.0164280685285144,1.188110318458149,0.0,1.0401865732962339,0.0,1.1664574309352893,1.3828388887434226
2021-01-21,0.0366583352268423,1.0,0.5,0.0364083352268423,1.355421408878526,0.01832916761342115,1.2098873916284036,0.0,1.0401865732962339,0.0361583352268423,1.2086345897508886,1.4335314602916933
2021-01-22,0.0160736465259003,0.5,0.5,0.0077868232629501495,1.365975835836282,0.00803682326295015,1.219611042762993,0.0,1.0401865732962339,-0.0005,1.2080302724560132,1.4565735382681797
2021-01-25,0.0276839001941466,0.5,0.0,0.0138419500970733,1.3848836051897355,0.0138419500970733,1.2364928379547577,0.0,1.0401865732962339,0.0,1.2080302724560132,1.496897174727031
2021-01-26,0.001679261125105,0.5,0.0,0.0008396305625525,1.3860463957902307,0.0008396305625525,1.2375310351318818,0.0,1.0401865732962339,0.0,1.2080302724560132,1.4994108559608297
2021-01-27,-0.0076837105336685,1.0,0.5,-0.0079337105336685,1.3750499048997964,-0.00384185526683425,1.2327766200066896,-0.0,1.0401865732962339,-0.0081837105336685,1.1981441023903245,1.4878898169725867
2021-01-28,-0.0349852175137266,1.0,0.0,-0.0349852175137266,1.326943484884648,-0.0174926087568633,1.2112121409083043,-0.0,1.0401865732962339,-0.0349852175137266,1.1562267703554103,1.4358356680893418
2021-01-29,-0.037420672550879,0.5,0.5,-0.0189603362754395,1.3017841901927316,-0.0187103362754395,1.188549954451015,-0.0,1.0401865732962339,-0.0005,1.1556486569702327,1.3821057317168979
2021-02-01,0.0165201576235221,0.5,0.0,0.00826007881176105,1.3125370301996282,0.00826007881176105,1.1983674707464953,0.0,1.0401865732962339,0.0,1.1556486569702327,1.4049383362572343
2021-02-02,0.0063366631877144,-1.0,1.5,-0.0070866631877144,1.3032355223452003,0.0031683315938572,1.202164296265112,-0.006836663187714399,1.0330751680422248,-0.0068366631877144,1.1477478763391928,1.4138409572936042
2021-02-03,-0.0077783539521446,-1.0,0.0,0.0077783539521446,1.3133725495210093,-0.0038891769760723,1.1974888665626215,0.0077783539521446,1.0411107923584284,0.0077783539521446,1.1566754655691813,1.4028436018957355
2021-02-04,0.0257578020008959,-1.0,0.0,-0.0257578020008959,1.2795429594370353,0.01287890100044795,1.2129112071242203,-0.0257578020008959,1.0142940667078642,-0.0257578020008959,1.1268820479477561,1.4389777696315895
2021-02-05,-0.004585486571075,-1.0,0.0,0.004585486571075,1.2854102864946475,-0.0022927432855375,1.2101303130981331,0.004585486571075,1.0189450985298742,0.004585486571075,1.1320493504458062,1.4323793563928684
2021-02-08,0.0010968119333139,-1.0,0.0,-0.0010968119333139,1.2840004331532158,0.00054840596665695,1.2107939557822687,-0.0010968119333139,1.017827507386415,-0.0010968119333139,1.130807705209137,1.4339504071639926
2021-02-09,-0.0065736615294719,-1.0,0.0,0.0065736615294719,1.2924410174044603,-0.00328683076473595,1.2068142809586473,0.0065736615294719,1.0245183609153592,-0.0075736615294719,1.122243350394964,1.4245241025372481
2021-02-10,-0.0045584883464451,-1.0,0.0,0.0045584883464451,1.2983325947207662,-0.00227924417322255,1.2040636565406104,0.0045584883464451,1.0291886159243109,-0.0005,1.1216822287197665,1.418030426016602
2021-02-11,-0.0019203781667773,0.5,1.5,-0.0017101890833886501,1.296112200490667,-0.00096018908338865,1.202907527761895,-0.0005,1.0286740216163488,-0.0,1.1216822287197665,1.4153072713466537
2021-02-12,0.0017760674905646,-1.0,1.5,-0.0025260674905646,1.2928381335968835,0.0008880337452823,1.2039757502390018,-0.0022760674905646,1.0263326901173595,-0.0022760674905646,1.1191292042642333,1.4178209525804524
2021-02-16,-0.0161040112284849,-1.0,0.0,0.0161040112284849,1.313658013416941,-0.00805200561424245,1.1942813307386657,0.0161040112284849,1.0428607632831706,0.0161040112284849,1.13715167353583,1.3949883480401155
2021-02-17,-0.0176439672648096,-1.0,0.0,0.0176439672648096,1.3368361524028245,-0.0088219836324048,1.1837454003864025,0.0176439672648096,1.0612609644522932,-0.0005,1.136583097699062,1.3703752192925047
2021-02-18,-0.0086365025985937,-1.0,0.0,0.0086365025985937,1.3483817413069454,-0.00431825129929685,1.1786336902731473,0.0086365025985937,1.0704265475295716,0.0081365025985937,1.1458309090270082,1.3585399701500365
2021-02-19,0.0012335209313083,-1.0,0.0,-0.0012335209313083,1.3467184842056492,0.00061676046565415,1.1793606249367958,-0.0012335209313083,1.0691061539777658,-0.0005,1.1452579935724947,1.3602157576392355
2021-02-22,-0.0297990297990298,-1.0,0.0,0.0297990297990298,1.3868493884473976,-0.0148995148995149,1.1617887237336488,0.0297990297990298,1.1009644801184755,-0.0,1.1452579935724947,1.319682647744234
2021-02-23,-0.001111111111111,-1.0,0.0,0.001111111111111,1.388390332212339,-0.0005555555555555,1.1611432855537969,0.001111111111111,1.1021877739852737,0.000611111111111,1.1459578734574554,1.3182163336911852
2021-02-24,-0.0040521214047354,-1.0,0.0,0.0040521214047354,1.3940162583956242,-0.0020260607023677,1.1587907387731182,0.0040521214047354,1.106653972656277,0.0040521214047354,1.1506014338854174,1.3128747610693632
2021-02-25,-0.0347826086956521,0.5,1.5,-0.01814130434782605,1.3687269851862514,-0.01739130434782605,1.1386378563596726,-0.0005,1.106100645669949,-0.0005,1.1500261331684747,1.26720955198869
2021-02-26,0.0022315893875528,0.5,0.0,0.0011157946937764,1.3702542034935505,0.0011157946937764,1.1399083424379315,0.0,1.106100645669949,0.0,1.1500261331684747,1.2700374433767134
2021-03-01,0.0538512287646379,0.5,0.0,0.02692561438231895,1.4071491397825693,0.02692561438231895,1.1706010748976035,0.0,1.106100645669949,0.0,1.1500261331684747,1.3384305202796487
2021-03-02,-0.0208936536505204,0.5,0.0,-0.0104468268252602,1.3924488964019468,-0.0104468268252602,1.1583720081866846,-0.0,1.106100645669949,-0.0,1.1500261331684747,1.3104658165536398
2021-03-03,-0.0244565217391304,-1.0,1.5,0.0237065217391304,1.4254590164351275,-0.0122282608695652,1.1442071330865757,0.0239565217391304,1.1325989698336072,0.0239565217391304,1.1775767592282933,1.2784163808227085
2021-03-04,-0.0158118957889562,-1.0,0.0,0.0158118957889562,1.4479982258544277,-0.0079059478944781,1.1351610911119032,0.0158118957889562,1.1505075067152952,0.0158118957889562,1.1961964802287077,1.2582021942342454
2021-03-05,0.0107383667693332,-1.0,0.0,-0.0107383667693332,1.432449089823859,0.0053691833846666,1.1412559791812211,-0.0107383667693332,1.1381529351373154,-0.0005,1.1955983819885934,1.2717132308659127
2021-03-08,-0.0416735298962279,0.5,1.5,-0.02158676494811395,1.4015271480216918,-0.02083676494811395,1.1174758965973923,-0.0005,1.1375838586697469,-0.0,1.1955983819885934,1.2187164515199935
2021-03-09,0.0406067377105534,0.5,0.0,0.0203033688552767,1.4299828706686601,0.0203033688552767,1.1401644219128904,0.0,1.1375838586697469,0.0,1.1955983819885934,1.2682045508104023
2021-03-10,-0.0091258207044637,-1.0,1.5,0.0083758207044637,1.441960150803835,-0.00456291035223185,1.1349619538688975,0.0086258207044637,1.147396453070924,0.0086258207044637,1.2059113992661739,1.2566311434631217
2021-03-11,0.0165027504584096,-1.0,0.0,-0.0165027504584096,1.4181638422641487,0.0082513752292048,1.1443269508211413,-0.0165027504584096,1.12846125572903,-0.0005,1.2053084435665409,1.2773690136419595
2021-03-12,-0.0076254509675303,-1.0,0.0,0.0076254509675303,1.4289779811072583,-0.00381272548376515,1.1399639462939863,0.0076254509675303,1.1370662817033494,-0.0,1.2053084435665409,1.2676284988609903
2021-03-15,0.0244567462612574,0.5,1.5,0.011478373130628699,1.44538032356986,0.0122283731306287,1.1539038507847332,-0.0005,1.1364977485624979,0.0,1.2053084435665409,1.2986305674111722
2021-03-16,0.0127429631421889,0.5,0.0,0.00637148157109445,1.4545895376647078,0.00637148157109445,1.1612559279048231,0.0,1.1364977485624979,0.0,1.2053084435665409,1.3151789688670126
2021-03-17,-0.006450585330891,1.0,0.5,-0.006700585330891001,1.4448429363461641,-0.0032252926654455,1.1575105376778467,-0.0,1.1364977485624979,-0.006950585330891,1.1969308443794882,1.3066952947029427
2021-03-18,-0.0339050977877525,0.5,0.5,-0.01720254889387625,1.4199879550896974,-0.01695254889387625,1.1378877836926862,-0.0,1.1364977485624979,-0.0005,1.1963323789572984,1.2623916629572434
2021-03-19,-0.0044802123952543,0.5,0.0,-0.00224010619762715,1.416807031270945,-0.00224010619762715,1.1353387942162319,-0.0,1.1364977485624979,-0.0,1.1963323789572984,1.2567358801811965
2021-03-22,0.0283356946412201,0.5,0.0,0.01416784732061005,1.4368801369727588,0.01416784732061005,1.1514241009098531,0.0,1.1364977485624979,0.0,1.1963323789572984,1.292346364326676
2021-03-23,-0.0068887268011994,0.5,0.0,-0.0034443634005997,1.4319309996179213,-0.0034443634005997,1.1474581778781108,-0.0,1.1364977485624979,-0.0,1.1963323789572984,1.283443743290306
2021-03-24,-0.0199934715195038,0.5,0.0,-0.0099967357597519,1.4176163637885435,-0.0099967357597519,1.135987341678497,-0.0,1.1364977485624979,-0.0,1.1963323789572984,1.257783247361946
2021-03-25,0.0041635440086602,-1.0,1.5,-0.0049135440086602,1.4106508433976717,0.0020817720043301,1.1383522083236766,-0.0046635440086602,1.1311976412963334,-0.0046635440086602,1.1907532302590458,1.263020083265693
2021-03-26,0.005141388174807,-1.0,0.0,-0.005141388174807,1.4033981398326454,0.0025706940874035,1.141278563614997,-0.005141388174807,1.1253817151200027,-0.0005,1.1901578536439164,1.269513759786339
2021-03-29,0.0014850259879548,-1.0,0.0,-0.0014850259879548,1.4013140571235465,0.0007425129939774,1.1421259777782289,-0.0014850259879548,1.1237104940266804,0.0,1.1901578536439164,1.271399020711688
2021-03-30,-0.0122744871900485,-1.0,0.0,0.0122744871900485,1.4185144685669442,-0.00613724359502425,1.1351164724363987,0.0122744871900485,1.1375034640909338,0.0117744871900485,1.2041713520457822,1.2557932497185222
2021-03-31,0.0187656380316931,-1.0,0.0,-0.0187656380316931,1.3918951395070975,0.00938281901584655,1.1457670648591756,-0.0187656380316931,1.1161574858240064,-0.0005,1.2035692663697592,1.2793590112853837
2021-04-01,0.0069586573884568,-1.0,0.0,-0.0069586573884568,1.3822094181106093,0.0034793286942284,1.1497535650848418,-0.0069586573884568,1.1083905282885957,0.0064586573884568,1.2113427079045178,1.2882616323217535
2021-04-05,0.0235772357723578,0.5,1.5,0.0110386178861789,1.39746709971581,0.0117886178861789,1.163307570526899,-0.0005,1.1078363330244516,-0.0005,1.2107370365505656,1.318635280563486
2021-04-06,0.002462271644162,0.5,0.0,0.001231135822081,1.3991875715224498,0.001231135822081,1.1647397601490725,0.0,1.1078363330244516,0.0,1.2107370365505656,1.321882118823809
2021-04-07,0.0133903811108471,0.5,0.0,0.00669519055542355,1.4085553989365729,0.00669519055542355,1.1725379147907489,0.0,1.1078363330244516,0.0,1.2107370365505656,1.3395826241784738
2021-04-08,0.0192337763878029,0.5,0.0,0.00961688819390145,1.422101318723062,0.00961688819390145,1.1838140808204018,0.0,1.1078363330244516,0.0,1.2107370365505656,1.365347856824909
2021-04-09,0.0202132555998773,0.5,0.0,0.01010662779993865,1.4364739674451978,0.01010662779993865,1.1957784491195802,0.0,1.1078363330244516,0.0,1.2107370365505656,1.3929459820376555
2021-04-12,-0.013195984811459,1.0,0.5,-0.013445984811459,1.4171591602968734,-0.0065979924057295,1.1878887119933543,-0.0,1.1078363330244516,-0.013695984811459,1.1941548004872982,1.3745646880155038
2021-04-13,0.0243066138372447,0.5,0.5,0.011903306918622349,1.4340280407344241,0.01215330691862235,1.2023254880953766,0.0,1.1078363330244516,-0.0005,1.1935577230870547,1.4079757010814093
2021-04-14,-0.0178531577772819,1.0,0.5,-0.0181031577772819,1.4080676048559624,-0.00892657888864095,1.1915928347760696,-0.0,1.1078363330244516,-0.0183531577772819,1.1716521698789446,1.3828388887434238
2021-04-15,0.0187078694236157,0.5,0.5,0.00910393471180785,1.4208865604003826,0.00935393471180785,1.202738916355623,0.0,1.1078363330244516,-0.0005,1.1710663437940052,1.4087088581079337
2021-04-16,-0.0025278810408921,0.5,0.0,-0.00126394052044605,1.4190906443017353,-0.00126394052044605,1.2012187259037237,-0.0,1.1078363330244516,-0.0,1.1710663437940052,1.4051478096933858
2021-04-19,0.0050685748360166,0.5,0.0,0.0025342874180083,1.4226870278666024,0.0025342874180083,1.2042629594070575,0.0,1.1078363330244516,0.0,1.1710663437940052,1.4122699065224815
2021-04-20,-0.0128300207653514,0.5,0.0,-0.0064150103826757,1.41356047581154,-0.0064150103826757,1.1965376000189896,-0.0,1.1078363330244516,-0.0,1.1710663437940052,1.3941504542955172
2021-04-21,0.0029299075952218,0.5,0.0,0.0014649537976109,1.4156312765987327,0.0014649537976109,1.1982904723201215,0.0,1.1078363330244516,0.0,1.1710663437940052,1.3982351863004396
2021-04-22,-0.0116853932584269,0.5,0.0,-0.00584269662921345,1.40736017251074,-0.00584269662921345,1.1912892246166782,-0.0,1.1078363330244516,-0.0,1.1710663437940052,1.3818962582807492
2021-04-23,0.0180385023495528,0.5,0.0,0.0090192511747764,1.4200535073999911,0.0090192511747764,1.2020337613553007,0.0,1.1078363330244516,0.0,1.1710663437940052,1.4068235971825849
2021-04-26,0.002977963073258,0.5,0.0,0.001488981536629,1.422167940853535,0.001488981536629,1.2038235674323634,0.0,1.1078363330244516,0.0,1.1710663437940052,1.4110130659055826
2021-04-27,-0.0024495249406176,0.5,0.0,-0.0012247624703088,1.4204261229331012,-0.0012247624703088,1.202349169506099,-0.0,1.1078363330244516,-0.0,1.1710663437940052,1.4075567542091096
2021-04-28,-0.0060272341692088,0.5,0.0,-0.0030136170846044,1.4161455025016116,-0.0030136170846044,1.1987257495072157,-0.0,1.1078363330244516,-0.0,1.1710663437940052,1.39907308004504
2021-04-29,-0.0007486150621351,0.5,0.0,-0.00037430753106755,1.4156154285749378,-0.00037430753106755,1.1982770574314905,-0.0,1.1078363330244516,-0.0,1.1710663437940052,1.3980257128642906
2021-04-30,-0.0151333533113573,0.5,0.0,-0.00756667665567865,1.4049039243581214,-0.00756667665567865,1.1892100823939884,-0.0,1.1078363330244516,-0.0,1.1710663437940052,1.376868895813153
2021-05-03,0.0082154267457781,-1.0,1.5,-0.008965426745778101,1.3923083611394325,0.00410771337288905,1.1940950165526127,-0.0087154267457781,1.0981810666176657,-0.0087154267457781,1.1608600008602223,1.3881804613652464
2021-05-04,-0.035385543986721,0.5,1.5,-0.0184427719933605,1.3666303354904885,-0.0176927719933605,1.1729681656863393,-0.0005,1.097631976084357,-0.0005,1.1602795708597924,1.3390589405881
2021-05-05,0.0019554165037152,0.5,0.0,0.0009777082518576,1.3679665012467366,0.0009777082518576,1.1741149863410971,0.0,1.097631976084357,0.0,1.1602795708597924,1.3416773585399733
2021-05-06,0.0128024980483998,0.5,0.0,0.0064012490241999,1.3767231954779802,0.0064012490241999,1.1816307887517115,0.0,1.097631976084357,0.0,1.1602795708597924,1.3588541803042635
2021-05-07,0.0036226298751349,-1.0,1.5,-0.0043726298751349,1.370703294503642,0.00181131493756745,1.183771094250067,-0.0041226298751348995,1.093106845707848,-0.0041226298751349,1.155496167637457,1.3637768060537858
2021-05-10,-0.0258044697027879,-1.0,0.0,0.0258044697027879,1.4060735661381727,-0.01290223485139395,1.168497801581761,0.0258044697027879,1.1213138881898264,-0.0005,1.1549184195536384,1.328585268780606
2021-05-11,-0.0074103271580606,-1.0,0.0,0.0074103271580606,1.4164930312715573,-0.0037051635790303,1.1641683260851634,0.0074103271580606,1.12962319094819,0.0069103271580606,1.1628992836736243,1.3187400172815618
2021-05-12,-0.0249384480978476,-1.0,0.0,0.0249384480978476,1.451818169212886,-0.0124692240489238,1.1496520503965468,0.0249384480978476,1.1577942402657764,0.0249384480978476,1.1919001871025432,1.2858526878060308
2021-05-13,0.0179196872200049,0.5,1.5,0.00820984361000245,1.4637373693322837,0.00895984361000245,1.1599527529740186,-0.0005,1.1572153431456436,-0.0005,1.191304237008992,1.3088947657825174
2021-05-14,0.0198447627430584,0.5,0.0,0.0099223813715292,1.4782611297385575,0.0099223813715292,1.171462246561982,0.0,1.1572153431456436,0.0,1.191304237008992,1.3348694718651026
2021-05-17,-0.0092585327579443,0.5,0.0,-0.00462926637897215,1.4714178651913175,-0.00462926637897215,1.1660392357697373,-0.0,1.1572153431456436,-0.0,1.191304237008992,1.3225105391322598
2021-05-18,-0.0112457432485942,0.5,0.0,-0.0056228716242971,1.4631442714296494,-0.0056228716242971,1.1594827468381106,-0.0,1.1572153431456436,-0.0,1.191304237008992,1.3076379251656185
2021-05-19,-0.0012815378454145,-1.0,1.5,0.0005315378454145,1.4639219879832157,-0.00064076892270725,1.1587397863275215,0.0007815378454145,1.1581197507316063,0.0007815378454145,1.1922352863556172,1.3059621376764194
2021-05-20,0.0210121100328815,0.5,1.5,0.00975605501644075,1.4782040914377574,0.01050605501644075,1.1709135702724172,-0.0005,1.1575406908562407,-0.0005,1.1916391687124395,1.3334031578120535
2021-05-21,-0.0147671039195663,0.5,0.0,-0.00738355195978315,1.4672896947214626,-0.00738355195978315,1.1622680690858955,-0.0,1.1575406908562407,-0.0,1.1916391687124395,1.313712654813965
2021-05-24,0.013314199154907,0.5,0.0,0.0066570995774535,1.477057588328195,0.0066570995774535,1.170005403357495,0.0,1.1575406908562407,0.0,1.1916391687124395,1.33120368673248
2021-05-25,-0.0015735641227379,0.5,0.0,-0.00078678206136895,1.4758954659140895,-0.00078678206136895,1.1690848640944285,-0.0,1.1575406908562407,-0.0,1.1916391687124395,1.3291089523709811
2021-05-26,-0.0003940110323089,0.5,0.0,-0.00019700551615445,1.4756047063660371,-0.00019700551615445,1.168854547927349,-0.0,1.1575406908562407,-0.0,1.1916391687124395,1.3285852687806066
2021-05-27,-0.012376823019314,0.5,0.0,-0.006188411509657,1.4664730572174576,-0.006188411509657,1.1616211949898405,-0.0,1.1575406908562407,-0.0,1.1916391687124395,1.3121416040428413
2021-05-28,-0.0053480204342273,-1.0,1.5,0.0045980204342273,1.4732159303007872,-0.00267401021711365,1.1585150080460218,0.0048480204342273,1.1631524717789614,0.0048480204342273,1.197416259752583,1.3051242439318205
2021-06-01,-0.0026482625792472,-1.0,0.0,0.0026482625792472,1.4771173929201538,-0.0013241312896236,1.1569809820743695,0.0026482625792472,1.1662328049439326,0.0026482625792472,1.200587332425068,1.3016679322353475
2021-06-02,0.0062761506276149,0.5,1.5,0.0023880753138074496,1.4806448605017821,0.00313807531380745,1.1606116755327618,-0.0005,1.1656496885414607,-0.0005,1.1999870387588556,1.3098373962451926
2021-06-03,-0.0121541660003198,0.5,0.0,-0.0060770830001599,1.4716468587907527,-0.0060770830001599,1.1535585420495946,-0.0,1.1656496885414607,-0.0,1.1999870387588556,1.293917415097802
2021-06-04,0.0190221790513194,-1.0,1.5,-0.0197721790513194,1.4425491935984303,0.0095110895256597,1.1645301406161177,-0.0195221790513194,1.1428936666106395,-0.0195221790513194,1.1765606769289427,1.3185305438454127
2021-06-07,7.943442688063129e-05,0.5,1.5,-0.0007102827865596844,1.4415245757374517,3.9717213440315646e-05,1.1645763925082702,-0.0005,1.1423222197773342,-0.0005,1.1759723965904783,1.3186352805634876
2021-06-08,0.0066719618745034,0.5,0.0,0.0033359809372517,1.4463334742426919,0.0033359809372517,1.168461397153651,0.0,1.1423222197773342,0.0,1.1759723965904783,1.3274331648817823
2021-06-09,0.0030771658513493,0.5,0.0,0.00153858292567465,1.4485587782309934,0.00153858292567465,1.1702591719086217,0.0,1.1423222197773342,0.0,1.1759723965904783,1.3315178968867052
2021-06-10,-0.0080232832533626,0.5,0.0,-0.0040116416266813,1.4427476795375473,-0.0040116416266813,1.1655645115005875,-0.0,1.1423222197773342,-0.0,1.1759723965904783,1.3208347516430614
2021-06-11,0.0098326857505353,0.5,0.0,0.00491634287526765,1.4498407218126508,0.00491634287526765,1.1712948262823681,0.0,1.1423222197773342,0.0,1.1759723965904783,1.333822104684354
2021-06-14,0.0245779348252845,0.5,0.0,0.01228896741264225,1.4676577671965283,0.01228896741264225,1.1856888302331487,0.0,1.1423222197773342,0.0,1.1759723965904783,1.3666046974418098
2021-06-15,-0.0064377682403433,0.5,0.0,-0.00321888412017165,1.4629335469158529,-0.00321888412017165,1.1818722352860462,-0.0,1.1423222197773342,-0.0,1.1759723965904783,1.357806813123515
2021-06-16,0.0039339709966061,0.5,0.0,0.00196698549830305,1.4658111159876175,0.00196698549830305,1.1841969608337009,0.0,1.1423222197773342,0.0,1.1759723965904783,1.3631483857453373
2021-06-17,0.0126008451786399,0.5,0.0,0.00630042258931995,1.4750463454544622,0.00630042258931995,1.1916579021159415,0.0,1.1423222197773342,0.0,1.1759723965904783,1.380325207509627
2021-06-18,-0.0100918127323771,1.0,0.5,-0.0103418127323771,1.4597916923781948,-0.00504590636618855,1.1856449079213358,-0.0,1.1423222197773342,-0.0105918127323771,1.1635167171873473,1.3663952240056603
2021-06-21,0.0141039399049518,0.5,0.5,0.0068019699524759,1.4697211516066253,0.0070519699524759,1.194006040186303,0.0,1.1423222197773342,-0.0005,1.1629349588287536,1.3856667801314493
2021-06-22,0.0126984126984124,0.5,0.0,0.0063492063492062,1.4790527144739687,0.0063492063492062,1.2015870309176444,0.0,1.1423222197773342,0.0,1.1629349588287536,1.4032625487680388
2021-06-23,-0.0020898641588297,0.5,0.0,-0.00104493207941485,1.4775072048454694,-0.00104493207941485,1.2003314540828298,-0.0,1.1423222197773342,-0.0,1.1629349588287536,1.4003299206619404
2021-06-24,-0.0021690351533283,0.5,0.0,-0.00108451757666415,1.4759048223121665,-0.00108451757666415,1.1990296735230541,-0.0,1.1423222197773342,-0.0,1.1629349588287536,1.3972925558377671
2021-06-25,-0.0022487069934786,0.5,0.0,-0.0011243534967393,1.4742453835643454,-0.0011243534967393,1.1976815403169343,-0.0,1.1423222197773342,-0.0,1.1629349588287536,1.3941504542955192
2021-06-28,0.012546014574412,0.5,0.0,0.006273007287206,1.4834933355985742,0.006273007287206,1.2051946053470945,0.0,1.1423222197773342,0.0,1.1629349588287536,1.411641486214034
2021-06-29,0.0115002225849534,1.0,0.5,0.011250222584953399,1.500182965827353,0.0057501112924767,1.2121246084569328,0.0,1.1423222197773342,0.0110002225849534,1.1757275022276936,1.4278756775156498
2021-06-30,0.0046211398811706,0.5,0.5,0.0020605699405852997,1.5032741977521151,0.0023105699405853,1.214925307141477,0.0,1.1423222197773342,-0.0005,1.1751396384765798,1.434474090754371
2021-07-01,0.0022634345794392,0.5,0.0,0.0011317172897196,1.5049754791529006,0.0011317172897196,1.216300259117287,0.0,1.1423222197773342,0.0,1.1751396384765798,1.437720929014694
2021-07-02,0.019596415822831,0.5,0.0,0.0097982079114155,1.5197215417992227,0.0097982079114155,1.2282178219388264,0.0,1.1423222197773342,0.0,1.1751396384765798,1.4658951061768528
2021-07-06,0.0147184909974278,0.5,0.0,0.0073592454987139,1.5309055457150071,0.0073592454987139,1.23725657841637,0.0,1.1423222197773342,0.0,1.1751396384765798,1.4874708701002903
2021-07-07,0.0179552175749893,0.5,0.0,0.00897760878749465,1.5446494167950424,0.00897760878749465,1.2483641839471464,0.0,1.1423222197773342,0.0,1.1751396384765798,1.5141787332093997
2021-07-08,-0.0091996956491663,0.5,0.0,-0.00459984782458315,1.5375442645354542,-0.00459984782458315,1.2426218986713298,-0.0,1.1423222197773342,-0.0,1.1751396384765798,1.5002487497054329
2021-07-09,0.0130550125663222,0.5,0.0,0.0065275062831611,1.5475805943828478,0.0065275062831611,1.2507331209225006,0.0,1.1423222197773342,0.0,1.1751396384765798,1.5198345159854465
2021-07-12,-0.0042037075322169,0.5,0.0,-0.00210185376610845,1.5443278062821877,-0.00210185376610845,1.248104262801893,-0.0,1.1423222197773342,-0.0,1.1751396384765798,1.5134455761828753
2021-07-13,0.0078892733564013,0.5,0.0,0.00394463667820065,1.5504196183900134,0.00394463667820065,1.2530275806551598,0.0,1.1423222197773342,0.0,1.1751396384765798,1.5253855620434185
2021-07-14,0.024100521834661,0.5,0.0,0.0120502609173305,1.5691025793229612,0.0120502609173305,1.268126889938666,0.0,1.1423222197773342,0.0,1.1751396384765798,1.5621481500877226
2021-07-15,-0.0044921220248073,1.0,0.5,-0.0047421220248073,1.5616617034223719,-0.00224606101240365,1.265278599572394,-0.0,1.1423222197773342,-0.0049921220248073,1.1692731980051168,1.5551307899767015
2021-07-16,-0.0140759698275861,0.5,0.5,-0.00728798491379305,1.5502803364873814,-0.00703798491379305,1.2563735878768585,-0.0,1.1423222197773342,-0.0005,1.1686885614061142,1.5332408158990394
2021-07-19,-0.0269144067217705,0.5,0.0,-0.01345720336088525,1.529417898732889,-0.01345720336088525,1.2394663130075545,-0.0,1.1423222197773342,-0.0,1.1686885614061142,1.4919745489775134
2021-07-20,0.0259740259740262,0.5,0.0,0.0129870129870131,1.5492804688463033,0.0129870129870131,1.2555632781115489,0.0,1.1423222197773342,0.0,1.1686885614061142,1.5307271346652414
2021-07-21,-0.0051317139924734,1.0,0.5,-0.0053817139924734,1.5409426844688474,-0.0025658569962367,1.2523416822901885,-0.0,1.1423222197773342,-0.0056317139924734,1.1621068416819997,1.522871880809621
2021-07-22,0.0096286107290233,0.5,0.5,0.0045643053645116494,1.5479760174299737,0.00481430536451165,1.2583708375694396,0.0,1.1423222197773342,-0.0005,1.1615257882611587,1.5375350213401124
2021-07-23,0.0119891008174386,0.5,0.0,0.0059945504087193,1.5572554376979462,0.0059945504087193,1.265914204988112,0.0,1.1423222197773342,0.0,1.1615257882611587,1.5559686837213018
2021-07-26,0.0028944534194939,0.5,0.0,0.00144722670974695,1.5595091393612812,0.00144722670974695,1.2677462698378188,0.0,1.1423222197773342,0.0,1.1615257882611587,1.5604723625985244
2021-07-27,-0.0149003288811329,0.5,0.0,-0.00745016444056645,1.5478905398264735,-0.00745016444056645,1.2583013516586123,-0.0,1.1423222197773342,-0.0,1.1615257882611587,1.5372208111858878
2021-07-28,-0.0121959528514002,0.5,0.0,-0.0060979764257001,1.5384515398050476,-0.0060979764257001,1.2506282596797715,-0.0,1.1423222197773342,-0.0,1.1615257882611587,1.5184729386504736
2021-07-29,0.0045523520485584,0.5,0.0,0.0022761760242792,1.5419533263144671,0.0022761760242792,1.2534749097397406,0.0,1.1423222197773342,0.0,1.1615257882611587,1.5253855620434196
2021-07-30,0.0015105740181271,0.5,0.0,0.00075528700906355,1.5431179436304145,0.00075528700906355,1.2544216430552542,0.0,1.1423222197773342,0.0,1.1615257882611587,1.5276897698410687
2021-08-02,-0.0023310023310023,0.5,0.0,-0.00116550116550115,1.5413194378686075,-0.00116550116550115,1.2529596131682434,-0.0,1.1423222197773342,-0.0,1.1615257882611587,1.524128721426521
2021-08-03,0.0126443100604727,0.5,0.0,0.00632215503023635,1.5510638983059295,0.00632215503023635,1.260881018089318,0.0,1.1423222197773342,0.0,1.1615257882611587,1.5434002775523097
2021-08-04,-0.0027823018458199,0.5,0.0,-0.00139115092290995,1.548906134332309,-0.00139115092290995,1.2591269422973232,-0.0,1.1423222197773342,-0.0,1.1615257882611587,1.539106072111237
2021-08-05,0.0007485539299081,0.5,0.0,0.00037427696495405,1.5494858542192653,0.00037427696495405,1.259598204507778,0.0,1.1423222197773342,0.0,1.1615257882611587,1.5402581760100613
2021-08-06,-0.0062559499524005,0.5,0.0,-0.00312797497620025,1.5446391012412912,-0.00312797497620025,1.255658212844011,-0.0,1.1423222197773342,-0.0,1.1615257882611587,1.5306223979471667
2021-08-09,-0.0003421376762008,0.5,0.0,-0.0001710688381004,1.5443748616249575,-0.0001710688381004,1.2554434088524886,-0.0,1.1423222197773342,-0.0,1.1615257882611587,1.5300987143567921
2021-08-10,-0.0033540967896502,0.5,0.0,-0.0016770483948251,1.5417848702422612,-0.0016770483948251,1.2533379694988789,-0.0,1.1423222197773342,-0.0,1.1615257882611587,1.52496661517112
2021-08-11,0.0017857142857145,0.5,0.0,0.00089285714285725,1.5431614638764062,0.00089285714285725,1.2544570212573602,0.0,1.1423222197773342,0.0,1.1615257882611587,1.5276897698410687
2021-08-12,0.0207733443027557,0.5,0.0,0.01038667215137785,1.5591897760783309,0.01038667215137785,1.2674866550651545,0.0,1.1423222197773342,0.0,1.1615257882611587,1.559424995417775
2021-08-13,0.001410437235543,0.5,0.0,0.0007052186177715,1.5602893457370601,0.0007052186177715,1.268380510252083,0.0,1.1423222197773342,0.0,1.1615257882611587,1.5616244664973487
2021-08-16,0.0135479543930248,0.5,0.0,0.0067739771965124,1.570858710185044,0.0067739771965124,1.2769724909050313,0.0,1.1423222197773342,0.0,1.1615257882611587,1.5827812835484865
2021-08-17,-0.0061540497617788,0.5,0.0,-0.0030770248808894,1.5660251388494428,-0.0030770248808894,1.2730432147783053,-0.0,1.1423222197773342,-0.0,1.1615257882611587,1.573040768767517
2021-08-18,-0.0255010320261002,0.5,0.0,-0.0127505160130501,1.546057510239704,-0.0127505160130501,1.2568112568829697,-0.0,1.1423222197773342,-0.0,1.1615257882611587,1.5329266057448152
2021-08-19,0.0023230390817161,0.5,0.0,0.00116151954085805,1.5478532862491379,0.00116151954085805,1.2582710677170097,0.0,1.1423222197773342,0.0,1.1615257882611587,1.5364876541593628
2021-08-20,0.0101567825494206,0.5,0.0,0.0050783912747103,1.5557138908725572,0.0050783912747103,1.2646610605285242,0.0,1.1423222197773342,0.0,1.1615257882611587,1.552093425152529
2021-08-23,0.0102571023685809,1.0,0.5,0.0100071023685809,1.571282079034742,0.00512855118429045,1.2711469395082238,0.0,1.1423222197773342,0.0097571023685809,1.1728589142809696,1.5680134062999198
2021-08-24,-0.0006011622470109,0.5,0.5,-0.0005505811235054501,1.570416960782323,-0.00030058112350545,1.2707648567330059,-0.0,1.1423222197773342,-0.0005,1.172272484823829,1.5670707758372453
2021-08-25,-0.0084213340462504,0.5,0.0,-0.0042106670231252,1.5638044578730004,-0.0042106670231252,1.2654140890566137,-0.0,1.1423222197773342,-0.0,1.172272484823829,1.553873949359803
2021-08-26,-0.0055270962523592,0.5,0.0,-0.0027635481261796,1.559482808993734,-0.0027635481261796,1.26191705632196,-0.0,1.1423222197773342,-0.0,1.172272484823829,1.5452855384776578
2021-08-27,0.00718449234106,0.5,0.0,0.00359224617053,1.565084855142349,0.00359224617053,1.266450173035059,0.0,1.1423222197773342,0.0,1.172272484823829,1.5563876305936013
2021-08-30,0.0304172274562584,0.5,0.0,0.0152086137281292,1.588887626155954,0.0152086137281292,1.2857111245226716,0.0,1.1423222197773342,0.0,1.172272484823829,1.6037286271634739
2021-08-31,-0.0084247648902821,0.5,0.0,-0.00421238244514105,1.5821946238122329,-0.00421238244514105,1.2802952175522098,-0.0,1.1423222197773342,-0.0,1.172272484823829,1.5902175905318068
2021-09-01,0.0044786932753735,0.5,0.0,0.00223934663768675,1.5857377060232327,0.00223934663768675,1.2831622423428817,0.0,1.1423222197773342,0.0,1.172272484823829,1.5973396873609023
2021-09-02,0.0074749196773982,1.0,0.5,0.0072249196773982,1.5971945335786721,0.0037374598386991,1.287958009690173,0.0,1.1423222197773342,0.0069749196773982,1.1804489912454994,1.6092796732214454
2021-09-03,0.0042303937520338,0.5,0.5,0.0018651968760168998,1.6001736158330941,0.0021151968760169,1.2906822944487106,0.0,1.1423222197773342,-0.0005,1.1798587667498768,1.6160875598963165
2021-09-07,0.01548930654569,0.5,0.0,0.007744653272845,1.612566405664076,0.007744653272845,1.3006781813046158,0.0,1.1423222197773342,0.0,1.1798587667498768,1.6411196355162267
2021-09-08,-0.010083604569532,1.0,0.5,-0.010333604569532,1.5959027820858318,-0.005041802284766,1.2941204190783688,-0.0,1.1423222197773342,-0.010583604569532,1.1673716081147003,1.6245712340603866
2021-09-09,-0.0067049190896784,0.5,0.5,-0.0036024595448392004,1.5901536068758713,-0.0033524595448392,1.2897819327272582,-0.0,1.1423222197773342,-0.0005,1.166787922310643,1.6136786153805927
2021-09-10,-0.033101836827416,1.0,0.5,-0.033351836827416,1.53711906324882,-0.016550918413708,1.2684348571872146,-0.0,1.1423222197773342,-0.033601836827416,1.127581704932961,1.5602628891623738
2021-09-13,0.0038934013559777,0.5,0.5,0.00169670067798885,1.539727094205584,0.00194670067798885,1.2709041201836855,0.0,1.1423222197773342,-0.0005,1.1270179140804946,1.5663376188107203
2021-09-14,-0.0095620193915079,0.5,0.0,-0.00478100969575395,1.5323656440393723,-0.00478100969575395,1.2648279152627138,-0.0,1.1423222197773342,-0.0,1.1270179140804946,1.551360268126004
2021-09-15,0.0061436672967862,0.5,0.0,0.0030718336483931,1.5370728163863738,0.0030718336483931,1.2687132562122445,0.0,1.1423222197773342,0.0,1.1270179140804946,1.5608913094708232
2021-09-16,-0.0016104140106019,0.5,0.0,-0.00080520700530095,1.535835154586962,-0.00080520700530095,1.2676916794106243,-0.0,1.1423222197773342,-0.0,1.1270179140804946,1.5583776282370247
2021-09-17,-0.0183480072585522,0.5,0.0,-0.0091740036292761,1.5217453973048114,-0.0091740036292761,1.2560618713429081,-0.0,1.1423222197773342,-0.0,1.1270179140804946,1.5297845042025664
2021-09-20,-0.0213610844858277,0.5,0.0,-0.01068054224291385,1.5054923313059376,-0.01068054224291385,1.2426464494663167,-0.0,1.1423222197773342,-0.0,1.1270179140804946,1.4971066481631852
2021-09-21,0.0034280117531833,0.5,0.0,0.00171400587659165,1.5080727540089596,0.00171400587659165,1.2447763527832278,0.0,1.1423222197773342,0.0,1.1270179140804946,1.5022387473488574
2021-09-22,0.0168723419089449,0.5,0.0,0.00843617095447245,1.5207951135735613,0.00843617095447245,1.2552774988953919,0.0,1.1423222197773342,0.0,1.1270179140804946,1.5275850331229925
2021-09-23,0.0067192320877615,0.5,0.0,0.00335961604388075,1.5259044012365783,0.00335961604388075,1.2594947493202033,0.0,1.1423222197773342,0.0,1.1270179140804946,1.5378492314943368
2021-09-24,0.0006129537560441,0.5,0.0,0.00030647687802205,1.5263720556536295,0.00030647687802205,1.2598807553388602,0.0,1.1423222197773342,0.0,1.1270179140804946,1.538791861957011
2021-09-27,-0.0105499591614482,0.5,0.0,-0.0052749795807241,1.5183204742274687,-0.0052749795807241,1.2532349100803004,-0.0,1.1423222197773342,-0.0,1.1270179140804946,1.5225576706553956
2021-09-28,-0.0238013345256931,0.5,0.0,-0.01190066726284655,1.5002514474653204,-0.01190066726284655,1.2383205784132514,-0.0,1.1423222197773342,-0.0,1.1270179140804946,1.4863187662014665
2021-09-29,0.0064829821717991,0.5,0.0,0.00324149108589955,1.5051144991588872,0.00324149108589955,1.242334583529664,0.0,1.1423222197773342,0.0,1.1270179140804946,1.4959545442643611
2021-09-30,-0.0093117692361549,0.5,0.0,-0.00465588461807745,1.498106859713808,-0.00465588461807745,1.2365504170517025,-0.0,1.1423222197773342,-0.0,1.1270179140804946,1.4820245607603941
2021-10-01,0.0081272084805654,0.5,0.0,0.0040636042402827,1.5041945731013375,0.0040636042402827,1.2415752685697572,0.0,1.1423222197773342,0.0,1.1270179140804946,1.4940692833390123
2021-10-04,-0.0246056782334386,0.5,0.0,-0.0123028391167193,1.4856887092682296,-0.0123028391167193,1.226300367789246,-0.0,1.1423222197773342,-0.0,1.1270179140804946,1.4573066952947085
2021-10-05,0.0141584016098894,0.5,0.0,0.0070792008049447,1.4962061979747785,0.0070792008049447,1.2349815943400035,0.0,1.1423222197773342,0.0,1.1270179140804946,1.4779398287554717
2021-10-06,0.0063071362766635,0.5,0.0,0.00315356813833175,1.500924586169086,0.00315356813833175,1.2388761929473402,0.0,1.1423222197773342,0.0,1.1270179140804946,1.4872613966641413
2021-10-07,0.0090845070422533,-1.0,1.5,-0.0098345070422533,1.4861637327565151,0.00454225352112665,1.2445034826969952,-0.0095845070422533,1.1313736244173558,-0.0095845070422533,1.1162160029462445,1.5007724332958083
2021-10-08,-0.0027217530881428,0.5,1.5,-0.0021108765440714,1.4830266245923898,-0.0013608765440714,1.2428098670983778,-0.0005,1.1308079376051472,-0.0005,1.1156578949447713,1.496687701290886
2021-10-11,-0.000629811056683,0.5,0.0,-0.0003149055283415,1.482559611309628,-0.0003149055283415,1.2424184994005512,-0.0,1.1308079376051472,-0.0,1.1156578949447713,1.4957450708282114
2021-10-12,-0.0091030039913172,0.5,0.0,-0.0045515019956586,1.4758117382800695,-0.0045515019956586,1.2367636291210864,-0.0,1.1308079376051472,-0.0,1.1156578949447713,1.482129297478469
2021-10-13,-0.0042399830400677,0.5,0.0,-0.00211999152003385,1.4726830299097493,-0.00211999152003385,1.2341417007150635,-0.0,1.1308079376051472,-0.0,1.1156578949447713,1.475845094393973
2021-10-14,0.0202256759633807,0.5,0.0,0.01011283798169035,1.4875760347896114,0.01011283798169035,1.2466223757808428,0.0,1.1308079376051472,0.0,1.1156578949447713,1.5056950590453306
2021-10-15,0.0075125208681137,0.5,0.0,0.00375626043405685,1.493163757791743,0.00375626043405685,1.2513050140871984,0.0,1.1308079376051472,0.0,1.1156578949447713,1.5170066245974243
2021-10-18,0.0118061309030654,0.5,0.0,0.0059030654515327,1.501978001183844,0.0059030654515327,1.258691549485186,0.0,1.1308079376051472,0.0,1.1156578949447713,1.534916603388239
2021-10-19,0.0150801774138518,0.5,0.0,0.0075400887069259,1.5133030485486214,0.0075400887069259,1.2681821954229624,0.0,1.1308079376051472,0.0,1.1156578949447713,1.5580634180828006
2021-10-20,0.0033611185802635,0.5,0.0,0.00168055929013175,1.5158462440456444,0.00168055929013175,1.27031345079306,0.0,1.1308079376051472,0.0,1.1156578949447713,1.5633002539865477
2021-10-21,0.0014739380946,0.5,0.0,0.0007369690473,1.5169633758079721,0.0007369690473,1.2712496324866633,0.0,1.1308079376051472,0.0,1.1156578949447713,1.5656044617841964
2021-10-22,-0.0052849879582552,0.5,0.0,-0.0026424939791276,1.5129548092208425,-0.0026424939791276,1.2678903629868492,-0.0,1.1308079376051472,-0.0,1.1156578949447713,1.5573302610562765
2021-10-25,-0.0003362700921381,1.0,0.5,-0.0005862700921381,1.5120678090654398,-0.00016813504606905,1.267677186182258,-0.0,1.1308079376051472,-0.0008362700921381,1.1147249036141713,1.5568065774659017
2021-10-26,0.0045748116254036,1.0,0.0,0.0045748116254036,1.518985234456751,0.0022874058127018,1.2705768783465607,0.0,1.1308079376051472,0.0045748116254036,1.1198245600623524,1.5639286742949976
2021-10-27,-0.0031476024645057,0.5,0.5,-0.00182380123225285,1.5162149073143747,-0.00157380123225285,1.268577242889747,-0.0,1.1308079376051472,-0.0005,1.1192646477823214,1.5590060485454755
2021-10-28,0.0249916022841787,0.5,0.0,0.01249580114208935,1.5351612272848465,0.01249580114208935,1.2844291318502772,0.0,1.1308079376051472,0.0,1.1192646477823214,1.597968107669353
2021-10-29,-0.0181556007078717,1.0,0.5,-0.0184056007078717,1.5069056627132353,-0.00907780035393585,1.2727693406225613,-0.0,1.1308079376051472,-0.0186556007078717,1.0983840934268576,1.568956036762595
2021-11-01,-0.005607476635514,0.5,0.5,-0.003053738317757,1.5023039671497629,-0.002803738317757,1.2692008284525915,-0.0,1.1308079376051472,-0.0005,1.0978349013801443,1.5601581524443002
2021-11-02,0.0071160042964555,1.0,0.5,0.0068660042964555,1.5126187926427952,0.00355800214822775,1.2737166477267583,0.0,1.1308079376051472,0.0066160042964555,1.1050981818044743,1.571260244560244
2021-11-03,0.0097986935075322,0.5,0.5,0.004649346753766099,1.5196514819160545,0.0048993467537661,1.2799570272500163,0.0,1.1308079376051472,-0.0005,1.104545632713572,1.58665654211726
2021-11-04,-0.0034985807644069,0.5,0.0,-0.00174929038220345,1.5169931701944377,-0.00174929038220345,1.2777180107326143,-0.0,1.1308079376051472,-0.0,1.104545632713572,1.5811054960592883
2021-11-05,0.0021197668256491,0.5,0.0,0.00105988341282455,1.518601006092895,0.00105988341282455,1.2790722428584569,0.0,1.1308079376051472,0.0,1.104545632713572,1.5844570710376864
2021-11-08,-0.0055526176626123,0.5,0.0,-0.00277630883130615,1.5143849007084487,-0.00277630883130615,1.2755211432947304,-0.0,1.1308079376051472,-0.0,1.104545632713572,1.5756591867193916
2021-11-09,0.0024594522733316,0.5,0.0,0.0012297261366658,1.516247179401822,0.0012297261366658,1.2770896849825097,0.0,1.1308079376051472,0.0,1.104545632713572,1.5795344452881646
2021-11-10,-0.0191631854651549,0.5,0.0,-0.00958159273257745,1.5017191164468744,-0.00958159273257745,1.2648531317380318,-0.0,1.1308079376051472,-0.0,1.104545632713572,1.549265533764507
2021-11-11,-0.0003380205516494,0.5,0.0,-0.0001690102758247,1.5014653104847924,-0.0001690102758247,1.2646393585613591,-0.0,1.1308079376051472,-0.0,1.104545632713572,1.5487418501741324
2021-11-12,0.0143369175627241,0.5,0.0,0.00716845878136205,1.5122285026746476,0.00716845878136205,1.2737048736764944,0.0,1.1308079376051472,0.0,1.104545632713572,1.5709460344060198
2021-11-15,6.667111140745696e-05,0.5,0.0,3.333555570372848e-05,1.5122789136521355,3.333555570372848e-05,1.2737473333362612,0.0,1.1308079376051472,0.0,1.104545632713572,1.5710507711240949
2021-11-16,0.0066666666666665,0.5,0.0,0.00333333333333325,1.5173198433643091,0.00333333333333325,1.2779931577807153,0.0,1.1308079376051472,0.0,1.104545632713572,1.5815244429315887
2021-11-17,0.0164900662251656,0.5,0.0,0.0082450331125828,1.5298301957152267,0.0082450331125828,1.2885302536842715,0.0,1.1308079376051472,0.0,1.104545632713572,1.6076038857322488
2021-11-18,0.0285360609811713,0.5,0.0,0.01426803049058565,1.55165785959311,0.01426803049058565,1.3069150426318807,0.0,1.1308079376051472,0.0,1.104545632713572,1.6534785682490722
2021-11-19,0.0169759929055552,0.5,0.0,0.0084879964527776,1.5648283260012608,0.0084879964527776,1.3180081328778217,0.0,1.1308079376051472,0.0,1.104545632713572,1.6815480086931562
2021-11-22,0.0029274369355341,0.5,0.0,0.00146371846776705,1.5671187941209137,0.00146371846776705,1.3199373257225822,0.0,1.1308079376051472,0.0,1.104545632713572,1.6864706344426783
2021-11-23,0.0024220593715065,0.5,0.0,0.00121102968575325,1.569016621501696,0.00121102968575325,1.321535809007366,0.0,1.1308079376051472,0.0,1.104545632713572,1.6905553664476007
2021-11-24,0.0032835635958119,0.5,0.0,0.00164178179790595,1.5715926044314894,0.00164178179790595,1.3237054824438752,0.0,1.1308079376051472,0.0,1.104545632713572,1.6961064125055727
2021-11-26,-0.0316783994071878,1.0,0.5,-0.0319283994071878,1.5214141680518183,-0.0158391997035939,1.3027390469587046,-0.0,1.1308079376051472,-0.0321783994071878,1.0690031221806497,1.6423764761331288
2021-11-29,0.0218736049996812,0.5,0.5,0.0106868024998406,1.5376732207862474,0.0109368024998406,1.3169868466241226,0.0,1.1308079376051472,-0.0005,1.0684686206195595,1.6783011704328332
2021-11-30,0.0315776335496755,0.5,0.0,0.01578881677483775,1.561951261528816,0.01578881677483775,1.3377805106403422,0.0,1.1308079376051472,0.0,1.0684686206195595,1.7312979497787528
2021-12-01,-0.0032062915910465,0.5,0.0,-0.00160314579552325,1.5594472259310839,-0.00160314579552325,1.3356358534393762,-0.0,1.1308079376051472,-0.0,1.0684686206195595,1.7257469037207813
2021-12-02,-0.0061297566304546,0.5,0.0,-0.0030648783152273,1.5546677099445863,-0.0030648783152273,1.3315422920751299,-0.0,1.1308079376051472,-0.0,1.0684686206195595,1.7151684951952124
2021-12-03,-0.0117244748412309,0.5,0.0,-0.00586223742061545,1.5455538787187266,-0.00586223742061545,1.323736475023395,-0.0,1.1308079376051472,-0.0,1.0684686206195595,1.6950590453248244
2021-12-06,0.0215027187345526,1.0,0.5,0.0212527187345526,1.5784011005922325,0.0107513593672763,1.3379684415739432,0.0,1.1308079376051472,0.0210027187345526,1.0909093665351275,1.7315074232149035
2021-12-07,0.035446406968304,1.0,0.0,0.035446406968304,1.6343497483630438,0.017723203484152,1.3616815285193318,0.0,1.1308079376051472,0.035446406968304,1.1295781839068664,1.7928831400068184
2021-12-08,0.0227830354013318,0.5,0.5,0.0111415177006659,1.6525588850135096,0.0113915177006659,1.3771931477541295,0.0,1.1308079376051472,-0.0005,1.129013394814913,1.8337304600560447
2021-12-09,-0.0029700708247658,0.5,0.0,-0.0014850354123829,1.6501047765482166,-0.0014850354123829,1.3751479671600235,-0.0,1.1308079376051472,-0.0,1.129013394814913,1.828284150716148
2021-12-10,0.0280132905591199,0.5,0.0,0.01400664527955995,1.673217208827435,0.01400664527955995,1.3944091769429419,0.0,1.1308079376051472,0.0,1.129013394814913,1.8795004058547933
2021-12-13,-0.0206742825299525,0.5,0.0,-0.01033714126497625,1.6559209261727967,-0.01033714126497625,1.3799949722997036,-0.0,1.1308079376051472,-0.0,1.129013394814913,1.8406430834489909
2021-12-14,-0.0080232161147149,0.5,0.0,-0.00401160805735745,1.649278020443015,-0.00401160805735745,1.3744589733497132,-0.0,1.1308079376051472,-0.0,1.129013394814913,1.8258752062004244
2021-12-15,0.0285091493145184,0.5,0.0,0.0142545746572592,1.6727877771159965,0.0142545746572592,1.3940513013986664,0.0,1.1308079376051472,0.0,1.129013394814913,1.8779293550836695
2021-12-16,-0.0392638036809817,0.5,0.0,-0.01963190184049085,1.6399477716756823,-0.01963190184049085,1.3666834230889993,-0.0,1.1308079376051472,-0.0,1.129013394814913,1.8041947055589118
2021-12-17,-0.0065017996052478,0.5,0.0,-0.0032508998026239,1.6346164657884283,-0.0032508998026239,1.3622404722186299,-0.0,1.1308079376051472,-0.0,1.129013394814913,1.7924641931345187
2021-12-20,-0.0081220053757157,1.0,0.5,-0.0083720053757157,1.6209314479496142,-0.00406100268785785,1.3567084099994413,-0.0,1.1308079376051472,-0.0086220053757157,1.119279035255564,1.7779057893221022
2021-12-21,0.0190868924889544,1.0,0.0,0.0190868924889544,1.6518699922285938,0.0095434462444772,1.3696560837797012,0.0,1.1308079376051472,0.0190868924889544,1.1406425938666276,1.8118404859783828
2021-12-22,0.0153188045551764,1.0,0.0,0.0153188045551764,1.6771746657901043,0.0076594022775882,1.380146830707316,0.0,1.1308079376051472,0.0153188045551764,1.1581158748293798,1.8395957162682415
2021-12-23,0.0036438168982009,0.5,0.5,0.00157190844910045,1.6798110308178769,0.00182190844910045,1.3826613318791807,0.0,1.1308079376051472,-0.0005,1.1575368168919653,1.8462988662250377
2021-12-27,0.0229748127978217,0.5,0.0,0.01148740639891085,1.699107702802255,0.01148740639891085,1.3985445245105361,0.0,1.1308079376051472,0.0,1.1575368168919653,1.8887172370453884
2021-12-28,-0.0057672045694006,0.5,0.0,-0.0028836022847003,1.6942081519485026,-0.0028836022847003,1.3945116783244025,-0.0,1.1308079376051472,-0.0,1.1575368168919653,1.8778246183655944
2021-12-29,0.0005019800323498,0.5,0.0,0.0002509900161749,1.6946333812799639,0.0002509900161749,1.3948616868331012,0.0,1.1308079376051472,0.0,1.1575368168919653,1.878767248828269
2021-12-30,-0.0065782138476976,0.5,0.0,-0.0032891069238488,1.6890595508922106,-0.0032891069238488,1.390273837601127,-0.0,1.1308079376051472,-0.0,1.1575368168919653,1.8664083160954261
2021-12-31,-0.0035353535353535,0.5,0.0,-0.00176767676767675,1.686073839564876,-0.00176767676767675,1.3878162828376908,-0.0,1.1308079376051472,-0.0,1.1575368168919653,1.859809902856705
2022-01-03,0.0250042236864334,0.5,0.0,0.0125021118432167,1.7071533232830378,0.0125021118432167,1.4051669172235648,0.0,1.1308079376051472,0.0,1.1575368168919653,1.906313005681978
2022-01-04,-0.0126916103510795,0.5,0.0,-0.00634580517553975,1.6963200608887086,-0.00634580517553975,1.3962500017277504,-0.0,1.1308079376051472,-0.0,1.1575368168919653,1.882118823806667
2022-01-05,-0.0265998887033945,0.5,0.0,-0.01329994435169725,1.6737590984762212,-0.01329994435169725,1.3776799544037142,-0.0,1.1308079376051472,-0.0,1.1575368168919653,1.832054672566846
2022-01-06,-0.0166933455293848,0.5,0.0,-0.0083466727646924,1.6597887789943138,-0.0083466727646924,1.3661809106498302,-0.0,1.1308079376051472,-0.0,1.1575368168919653,1.8014715508889636
2022-01-07,0.0009883720930232,0.5,0.0,0.0004941860465116,1.6606090234490491,0.0004941860465116,1.3668560581928837,0.0,1.1308079376051472,0.0,1.1575368168919653,1.8032520750962375
2022-01-10,0.0001161642562583,-1.0,1.5,-0.0008661642562583001,1.6591706632693175,5.808212812915e-05,1.3669354481015896,-0.0006161642562583,1.1301111741733016,-0.0006161642562583,1.1568235840800933,1.8034615485323875
2022-01-11,0.0167837853533887,0.5,1.5,0.00764189267669435,1.6718498674103415,0.00839189267669435,1.3784066236780272,-0.0005,1.129546118586215,-0.0005,1.1562451722880533,1.8337304600560451
2022-01-12,0.0025702535983549,0.5,0.0,0.00128512679917745,1.6739984064791515,0.00128512679917745,1.3801780509702795,0.0,1.129546118586215,0.0,1.1562451722880533,1.8384436123694172
2022-01-13,-0.0190280863670028,-1.0,1.5,0.0182780863670028,1.7045958939310026,-0.0095140431835014,1.3670469773924274,0.0185280863670028,1.1504744466268932,0.0185280863670028,1.1776681827016364,1.8034615485323873
2022-01-14,0.0051106336024158,-1.0,0.0,-0.0051106336024158,1.6958843288769387,0.0025553168012079,1.3705402155017987,-0.0051106336024158,1.144594793261241,-0.0005,1.1770793486102857,1.8126783797229817
2022-01-18,-0.0188940890968971,-1.0,0.0,0.0188940890968971,1.7279265184847712,-0.00944704454844855,1.357592661030513,0.0188940890968971,1.1662208692649636,-0.0,1.1770793486102857,1.7784294729124768
2022-01-19,-0.0210247349823322,0.5,1.5,-0.011262367491166101,1.7084659750358646,-0.0105123674911661,1.34332114807445,-0.0005,1.1656377588303313,-0.0,1.1770793486102857,1.7410384645597232
2022-01-20,-0.0103471094266979,0.5,0.0,-0.00517355471334895,1.6996271328381216,-0.00517355471334895,1.3363714026172882,-0.0,1.1656377588303313,-0.0,1.1770793486102857,1.7230237490508336
2022-01-21,-0.0127651814479362,0.5,0.0,-0.0063825907239681,1.6887791084658645,-0.0063825907239681,1.327841890899167,-0.0,1.1656377588303313,-0.0,1.1770793486102857,1.7010290382550965
2022-01-24,-0.0048642324979988,0.5,0.0,-0.0024321162489994,1.684671801355194,-0.0024321162489994,1.324612425060209,-0.0,1.1656377588303313,-0.0,1.1770793486102857,1.6927548375271764
2022-01-25,-0.0113847296126716,0.5,0.0,-0.0056923648063358,1.6750820348829334,-0.0056923648063358,1.317072247909761,-0.0,1.1656377588303313,-0.0,1.1770793486102857,1.6734832814013876
2022-01-26,-0.0005632745024408,0.5,0.0,-0.0002816372512204,1.6746102693830602,-0.0002816372512204,1.316701311302201,-0.0,1.1656377588303313,-0.0,1.1770793486102857,1.6725406509387133
2022-01-27,-0.002943202454756,0.5,0.0,-0.001471601227378,1.6721459108552563,-0.001471601227378,1.3147636520363986,-0.0,1.1656377588303313,-0.0,1.1770793486102857,1.6676180251891912
2022-01-28,0.0697776661223466,0.5,0.0,0.0348888330611733,1.730485130393009,0.0348888330611733,1.3606342216071952,0.0,1.1656377588303313,0.0,1.1770793486102857,1.7839805189704496
2022-01-31,0.0261257558856335,0.5,0.0,0.01306287794281675,1.7530902464331923,0.01306287794281675,1.3784080203688696,0.0,1.1656377588303313,0.0,1.1770793486102857,1.8305883585137974
2022-02-01,-0.0009726513331044,0.5,0.0,-0.0004863256665522,1.7522376736505696,-0.0004863256665522,1.3777376651695827,-0.0,1.1656377588303313,-0.0,1.1770793486102857,1.8288078343065235
2022-02-02,0.0070442700876238,0.5,0.0,0.0035221350438119,1.7584092913660219,0.0035221350438119,1.3825902432812562,0.0,1.1656377588303313,0.0,1.1770793486102857,1.8416904506297411
2022-02-03,-0.0167197452229299,0.5,0.0,-0.00835987261146495,1.7437092136913854,-0.00835987261146495,1.3710319649735705,-0.0,1.1656377588303313,-0.0,1.1770793486102857,1.810897855515709
2022-02-04,-0.0029496818970504,0.5,0.0,-0.0014748409485252,1.7411375199407126,-0.0014748409485252,1.3690099108898905,-0.0,1.1656377588303313,-0.0,1.1770793486102857,1.805556282893887
2022-02-07,-0.0042345843726433,1.0,0.5,-0.0044845843726433006,1.7333292418281636,-0.00211729218632165,1.3661113169025665,-0.0,1.1656377588303313,-0.0047345843726433,1.1715063671209944,1.7979105024744164
2022-02-08,0.0184667365722941,0.5,0.5,0.008983368286147049,1.7489003767686542,0.00923336828614705,1.378725125811401,0.0,1.1656377588303313,-0.0005,1.170920613937434,1.8311120421041724
2022-02-09,0.0082937710919177,0.5,0.0,0.00414688554595885,1.756152866462398,0.00414688554595885,1.3844425411074786,0.0,1.1656377588303313,0.0,1.170920613937434,1.8462988662250386
2022-02-10,-0.023598820058997,0.5,0.0,-0.0117994100294985,1.735431298716529,-0.0117994100294985,1.3681069359026705,-0.0,1.1656377588303313,-0.0,1.170920613937434,1.8027283915058636
2022-02-11,-0.0202184522426215,0.5,0.0,-0.01010922612131075,1.7178874312998038,-0.01010922612131075,1.3542764335294968,-0.0,1.1656377588303313,-0.0,1.170920613937434,1.7662800136157844
2022-02-14,0.0014231499051233,0.5,0.0,0.00071157495256165,1.7191098369672373,0.00071157495256165,1.3552401027184409,0.0,1.1656377588303313,0.0,1.170920613937434,1.768793694849583
2022-02-15,0.0231525343439127,0.5,0.0,0.01157626717195635,1.7390107117379083,0.01157626717195635,1.370928724229659,0.0,1.1656377588303313,0.0,1.170920613937434,1.8097457516168842
2022-02-16,-0.0013889692690548,0.5,0.0,-0.0006944846345274,1.737802995519328,-0.0006944846345274,1.3699766352956493,-0.0,1.1656377588303313,-0.0,1.170920613937434,1.8072320703830858
2022-02-17,-0.0212691973341061,0.5,0.0,-0.01063459866705305,1.7193221580995772,-0.01063459866705305,1.3554074835960404,-0.0,1.1656377588303313,-0.0,1.170920613937434,1.7687936948495826
2022-02-18,-0.0093557555660823,-1.0,1.5,0.008605755566082299,1.7341182243315314,-0.00467787778304115,1.3490670530415587,0.008855755566082299,1.1759603619011285,0.0088557555660823,1.1812900006817508,1.7522452933937425
2022-02-22,-0.0178123132098028,0.5,1.5,-0.0096561566049014,1.7173733071859727,-0.0089061566049014,1.3370520505966579,-0.0005,1.175372381720178,-0.0005,1.18069935568141,1.7210337514074103
2022-02-23,-0.0258641674780915,0.5,0.0,-0.01293208373904575,1.6951640917662418,-0.01293208373904575,1.319761181514879,-0.0,1.175372381720178,-0.0,1.18069935568141,1.676520646225561
2022-02-24,0.0166802024114451,0.5,0.0,0.00834010120572255,1.709301931851879,0.00834010120572255,1.330768123336097,0.0,1.175372381720178,0.0,1.18069935568141,1.7044853499515704
2022-02-25,0.0129654663881035,0.5,0.0,0.00648273319405175,1.720382880224152,0.00648273319405175,1.339395138022834,0.0,1.175372381720178,0.0,1.18069935568141,1.7265847974653825
2022-02-28,0.0016378525932667,0.5,0.0,0.00081892629663335,1.7217917470050454,0.00081892629663335,1.3404920039229438,0.0,1.175372381720178,0.0,1.18069935568141,1.7294126888534063
2022-03-01,-0.0116279069767443,-1.0,1.5,0.0108779069767443,1.7405212374622925,-0.00581395348837215,1.332698445760601,0.0111279069767443,1.1884518162469946,0.0111279069767443,1.1938380682789347,1.7093032389830176
2022-03-02,0.0205882352941177,-1.0,0.0,-0.0205882352941177,1.70468697669101,0.01029411764705885,1.346417400349313,-0.0205882352941177,1.16398369061838,-0.0005,1.1932411492447952,1.7444947762561975
2022-03-03,-0.0019812680115274,-1.0,0.0,0.0019812680115274,1.7080644184675953,-0.0009906340057637,1.345083593486575,0.0019812680115274,1.1662898542705418,-0.0,1.1932411492447952,1.7410384645597243
2022-03-04,-0.018408229561451,0.5,1.5,-0.0099541147807255,1.6910621491932958,-0.0092041147807255,1.332703289702454,-0.0005,1.1657067093434066,-0.0,1.1932411492447952,1.7089890288287926
2022-03-07,-0.0237175951461664,0.5,0.0,-0.0118587975730832,1.6710081854825096,-0.0118587975730832,1.3168990311648905,-0.0,1.1657067093434066,-0.0,1.1932411492447952,1.668455918933791
2022-03-08,-0.0116760828625236,0.5,0.0,-0.0058380414312618,1.6612527704636852,-0.0058380414312618,1.3092109200601614,-0.0,1.1657067093434066,-0.0,1.1932411492447952,1.648974889371852
2022-03-09,0.0349974593495934,0.5,0.0,0.0174987296747967,1.6903225836155362,0.0174987296747967,1.332120448037586,0.0,1.1657067093434066,0.0,1.1932411492447952,1.7066848210311438
2022-03-10,-0.027186253451979,-1.0,1.5,0.026436253451979,1.7350083798516007,-0.0135931267259895,1.314012765973129,0.026686253451979,1.1968150540396172,0.026686253451979,1.2250842849828725,1.6602864549239458
2022-03-11,-0.0239086550592986,-1.0,0.0,0.0239086550592986,1.776490096730465,-0.0119543275296493,1.2983046269905458,0.0239086550592986,1.2254292923364263,0.0239086550592986,1.2543744025710954,1.6205912387735435
2022-03-14,-0.0265623990176435,-1.0,0.0,0.0265623990176435,1.823677935530712,-0.01328119950882175,1.281061584216258,0.0265623990176435,1.257979634167375,-0.0005,1.25374721536981,1.5775444476447436
2022-03-15,0.0296773336874252,-1.0,0.0,-0.0296773336874252,1.7695560368995724,0.0148386668437126,1.3000708302707218,-0.0296773336874252,1.2206461527922048,0.0,1.25374721536981,1.6243617606242415
2022-03-16,0.0290154104068605,0.5,1.5,0.013757705203430249,1.7939010671961872,0.01450770520343025,1.3189318746198682,-0.0005,1.2200358297158087,0.0,1.25374721536981,1.6714932837579644
2022-03-17,0.0064540384735884,-1.0,1.5,-0.0072040384735884,1.7809777348902947,0.0032270192367942,1.3231880931512876,-0.0069540384735884,1.2115516536168085,-0.0069540384735884,1.2450286089979739,1.682281165719683
2022-03-18,0.020918939110945,0.5,1.5,0.0097094695554725,1.7982700839861863,0.0104594695554725,1.3370279387277673,-0.0005,1.2109458777900002,-0.0005,1.244406094693475,1.7174727029928627
2022-03-21,0.008537626539822,0.5,0.0,0.004268813269911,1.8059465631835903,0.004268813269911,1.34273546133485,0.0,1.2109458777900002,0.0,1.244406094693475,1.7321358435233545
2022-03-22,0.0208005804813158,0.5,0.0,0.0104002902406579,1.8247289315998183,0.0104002902406579,1.356700299849156,0.0,1.2109458777900002,0.0,1.244406094693475,1.7681652745411338
2022-03-23,0.0082336216088141,1.0,0.5,0.0079836216088141,1.8392968769283669,0.00411681080440705,1.3622855783019172,0.0,1.2109458777900002,0.0077336216088141,1.2540298605575364,1.7827236783535505
2022-03-24,0.0226778685153632,0.5,0.5,0.0110889342576816,1.8596927190769847,0.0113389342576816,1.3777324449144703,0.0,1.2109458777900002,-0.0005,1.2534028456272577,1.823152051530477
2022-03-25,0.0037341299477222,0.5,0.0,0.0018670649738611,1.8631648862149177,0.0018670649738611,1.380304760905722,0.0,1.2109458777900002,0.0,1.2534028456272577,1.8299599382053484
2022-03-28,0.00503663003663,0.5,0.0,0.002518315018315,1.8678569223294699,0.002518315018315,1.3837808031149625,0.0,1.2109458777900002,0.0,1.2534028456272577,1.839176769395943
2022-03-29,0.0191343963553531,0.5,0.0,0.00956719817767655,1.885727079672941,0.00956719817767655,1.397019708292828,0.0,1.2109458777900002,0.0,1.2534028456272577,1.874368306669123
2022-03-30,-0.0066495306213678,0.5,0.0,-0.0033247653106839,1.8794574796930272,-0.0033247653106839,1.3923749456283543,-0.0,1.2109458777900002,-0.0,1.2534028456272577,1.8619046372182055
2022-03-31,-0.0177757776902739,0.5,0.0,-0.00888788884513695,1.8627530705243545,-0.00888788884513695,1.3799996718808558,-0.0,1.2109458777900002,-0.0,1.2534028456272577,1.8288078343065246
2022-04-01,-0.001718114655518,0.5,0.0,-0.000859057327759,1.861152858849315,-0.000859057327759,1.3788141730504215,-0.0,1.2109458777900002,-0.0,1.2534028456272577,1.8256657327642765
2022-04-04,0.0236934197693763,0.5,0.0,0.01184670988468815,1.8832013968191608,0.01184670988468815,1.3951485845434461,0.0,1.2109458777900002,0.0,1.2534028456272577,1.8689219973292266
2022-04-05,-0.0189419412687738,1.0,0.5,-0.0191919412687738,1.8470591062141346,-0.0094709706343869,1.3819351732686287,-0.0,1.2109458777900002,-0.0194419412687738,1.2290342611164584,1.833520986619897
2022-04-06,-0.0184508168627898,0.5,0.5,-0.0094754084313949,1.8295574667858283,-0.0092254084313949,1.3691862568695152,-0.0,1.2109458777900002,-0.0005,1.2284197439859001,1.7996910266816915
2022-04-07,0.001804108712099,0.5,0.0,0.0009020543560495,1.8312078270683851,0.0009020543560495,1.3704213372967673,0.0,1.2109458777900002,0.0,1.2284197439859001,1.8029378649420142
2022-04-08,-0.0119089113512256,1.0,0.5,-0.0121589113512256,1.8089423334333903,-0.0059544556756128,1.3622612241869196,-0.0,1.2109458777900002,-0.0124089113512256,1.213176392280684,1.7814668377366518
2022-04-11,-0.0255159033452878,0.5,0.5,-0.013007951672643901,1.785411698981489,-0.0127579516726439,1.3448815613232261,-0.0,1.2109458777900002,-0.0005,1.2125698040845436,1.736011102092128
2022-04-12,0.0115233785822019,0.5,0.0,0.00576168929110095,1.7956986864477171,0.00576168929110095,1.3526303510129014,0.0,1.2109458777900002,0.0,1.2125698040845436,1.7560158152444414
2022-04-13,0.0163425981152331,0.5,0.0,0.00817129905761655,1.8103718774320507,0.00817129905761655,1.3636830981254366,0.0,1.2109458777900002,0.0,1.2125698040845436,1.7847136759969748
2022-04-14,-0.0299882629107981,0.5,0.0,-0.01499413145539905,1.783226923518677,-0.01499413145539905,1.343235854488638,-0.0,1.2109458777900002,-0.0,1.2125698040845436,1.7311932130606806
2022-04-18,-0.0013309940105269,0.5,0.0,-0.00066549700526345,1.7820401913413704,-0.00066549700526345,1.3423419350501133,-0.0,1.2109458777900002,-0.0,1.2125698040845436,1.728889005263032
2022-04-19,0.0141152238444297,0.5,0.0,0.00705761192221485,1.794617139441647,0.00705761192221485,1.351815663494612,0.0,1.2109458777900002,0.0,1.2125698040845436,1.7532926605744932
2022-04-20,-0.001015531660693,-1.0,1.5,0.00026553166069299993,1.7950936671109912,-0.0005077658303465,1.3511292576917622,0.0005155316606929999,1.2115701587293868,0.000515531660693,1.2131949222093497,1.751512136367219
2022-04-21,-0.0048436285355498,-1.0,0.0,0.0048436285355498,1.8037884340209946,-0.0024218142677749,1.347857073577876,0.0048436285355498,1.217438554523029,-0.0005,1.212588324748245,1.743028462203149
2022-04-22,-0.0278211753395024,-1.0,0.0,0.0278211753395024,1.8539719483192592,-0.0139105876697512,1.3291075895895768,0.0278211753395024,1.2513091260134845,-0.0,1.212588324748245,1.694535361734452
2022-04-25,0.0067371283762902,0.5,1.5,0.0026185641881450996,1.8588266928689536,0.0033685641881451,1.3335847738180602,-0.0005,1.2506834714504778,0.0,1.212588324748245,1.7059516640046206
2022-04-26,-0.0373280943025539,0.5,0.0,-0.01866404715127695,1.8241334638271953,-0.01866404715127695,1.308694684719295,-0.0,1.2506834714504778,-0.0,1.212588324748245,1.6422717394150574
2022-04-27,-0.0014668367346939,0.5,0.0,-0.00073341836734695,1.8227956108403323,-0.00073341836734695,1.3077348640002726,-0.0,1.2506834714504778,-0.0,1.212588324748245,1.6398627948993336
2022-04-28,0.0451555214919843,0.5,0.0,0.02257776074599215,1.8639502540307298,0.02257776074599215,1.3372605888788631,0.0,1.2506834714504778,0.0,1.212588324748245,1.713911654578316
2022-04-29,-0.0366047421168417,0.5,0.0,-0.01830237105842085,1.8298355448470216,-0.01830237105842085,1.3127855493793998,-0.0,1.2506834714504778,-0.0,1.212588324748245,1.6511743604514273
2022-05-02,0.0019663812242309,-1.0,1.5,-0.0027163812242309,1.8248650139295688,0.00098319061211545,1.3140762678072704,-0.0024663812242309,1.2475988092190364,-0.0024663812242309,1.2095976196713643,1.6544211987117505
2022-05-03,0.0096226892884272,0.5,1.5,0.004061344644213601,1.8322764196803045,0.0048113446442136,1.320398741620473,-0.0005,1.246975009814427,-0.0005,1.2089928208615286,1.670341179859141
2022-05-04,0.0410082768999249,0.5,0.0,0.02050413844996245,1.869845669068031,0.02050413844996245,1.3474723802278155,0.0,1.246975009814427,0.0,1.2089928208615286,1.738838993480152
2022-05-05,-0.0557161787736417,0.5,0.0,-0.02785808938682085,1.817755341279574,-0.02785808938682085,1.3099343742131566,-0.0,1.246975009814427,-0.0,1.2089928208615286,1.6419575292608328
2022-05-06,0.0032531734387957,0.5,0.0,0.00162658671939785,1.8207120779768138,0.00162658671939785,1.3120650960695346,0.0,1.246975009814427,0.0,1.2089928208615286,1.6472991018826548
2022-05-09,-0.0331892166836215,0.5,0.0,-0.01659460834181075,1.7904980741395842,-0.01659460834181075,1.2902918896813005,-0.0,1.246975009814427,-0.0,1.2089928208615286,1.5926265350475364
2022-05-10,0.0161120610285412,0.5,0.0,0.0080560305142706,1.8049223812605952,0.0080560305142706,1.3006865205168887,0.0,1.246975009814427,0.0,1.2089928208615286,1.6182870309758965
2022-05-11,-0.0518413047699177,0.5,0.0,-0.02592065238495885,1.758137615634107,-0.02592065238495885,1.2669718773567686,-0.0,1.246975009814427,-0.0,1.2089928208615286,1.5343929197978698
2022-05-12,-0.0268941979522183,0.5,0.0,-0.01344709897610915,1.7344957651030546,-0.01344709897610915,1.2499347811220054,-0.0,1.246975009814427,-0.0,1.2089928208615286,1.4931266528763438
2022-05-13,0.0319163860830529,0.5,0.0,0.01595819304152645,1.7621751833522792,0.01595819304152645,1.2698814816484685,0.0,1.246975009814427,0.0,1.2089928208615286,1.5407818596004417
2022-05-16,-0.0106722860444566,0.5,0.0,-0.0053361430222283,1.75277196454369,-0.0053361430222283,1.263105212441113,-0.0,1.246975009814427,-0.0,1.2089928208615286,1.524338194862676
2022-05-17,0.025422564243507,0.5,0.0,0.0127112821217535,1.7750519434801049,0.0127112821217535,1.2791608991459094,0.0,1.246975009814427,0.0,1.2089928208615286,1.563090780550404
2022-05-18,-0.0564191905655321,0.5,0.0,-0.02820959528276605,1.724978446548644,-0.02820959528276605,1.2430762878794641,-0.0,1.246975009814427,-0.0,1.2089928208615286,1.4749024639313044
2022-05-19,-0.0246413861667377,-1.0,1.5,0.0238913861667377,1.7661905727444371,-0.01232069308336885,1.2277607264572878,0.0241413861667377,1.2770787150666285,0.0241413861667377,1.2381795834227602,1.4385588227593002
2022-05-20,0.0017473607571896,0.5,1.5,0.00012368037859479997,1.766409015863145,0.0008736803785948,1.2288333969136027,-0.0005,1.2764401757090953,-0.0005,1.237560493631049,1.4410725039930987
2022-05-23,0.0401191947089178,0.5,0.0,0.0200595973544589,1.8018424694846455,0.0200595973544589,1.2534833000714014,0.0,1.2764401757090953,0.0,1.237560493631049,1.4988871723704658
2022-05-24,-0.0192159877017679,0.5,0.0,-0.00960799385088395,1.7845303781175754,-0.00960799385088395,1.2414398402321296,-0.0,1.2764401757090953,-0.0,1.237560493631049,1.4700845748998572
2022-05-25,0.0011399259048161,0.5,0.0,0.00056996295240805,1.7855474943205492,0.00056996295240805,1.2421474149487053,0.0,1.2764401757090953,0.0,1.237560493631049,1.4717603623890563
2022-05-26,0.0231995445488186,0.5,0.0,0.0115997722744093,1.8062594386398094,0.0115997722744093,1.2565560420933564,0.0,1.2764401757090953,0.0,1.237560493631049,1.5059045324814868
2022-05-27,0.0407567116427873,1.0,0.5,0.040506711642787296,1.879425068872855,0.02037835582139365,1.282162588228657,0.0,1.2764401757090953,0.0402567116427873,1.2873806095636595,1.5672802492734013
2022-05-31,-0.0053461641272385,0.5,0.5,-0.00292308206361925,1.8739313551641166,-0.00267308206361925,1.2787352624114192,-0.0,1.2764401757090953,-0.0005,1.2867369192588778,1.5589013118274064
2022-06-01,-0.0008734211233538,1.0,0.5,-0.0011234211233538001,1.8718261410960102,-0.0004367105616769,1.2781768252167354,-0.0,1.2764401757090953,-0.0013734211233538,1.2849696875937684,1.5575397344924324
2022-06-02,0.0168112433595588,0.5,0.5,0.0081556216797794,1.8870920469531105,0.0084056216797794,1.2889206960493689,0.0,1.2764401757090953,-0.0005,1.2843272027499715,1.5837239140111674
2022-06-03,-0.0385556510812777,1.0,0.5,-0.0388056510812777,1.8138622114207938,-0.01927782554063885,1.2640731077352103,-0.0,1.2764401757090953,-0.0390556510812777,1.2341669676451752,1.5226624073734774
2022-06-06,0.0052276791855825,0.5,0.5,0.0023638395927912496,1.8181498907320182,0.00261383959279125,1.2673771920723913,0.0,1.2764401757090953,-0.0005,1.2335498841613526,1.5306223979471727
2022-06-07,0.0175858765567265,0.5,0.0,0.00879293827836325,1.8341367705020375,0.00879293827836325,1.278521161497689,0.0,1.2764401757090953,0.0,1.2335498841613526,1.5575397344924324
2022-06-08,-0.0050433730078676,0.5,0.0,-0.0025216865039338,1.8295116525614938,-0.0025216865039338,1.2752971319397466,-0.0,1.2764401757090953,-0.0,1.2335498841613526,1.549684480636812
2022-06-09,-0.0359556636928901,0.5,0.0,-0.01797783184644505,1.7966209997106315,-0.01797783184644505,1.25237005454748,-0.0,1.2764401757090953,-0.0,1.2335498841613526,1.4939645466209437
2022-06-10,-0.0386287156477845,0.5,0.0,-0.01931435782389225,1.7619204188483013,-0.01931435782389225,1.2281813311860226,-0.0,1.2764401757090953,-0.0,1.2335498841613526,1.436254614961652
2022-06-13,-0.0382848392036753,0.5,0.0,-0.01914241960183765,1.7281929988856617,-0.01914241960183765,1.2046709687973163,-0.0,1.2764401757090953,-0.0,1.2335498841613526,1.3812678379723085
2022-06-14,0.0066727327873823,0.5,0.0,0.00333636639369115,1.7339588839289561,0.00333636639369115,1.208690192533067,0.0,1.2764401757090953,0.0,1.2335498841613526,1.390484669162903
2022-06-15,0.0201114793612535,0.5,0.0,0.01005573968062675,1.7513951230826557,0.01005573968062675,1.2208444664637061,0.0,1.2764401757090953,0.0,1.2335498841613526,1.418449372888912
2022-06-16,-0.0396514804696153,0.5,0.0,-0.01982574023480765,1.71667241832391,-0.01982574023480765,1.1966403212044943,-0.0,1.2764401757090953,-0.0,1.2335498841613526,1.3622057552826692
2022-06-17,0.0115331385514378,0.5,0.0,0.0057665692757189,1.7265717287478908,0.0057665692757189,1.2035408305148385,0.0,1.2764401757090953,0.0,1.2335498841613526,1.3779162629939103
2022-06-21,0.0327607175433262,0.5,0.0,0.0163803587716631,1.7548535931097917,0.0163803587716631,1.223255261115017,0.0,1.2764401757090953,0.0,1.2335498841613526,1.4230577884842095
2022-06-22,-0.0038271877529992,-1.0,1.5,0.0030771877529991998,1.7602536070948158,-0.0019135938764996,1.2209144473379514,0.0033271877529992,1.2806871318291508,0.0033271877529992,1.237654136228648,1.4176114791443126
2022-06-23,0.0215736978204654,0.5,1.5,0.0100368489102327,1.7779210065929185,0.0107868489102327,1.2340842670137062,-0.0005,1.2800467882632363,-0.0005,1.2370353091605337,1.448194600822195
2022-06-24,0.0245172488609242,0.5,0.0,0.0122586244304621,1.7997158724797702,0.0122586244304621,1.2492124425585693,0.0,1.2800467882632363,0.0,1.2370353091605337,1.4837003482495996
2022-06-27,0.0,0.5,0.0,0.0,1.7997158724797702,0.0,1.2492124425585693,0.0,1.2800467882632363,0.0,1.2370353091605337,1.4837003482495996
2022-06-28,-0.0297896371593957,0.5,0.0,-0.01489481857969785,1.7729094310641813,-0.01489481857969785,1.2306056498591582,-0.0,1.2800467882632363,-0.0,1.2370353091605337,1.439501453221975
2022-06-29,0.0130238649592548,0.5,0.0,0.0065119324796274,1.784454497571766,0.0065119324796274,1.2386192707600892,0.0,1.2800467882632363,0.0,1.2370353091605337,1.4582493257573892
2022-06-30,-0.0180277239100767,0.5,0.0,-0.00901386195503835,1.7683696710656067,-0.00901386195503835,1.2274545276386073,-0.0,1.2800467882632363,-0.0,1.2370353091605337,1.4319604095205796
2022-07-01,0.0161644236395552,0.5,0.0,0.0080822118197776,1.7826620093228294,0.0080822118197776,1.2373750751301276,0.0,1.2800467882632363,0.0,1.2370353091605337,1.4551072242151413
2022-07-05,0.0189303966026055,1.0,0.5,0.0186803966026055,1.8159628426653773,0.00946519830130275,1.2490870755893235,0.0,1.2800467882632363,0.0184303966026055,1.2598343605197893,1.4826529810688505
2022-07-06,0.0096072336818309,0.5,0.5,0.00455361684091545,1.8242320416482152,0.00480361684091545,1.255087211301394,0.0,1.2800467882632363,-0.0005,1.2592044433395295,1.496897174727042
2022-07-07,0.0239994402462917,1.0,0.5,0.0237494402462917,1.8675565315167102,0.01199972012314585,1.2701479065671504,0.0,1.2800467882632363,0.0234994402462917,1.2887950429136519,1.5328218690267468
2022-07-08,0.0047147249743764,0.5,0.5,0.0021073624871882,1.8714921500939317,0.0023573624871882,1.2731421055952723,0.0,1.2800467882632363,-0.0005,1.2881506453921951,1.5400487025739176
2022-07-11,-0.0147578890097931,0.5,0.0,-0.00737894450489655,1.8576825133770392,-0.00737894450489655,1.2637476606512377,-0.0,1.2800467882632363,-0.0,1.2881506453921951,1.5173208347516558
2022-07-12,0.0068337129840547,0.5,0.0,0.00341685649202735,1.8640299479329971,0.00341685649202735,1.2680657050498183,0.0,1.2800467882632363,0.0,1.2881506453921951,1.527689769841075
2022-07-13,-0.0025366790072672,1.0,0.5,-0.0027866790072672,1.858835494808175,-0.0012683395036336,1.2664573672229007,-0.0,1.2800467882632363,-0.0030366790072672,1.284238945369135,1.5238145112723023
2022-07-14,0.0204825073888239,0.5,0.5,0.00999125369441195,1.8774075918129813,0.01024125369441195,1.2794274784137873,0.0,1.2800467882632363,-0.0005,1.2835968258964505,1.5550260532586344
2022-07-15,0.011450124604297,1.0,0.5,0.011200124604297,1.8984347907743397,0.0057250623021485,1.286752280438787,0.0,1.2800467882632363,0.010950124604297,1.2976523710816967,1.5728312953313741
2022-07-18,-0.020643270959579,0.5,0.5,-0.010571635479789501,1.8783652301841232,-0.0103216354797895,1.27347089244731,-0.0,1.2800467882632363,-0.0005,1.2970035448961559,1.540362912728143
2022-07-19,0.0267219691303461,0.5,0.0,0.01336098456517305,1.9034620390323709,0.01336098456517305,1.2904857173854956,0.0,1.2800467882632363,0.0,1.2970035448961559,1.5815244429315947
2022-07-20,0.0135099337748343,1.0,0.5,0.013259933774834299,1.9287018196128511,0.00675496688741715,1.2992029056751193,0.0,1.2800467882632363,0.0130099337748343,1.3138774751209803,1.6028907334188822
2022-07-21,0.0150940930475693,0.5,0.5,0.00729704652378465,1.9427756465210744,0.00754704652378465,1.3090080504480854,0.0,1.2800467882632363,-0.0005,1.31322053638342,1.6270849152941935
2022-07-22,-0.0081107177341486,0.5,0.0,-0.0040553588670743,1.934896994076219,-0.0040553588670743,1.303699553043629,-0.0,1.2800467882632363,-0.0,1.31322053638342,1.6138880888167513
2022-07-25,-0.0073982737361283,0.5,0.0,-0.00369913686806415,1.9277395452695254,-0.00369913686806415,1.2988769899620867,-0.0,1.2800467882632363,-0.0,1.31322053638342,1.601948102956208
2022-07-26,-0.0088264138607387,0.5,0.0,-0.00441320693036935,1.9192320317483949,-0.00441320693036935,1.2931447770282887,-0.0,1.2800467882632363,-0.0,1.31322053638342,1.5878086460160912
2022-07-27,0.0342348284960423,1.0,0.5,0.0339848284960423,1.9844568031914747,0.01711741424802115,1.3152800718593467,0.0,1.2800467882632363,0.0337348284960423,1.3575218059557954,1.6421670026969852
2022-07-28,0.0035716563556349,1.0,0.0,0.0035716563556349,1.9915446009450766,0.00178582817781745,1.3176289360733948,0.0,1.2800467882632363,0.0035716563556349,1.3623704073419505,1.6480322589091818
2022-07-29,0.0327931363203051,1.0,0.0,0.0327931363203051,2.056853594531836,0.01639656816015255,1.3392335287335115,0.0,1.2800467882632363,0.0327931363203051,1.4070468058286647,1.702076405435851
2022-08-01,-0.0061534674789244,0.5,0.5,-0.0033267337394622,2.050010990281773,-0.0030767337394622,1.335113063750638,-0.0,1.2800467882632363,-0.0005,1.4063432824257505,1.691602733628357
2022-08-02,-0.0092873506284441,0.5,0.0,-0.00464367531422205,2.0404914048523177,-0.00464367531422205,1.3289132321748038,-0.0,1.2800467882632363,-0.0,1.4063432824257505,1.6758922259171158
2022-08-03,0.0382476095244046,0.5,0.0,0.0191238047622023,2.0795133640976653,0.0191238047622023,1.354327109372822,0.0,1.2800467882632363,0.0,1.4063432824257505,1.739991097378979
2022-08-04,-0.0019262023716366,0.5,0.0,-0.0009631011858183,2.0775105823107776,-0.0009631011858183,1.3530227553277991,-0.0,1.2800467882632363,-0.0,1.4063432824257505,1.7366395224005808
2022-08-05,-0.0027742596948314,0.5,0.0,-0.0013871298474157,2.0746288053737323,-0.0013871298474157,1.3511459370796512,-0.0,1.2800467882632363,-0.0,1.4063432824257505,1.7318216333691336
2022-08-08,-0.0029029331720592,1.0,0.5,-0.0031529331720592003,2.0680876393935597,-0.0014514665860296,1.3491847938991306,-0.0,1.2800467882632363,-0.0034029331720592,1.4015575902186812,1.7267942709015365
2022-08-09,0.0003032692424334,0.5,0.5,-9.83653787833e-05,2.0678842111695537,0.0001516346212167,1.3493893770243048,0.0,1.2800467882632363,-0.0005,1.400856811423572,1.727317954491911
2022-08-10,0.0261945185544507,0.5,0.0,0.01309725927722535,2.094967826838522,0.01309725927722535,1.3670626795611258,0.0,1.2800467882632363,0.0,1.400856811423572,1.7725642167002853
2022-08-11,-0.0044315764594659,0.5,0.0,-0.00221578822973295,2.090325821786144,-0.00221578822973295,1.3640335581664471,-0.0,1.2800467882632363,-0.0,1.400856811423572,1.7647089628446646
2022-08-12,0.0214256038934059,0.5,0.0,0.01071280194670295,2.112719068319018,0.01071280194670295,1.3786461795237406,0.0,1.2800467882632363,0.0,1.400856811423572,1.8025189180697176
2022-08-15,0.0063335270191748,0.5,0.0,0.0031667635095874,2.11940954997058,0.0031667635095874,1.3830120259376883,0.0,1.2800467882632363,0.0,1.400856811423572,1.8139352203398862
2022-08-16,-0.0009238408684103,0.5,0.0,-0.00046192043420515,2.118430551390999,-0.00046192043420515,1.3823731844221563,-0.0,1.2800467882632363,-0.0,1.400856811423572,1.8122594328506874
2022-08-17,0.0087846038259262,0.5,0.0,0.0043923019129631,2.1277353379543533,0.0043923019129631,1.3884449848045226,0.0,1.2800467882632363,0.0,1.400856811423572,1.8281794139980785
2022-08-18,-0.0022916069894013,1.0,0.5,-0.0025416069894012997,2.122327470947812,-0.00114580349470065,1.386854099688734,-0.0,1.2800467882632363,-0.0027916069894013,1.3969461697576515,1.8239899452750807
2022-08-19,-0.0151019236290553,1.0,0.0,-0.0151019236290553,2.0902762435657123,-0.00755096181452765,1.3763820173396633,-0.0,1.2800467882632363,-0.0151019236290553,1.3758495953880703,1.7964441884213718
2022-08-22,-0.0230293843283583,1.0,0.0,-0.0230293843283583,2.0421384686002004,-0.01151469216417915,1.360533402109685,-0.0,1.2800467882632363,-0.0230293843283583,1.3441646262778622,1.7550731847817702
2022-08-23,-0.002029002804798,0.5,0.5,-0.001264501402399,2.0395561816427628,-0.001014501402399,1.359153139065234,-0.0,1.2800467882632363,-0.0005,1.3434925439647234,1.7515121363672221
2022-08-24,0.0017939364946482,0.5,0.0,0.0008969682473241,2.04138559877633,0.0008969682473241,1.3603722562742264,0.0,1.2800467882632363,0.0,1.3434925439647234,1.7546542379094705
2022-08-25,0.0149227004118666,0.5,0.0,0.0074613502059333,2.056617091634149,0.0074613502059333,1.370522470088724,0.0,1.2800467882632363,0.0,1.3434925439647234,1.7808384174282057
2022-08-26,-0.0376992295477268,0.5,0.0,-0.0188496147738634,2.017850651719502,-0.0188496147738634,1.3446886494886279,-0.0,1.2800467882632363,-0.0,1.3434925439647234,1.7137021811421693
2022-08-29,-0.0136902579146803,-1.0,1.5,0.012940257914680299,2.043962159586058,-0.00684512895734015,1.3354840822754066,0.013190257914680299,1.2969309355432865,0.0131902579146803,1.3612135571260682,1.690241156293383
2022-08-30,-0.0153054901474779,0.5,1.5,-0.00840274507373895,2.0267872666186877,-0.00765274507373895,1.3252639630437169,-0.0005,1.296282470075515,-0.0005,1.3605329503475052,1.6643711869288729
2022-08-31,-0.010634950600969,0.5,0.0,-0.0053174753004845,2.016009875389106,-0.0053174753004845,1.3182169046536096,-0.0,1.296282470075515,-0.0,1.3605329503475052,1.6466706815742083
2022-09-01,0.0047067803078488,0.5,0.0,0.0023533901539244,2.020754333180061,0.0023533901539244,1.321319183337758,0.0,1.296282470075515,0.0,1.3605329503475052,1.6544211987117539
2022-09-02,-0.0136110407698152,0.5,0.0,-0.0068055203849076,2.007002048372714,-0.0068055203849076,1.3123269187005835,-0.0,1.296282470075515,-0.0,1.3605329503475052,1.6319028043256416
2022-09-06,-0.0082151338168281,0.5,0.0,-0.00410756690841405,1.9987581531736989,-0.00410756690841405,1.306936448076308,-0.0,1.296282470075515,-0.0,1.3605329503475052,1.6184965044120494
2022-09-07,0.0092538665631269,0.5,0.0,0.00462693328156345,2.008006273794414,0.00462693328156345,1.3129835558248004,0.0,1.296282470075515,0.0,1.3605329503475052,1.633473855096766
2022-09-08,-0.0096178507309566,0.5,0.0,-0.0048089253654783,1.9983499214903246,-0.0048089253654783,1.3066695158987387,-0.0,1.296282470075515,-0.0,1.3605329503475052,1.617763347385525
2022-09-09,0.0188398290819629,0.5,0.0,0.00941991454098145,2.0171742069737406,0.00941991454098145,1.3189782310718103,0.0,1.296282470075515,0.0,1.3605329503475052,1.6482417323453327
2022-09-12,0.0385079748363728,0.5,0.0,0.0192539874181864,2.056012853775103,0.0192539874181864,1.3443738213377285,0.0,1.296282470075515,0.0,1.3605329503475052,1.7117121834987463
2022-09-13,-0.0586795569968794,0.5,0.0,-0.0293397784984397,1.9956898920553965,-0.0293397784984397,1.3049301912005786,-0.0,1.296282470075515,-0.0,1.3605329503475052,1.6112696708648786
2022-09-14,0.0095553822152885,-1.0,1.5,-0.0103053822152885,1.9751235449345776,0.00477769110764425,1.311164744571174,-0.0100553822152885,1.2832478543799273,-0.0100553822152885,1.3468522715152669,1.6266659684218947
2022-09-15,-0.0189298821711415,-1.0,0.0,0.0189298821711415,2.0125124009136366,-0.00946494108557075,1.2987546475103304,0.0189298821711415,1.3075395850597094,-0.0005,1.3461788453795094,1.5958733733078625
2022-09-16,-0.0109601627616986,-1.0,0.0,0.0109601627616986,2.034569864387587,-0.0054800813808493,1.2916373663482175,0.0109601627616986,1.3218704317293277,-0.0,1.3461788453795094,1.5783823413893472
2022-09-19,0.0250829462508295,0.5,1.5,0.01179147312541475,2.058560440265292,0.01254147312541475,1.307836401666055,-0.0005,1.321209496513463,0.0,1.3461788453795094,1.6179728208216746
2022-09-20,0.0156654583117556,0.5,0.0,0.0078327291558778,2.0746845866448944,0.0078327291558778,1.318080329980503,0.0,1.321209496513463,0.0,1.3461788453795094,1.6433191065958104
2022-09-21,-0.0202676864244741,0.5,0.0,-0.01013384321223705,2.0536600583289903,-0.01013384321223705,1.304723110575347,-0.0,1.321209496513463,-0.0,1.3461788453795094,1.6100128302479797
2022-09-22,-0.006375227686703,0.5,0.0,-0.0031876138433515,2.047113783097523,-0.0031876138433515,1.3005641571263362,-0.0,1.321209496513463,-0.0,1.3461788453795094,1.5997486318766359
2022-09-23,-0.0151237396883593,-1.0,1.5,0.0143737396883593,2.0765384637282187,-0.00756186984417965,1.2907294602461417,0.0146237396883593,1.3405305202642641,0.0146237396883593,1.3658650143883153,1.5755544500013245
2022-09-26,0.0022601874626071,0.5,1.5,0.00038009373130355,2.0773277429810926,0.00113009373130355,1.2921881055179745,-0.0005,1.339860255004132,-0.0005,1.3651820818811213,1.5791154984158724
2022-09-27,0.006566293029117,0.5,0.0,0.0032831465145585,2.0841479143200563,0.0032831465145585,1.2964305483927596,0.0,1.339860255004132,0.0,1.3651820818811213,1.5894844335052911
2022-09-28,-0.0126515550869793,0.5,0.0,-0.00632577754348965,2.07096405824634,-0.00632577754348965,1.2882296171430427,-0.0,1.339860255004132,-0.0,1.3651820818811213,1.5693749836349027
2022-09-29,-0.0491190603310198,0.5,0.0,-0.0245595301655099,2.020102153986152,-0.0245595301655099,1.2565913030007148,-0.0,1.339860255004132,-0.0,1.3651820818811213,1.4922887591317469
2022-09-30,-0.0300393037619315,0.5,0.0,-0.01501965188096575,1.9897609228692907,-0.01501965188096575,1.2377177390729948,-0.0,1.339860255004132,-0.0,1.3651820818811213,1.4474614437956723
2022-10-03,0.030752532561505,0.5,0.0,0.0153762662807525,2.0203560166543646,0.0153762662807525,1.2567492166093919,0.0,1.339860255004132,0.0,1.3651820818811213,1.4919745489775218
2022-10-04,0.0256230256230256,0.5,0.0,0.0128115128115128,2.046239833645549,0.0128115128115128,1.2728500752988416,0.0,1.339860255004132,0.0,1.3651820818811213,1.530203451074875
2022-10-05,0.002053388090349,0.5,0.0,0.0010266940451745,2.0483406958977515,0.0010266940451745,1.2741569028915507,0.0,1.339860255004132,0.0,1.3651820818811213,1.5333455526171231
2022-10-06,-0.0066256830601092,0.5,0.0,-0.0033128415300546,2.0415548677726805,-0.0033128415300546,1.269935822987846,-0.0,1.339860255004132,-0.0,1.3651820818811213,1.523186090963854
2022-10-07,-0.0367186962799972,-1.0,1.5,0.0359686962799972,2.114986934750546,-0.0183593481399986,1.2466206290981563,0.0362186962799972,1.3883882466377664,0.0362186962799972,1.4146271970716682,1.467256683511836
2022-10-10,0.0023556285245198,0.5,1.5,0.0004278142622598999,2.115891756325725,0.0011778142622599,1.2480889166547353,-0.0005,1.3876940525144477,-0.0005,1.4139198834731324,1.470712995208309
2022-10-11,-0.010254949437402,0.5,0.0,-0.005127474718701,2.105042574837657,-0.005127474718701,1.2416893722878972,-0.0,1.3876940525144477,-0.0,1.4139198834731324,1.4556309078055176
2022-10-12,-0.0046049791336881,0.5,0.0,-0.00230248956684405,2.100195736271331,-0.00230248956684405,1.2388303954629432,-0.0,1.3876940525144477,-0.0,1.4139198834731324,1.4489277578487219
2022-10-13,0.0336128379355211,0.5,0.0,0.01680641896776055,2.1354925057294114,0.01680641896776055,1.2596506981190898,0.0,1.3876940525144477,0.0,1.4139198834731324,1.497630331753569
2022-10-14,-0.0322400167843905,0.5,0.0,-0.01612000839219525,2.1010683486155832,-0.01612000839219525,1.2393451182941755,-0.0,1.3876940525144477,-0.0,1.4139198834731324,1.4493467047210218
2022-10-17,0.0291227055932938,-1.0,1.5,-0.029872705593293802,2.038303752406002,0.0145613527966469,1.257391659798459,-0.029622705593293802,1.3465868001432473,-0.0296227055932938,1.3720357510325034,1.4915556021052228
2022-10-18,0.0094094515834561,0.5,1.5,0.00395472579172805,2.046364684827018,0.00470472579172805,1.2633073427706165,-0.0005,1.3459135067431758,-0.0005,1.3713497331569873,1.5055903223272646
2022-10-19,0.0007652173913044,0.5,0.0,0.0003826086956522,2.047147641749908,0.0003826086956522,1.2637906951452418,0.0,1.3459135067431758,0.0,1.3713497331569873,1.5067424262260891
2022-10-20,-0.0032670652022801,0.5,0.0,-0.00163353260114005,2.043803559337763,-0.00163353260114005,1.2617262518437045,-0.0,1.3459135067431758,-0.0,1.3713497331569873,1.5018198004765666
2022-10-21,0.0270590696701304,0.5,0.0,0.0135295348350652,2.0714552707898535,0.0135295348350652,1.2787968211203402,0.0,1.3459135067431758,0.0,1.3713497331569873,1.5424576470896434
2022-10-24,0.0148027432606774,0.5,0.0,0.0074013716303387,2.0867868810645933,0.0074013716303387,1.2882616716331476,0.0,1.3459135067431758,0.0,1.3713497331569873,1.56529025162998
2022-10-25,0.0193375710940115,0.5,0.0,0.00966878554700575,2.1069635758999117,0.00966878554700575,1.3007175974645957,0.0,1.3459135067431758,0.0,1.3713497331569873,1.595559163153638
2022-10-26,-0.0196271497965079,0.5,0.0,-0.00981357489825395,2.086286731039925,-0.00981357489825395,1.2879529079004,-0.0,1.3459135067431758,-0.0,1.3713497331569873,1.5642428844492309
2022-10-27,-0.030465349849347,0.5,0.0,-0.0152326749246735,2.054507003466334,-0.0152326749246735,1.2683339399360651,-0.0,1.3459135067431758,-0.0,1.3713497331569873,1.5165876777251333
2022-10-28,0.0755524861878453,0.5,0.0,0.03777624309392265,2.1321185594674446,0.03777624309392265,1.3162468311753626,0.0,1.3459135067431758,0.0,1.3713497331569873,1.631169647299118
2022-10-31,-0.0154102992166431,0.5,0.0,-0.00770514960832155,2.115690266984069,-0.00770514960832155,1.3061049524196773,-0.0,1.3459135067431758,-0.0,1.3713497331569873,1.6060328349611324
2022-11-01,-0.0175427155341072,0.5,0.0,-0.0087713577670536,2.0971327907280783,-0.0087713577670536,1.2946486386006837,-0.0,1.3459135067431758,-0.0,1.3713497331569873,1.5778586577989735
2022-11-02,-0.0373050116163292,0.5,0.0,-0.0186525058081646,2.0580160091685307,-0.0186525058081646,1.2705001973496521,-0.0,1.3459135067431758,-0.0,1.3713497331569873,1.5189966222408573
2022-11-03,-0.0424050196511066,0.5,0.0,-0.0212025098255533,2.014380904512989,-0.0212025098255533,1.2435624044319789,-0.0,1.3459135067431758,-0.0,1.3713497331569873,1.4545835406247694
2022-11-04,-0.0036002304147465,0.5,0.0,-0.00180011520737325,2.010754786813333,-0.00180011520737325,1.2413238488364433,-0.0,1.3459135067431758,-0.0,1.3713497331569873,1.4493467047210222
2022-11-07,0.003902298019945,0.5,0.0,0.0019511490099725,2.0146780690249213,0.0019511490099725,1.2437458566351556,0.0,1.3459135067431758,0.0,1.3713497331569873,1.4550024874970688
2022-11-08,0.0041750647854881,0.5,0.0,0.00208753239274405,2.0188837747549617,0.00208753239274405,1.2463422163992226,0.0,1.3459135067431758,0.0,1.3713497331569873,1.4610772171454154
2022-11-09,-0.033189964157706,0.5,0.0,-0.016594982078853,1.985380434693616,-0.016594982078853,1.2256591896539595,-0.0,1.3459135067431758,-0.0,1.3713497331569873,1.4125841166767181
2022-11-10,0.0889745681026172,0.5,0.0,0.0444872840513086,2.0737046180417416,0.0444872840513086,1.280185438174192,0.0,1.3459135067431758,0.0,1.3713497331569873,1.5382681783666463
2022-11-11,0.0192687410635254,1.0,0.5,0.0190187410635254,2.113143869214514,0.0096343705317627,1.292519219034929,0.0,1.3459135067431758,0.0187687410635254,1.3970882412061454,1.5679086695818543
2022-11-14,-0.0094856379425516,0.5,0.5,-0.0049928189712758,2.1025933244152646,-0.0047428189712758,1.2863890343621516,-0.0,1.3459135067431758,-0.0005,1.3963896970855423,1.553036055615213
2022-11-15,0.0118694362017803,0.5,0.0,0.00593471810089015,2.1150716230764828,0.00593471810089015,1.2940233906491674,0.0,1.3459135067431758,0.0,1.3963896970855423,1.5714697179964023
2022-11-16,-0.0083311117035457,1.0,0.5,-0.0085811117035457,2.0969219572178637,-0.00416555585177285,1.288633063941918,-0.0,1.3459135067431758,-0.0088311117035457,1.3840580236888995,1.5583776282370347
2022-11-17,0.0129713018348007,0.5,0.5,0.00623565091740035,2.109997630544106,0.00648565091740035,1.296990688155265,0.0,1.3459135067431758,-0.0005,1.3833659946770551,1.5785918148254983
2022-11-18,0.0037818471337578,0.5,0.0,0.0018909235668789,2.1139874747897607,0.0018909235668789,1.2994431984135204,0.0,1.3459135067431758,0.0,1.3833659946770551,1.5845618077557697
2022-11-21,-0.021680216802168,0.5,0.0,-0.010840108401084,2.091071621404506,-0.010840108401084,1.2853570932816667,-0.0,1.3459135067431758,-0.0,1.3833659946770551,1.5502081642271894
2022-11-22,0.0146611715424633,1.0,0.5,0.0144111715424633,2.121206413248143,0.00733058577123165,1.2947795137006288,0.0,1.3459135067431758,0.0141611715424633,1.4029560778336871,1.5729360320494514
2022-11-23,0.0059262218670927,0.5,0.5,0.00271311093354635,2.1269614815602353,0.00296311093354635,1.298616089034207,0.0,1.3459135067431758,-0.0005,1.4022545997947704,1.582257599958121
2022-11-25,-0.0195935658966041,0.5,0.0,-0.00979678294830205,2.106124101585991,-0.00979678294830205,1.285893829076766,-0.0,1.3459135067431758,-0.0,1.4022545997947704,1.5512555314079388
2022-11-28,-0.0262642630477348,0.5,0.0,-0.0131321315238674,2.078466202878377,-0.0131321315238674,1.2690073021876005,-0.0,1.3459135067431758,-0.0,1.4022545997947704,1.5105129480767872
2022-11-29,-0.0211482457356816,0.5,0.0,-0.0105741228678408,2.0564882458724867,-0.0105741228678408,1.2555886630540816,-0.0,1.3459135067431758,-0.0,1.4022545997947704,1.4785682490639303
2022-11-30,0.0485938938868033,0.5,0.0,0.02429694694340165,2.1064546316721793,0.02429694694340165,1.2860956341830432,0.0,1.3459135067431758,0.0,1.4022545997947704,1.5504176376633394
2022-12-01,0.0018915084780111,0.5,0.0,0.00094575423900555,2.108446820069356,0.00094575423900555,1.2873119645808382,0.0,1.3459135067431758,0.0,1.4022545997947704,1.5533502657694376
2022-12-02,-0.0033713168363562,1.0,0.5,-0.0036213168363562,2.100811466101277,-0.0016856584181781,1.285141996330921,-0.0,1.3459135067431758,-0.0038713168363562,1.396826027953727,1.5481134298656907
2022-12-05,-0.0079832217035383,0.5,0.5,-0.00424161085176915,2.091900641389141,-0.00399161085176915,1.280012209592302,-0.0,1.3459135067431758,-0.0005,1.3961276149397501,1.5357544971328478
2022-12-06,-0.0253699788583509,0.5,0.0,-0.01268498942917545,2.0653649038662345,-0.01268498942917545,1.2637752682444083,-0.0,1.3459135067431758,-0.0,1.3961276149397501,1.49679243800897
2022-12-07,-0.0137848995871527,0.5,0.0,-0.00689244979357635,2.0511294799609217,-0.00689244979357635,1.2550647606576701,-0.0,1.3459135067431758,-0.0,1.3961276149397501,1.476159304548207
2022-12-08,0.01213282247765,0.5,0.0,0.006066411238825,2.063572474890442,0.006066411238825,1.262678499627177,0.0,1.3459135067431758,0.0,1.3961276149397501,1.494069283339022
2022-12-09,-0.003434980722047,0.5,0.0,-0.0017174903610235,2.060028309055544,-0.0017174903610235,1.2605098614749957,-0.0,1.3459135067431758,-0.0,1.3961276149397501,1.4889371841533499
2022-12-12,0.0163899831176139,0.5,0.0,0.00819499155880695,2.0769102236591572,0.00819499155880695,1.270839729149576,0.0,1.3459135067431758,0.0,1.3961276149397501,1.513340839464811
2022-12-13,0.0067824762959374,0.5,0.0,0.0033912381479687,2.083953520839536,0.0033912381479687,1.2751494493190223,0.0,1.3459135067431758,0.0,1.3961276149397501,1.523605037836155
2022-12-14,-0.0155358493160101,0.5,0.0,-0.00776792465800505,2.0677655268988704,-0.00776792465800505,1.2652441844690154,-0.0,1.3459135067431758,-0.0,1.3961276149397501,1.4999345395512185
2022-12-15,-0.0468542699532156,-1.0,1.5,0.0461042699532156,2.163098346950969,-0.0234271349766078,1.235603138181092,0.0463542699532156,1.408302344768428,0.0463542699532156,1.4608440912918064,1.4296562017229335
2022-12-16,-0.0145787545787546,0.5,1.5,-0.0080393772893773,2.1457083832258017,-0.0072893772893773,1.2265963607269514,-0.0005,1.4075981935960438,-0.0005,1.4601136692461605,1.4088135948260203
2022-12-19,-0.01590959779942,0.5,0.0,-0.00795479889971,2.1286397045398187,-0.00795479889971,1.2168390333462524,-0.0,1.4075981935960438,-0.0,1.4601136692461605,1.3863999371579832
2022-12-20,-0.0005288207297725,0.5,0.0,-0.00026441036488625,2.12807687013883,-0.00026441036488625,1.2165172884934377,-0.0,1.4075981935960438,-0.0,1.4601136692461605,1.3856667801314588
2022-12-21,0.0238095238095237,0.5,0.0,0.01190476190476185,2.1534111185928637,0.01190476190476185,1.2309996371659786,0.0,1.4075981935960438,0.0,1.4601136692461605,1.418658846325065
2022-12-22,-0.0237726098191214,0.5,0.0,-0.0118863049095607,2.127815017441631,-0.0118863049095607,1.2163676001350652,-0.0,1.4075981935960438,-0.0,1.4601136692461605,1.384933623104934
2022-12-23,-0.0027981547303937,-1.0,1.5,0.0020481547303937003,2.1321731118350065,-0.00139907736519685,1.2146658077579573,0.0022981547303937,1.4108330720431501,0.0022981547303937,1.4634692363820512,1.3810583645361618
2022-12-27,-0.013878355831943,0.5,1.5,-0.0076891779159715,2.1157784534304565,-0.0069391779159715,1.2062370256094777,-0.0005,1.4101276555071287,-0.0005,1.4627375017638602,1.3618915451284477
2022-12-28,-0.0306852264861954,-1.0,1.5,0.0299352264861954,2.1791147606285093,-0.0153426132430977,1.1877301974460468,0.0301852264861954,1.4526926781630591,0.0301852264861954,1.5068905645444541,1.3201015946165466
2022-12-29,0.0283243414788956,-1.0,0.0,-0.0283243414788956,2.1173927700267656,0.0141621707394478,1.2045510352946756,-0.0283243414788956,1.4115461146828772,-0.0005,1.506137119262182,1.3574926029693004
2022-12-30,0.0024689452974306,-1.0,0.0,-0.0024689452974306,2.1121650431043943,0.0012344726487153,1.2060380206017285,-0.0024689452974306,1.4080610845409245,0.0,1.506137119262182,1.3608441779476985
2023-01-03,-0.0374047564072963,-1.0,0.0,0.0374047564072963,2.191170062033721,-0.01870237820364815,1.1834822414124557,0.0374047564072963,1.4607292664147713,0.0369047564072963,1.5617207427645399,1.3099421329632774
2023-01-04,0.0103142240345406,0.5,1.5,0.0044071120172703,2.2008267939459927,0.0051571120172703,1.1895855919018699,-0.0005,1.459998901781564,-0.0005,1.5609398823931577,1.3234531695949447
2023-01-05,-0.0106046217157328,0.5,0.0,-0.0053023108578664,2.18915732614017,-0.0053023108578664,1.1832780393015672,-0.0,1.459998901781564,-0.0,1.5609398823931577,1.3094184493729026
2023-01-06,0.0367941129419293,0.5,0.0,0.01839705647096465,2.2294313770929963,0.01839705647096465,1.2050468722114502,0.0,1.459998901781564,0.0,1.5609398823931577,1.3575973396873753
2023-01-09,0.0040888751735843,0.5,0.0,0.00204443758679215,2.233989310397499,0.00204443758679215,1.2075105153308456,0.0,1.459998901781564,0.0,1.5609398823931577,1.3631483857453472
2023-01-10,0.0044563964656165,0.5,0.0,0.00222819823280825,2.2389670814310394,0.00222819823280825,1.2102010881272032,0.0,1.459998901781564,0.0,1.5609398823931577,1.3692231153936938
2023-01-11,0.0211122160177466,0.5,0.0,0.0105561080088733,2.262601859770937,0.0105561080088733,1.2229761015259297,0.0,1.459998901781564,0.0,1.5609398823931577,1.3981304495823774
2023-01-12,-0.0005992958274029,0.5,0.0,-0.00029964791370145,2.26192387584412,-0.00029964791370145,1.2226096392886008,-0.0,1.459998901781564,-0.0,1.5609398823931577,1.3972925558377778
2023-01-13,0.0101191814706542,1.0,0.5,0.009869181470654199,2.284247213047631,0.0050595907353271,1.228795543692467,0.0,1.459998901781564,0.0096191814706542,1.575954846386679,1.4114320127778945
2023-01-17,0.0087563075096468,0.5,0.5,0.0041281537548234,2.293676936757118,0.0043781537548234,1.2341753995159943,0.0,1.459998901781564,-0.0005,1.575166868963486,1.4237909455107376
2023-01-18,-0.0053700161836103,0.5,0.0,-0.00268500809180515,2.2875183956219383,-0.00268500809180515,1.230861628581587,-0.0,1.459998901781564,-0.0,1.575166868963486,1.416145165091267
2023-01-19,0.0004437541601953,0.5,0.0,0.00022187708009765,2.2880259435242287,0.00022187708009765,1.231134728565741,0.0,1.459998901781564,0.0,1.575166868963486,1.416773585399717
2023-01-20,0.0192208176240111,0.5,0.0,0.00961040881200555,2.310014808213971,0.00961040881200555,1.2429664366099151,0.0,1.459998901781564,0.0,1.575166868963486,1.4440051320992013
2023-01-23,0.023500398926525,0.5,0.0,0.0117501994632625,2.337157942973575,0.0117501994632625,1.2575715401662222,0.0,1.459998901781564,0.0,1.575166868963486,1.477939828755482
2023-01-24,0.0100630713627665,0.5,0.0,0.00503153568138325,2.348917436556675,0.00503153568138325,1.2638990562424606,0.0,1.459998901781564,0.0,1.575166868963486,1.4928124427221232
2023-01-25,-0.0047007647512803,0.5,0.0,-0.00235038237564015,2.3433965824119585,-0.00235038237564015,1.26092841017608,-0.0,1.459998901781564,-0.0,1.575166868963486,1.4857950826111024
2023-01-26,0.0148033272240235,0.5,0.0,0.00740166361201175,2.36074161562451,0.00740166361201175,1.2702613781070322,0.0,1.459998901781564,0.0,1.575166868963486,1.5077897934068396
2023-01-27,0.0136843567657682,1.0,0.5,0.0134343567657682,2.392456660720606,0.0068421783828841,1.2789527330489285,0.0,1.459998901781564,0.0131843567657682,1.5959344309295185,1.5284229268676028
2023-01-30,-0.0200781196464058,1.0,0.0,-0.0200781196464058,2.344420629637817,-0.0100390598232029,1.2661132500508014,-0.0,1.459998901781564,-0.0200781196464058,1.563891068477497,1.4977350684716453
2023-01-31,0.0090209790209789,0.5,0.5,0.0042604895104894494,2.3544090091385637,0.00451048951048945,1.2718240405842474,0.0,1.459998901781564,-0.0005,1.5631091229432583,1.5112461051033126
2023-02-01,0.0079007554231063,0.5,0.0,0.00395037771155315,2.3637098140121444,0.00395037771155315,1.2768482259271887,0.0,1.459998901781564,0.0,1.5631091229432583,1.523186090963856
2023-02-02,0.0370625042976,0.5,0.0,0.0185312521488,2.4075123165821966,0.0185312521488,1.3005098223575933,0.0,1.459998901781564,0.0,1.5631091229432583,1.5796391820062485
2023-02-03,0.0243999469566371,0.5,0.0,0.01219997347831855,2.4368839029932245,0.01219997347831855,1.3163760076986486,0.0,1.459998901781564,0.0,1.5631091229432583,1.6181822942578268
2023-02-06,-0.0179288025889968,1.0,0.5,-0.0181788025889968,2.3925842715884067,-0.0089644012944984,1.3045754849111881,-0.0,1.459998901781564,-0.0184288025889968,1.534302893491477,1.5891702233510683
2023-02-07,0.0192447109998024,1.0,0.0,0.0192447109998024,2.4386288644377982,0.0096223554999012,1.3171285740034595,0.0,1.459998901781564,0.0192447109998024,1.5638301092628812,1.619753345028951
2023-02-08,-0.0176527643064986,1.0,0.0,-0.0176527643064986,2.3955803238628532,-0.0088263821532493,1.3055030938643408,-0.0,1.459998901781564,-0.0176527643064986,1.5362241849286575,1.5911602209944922
2023-02-09,-0.0069115323854659,0.5,0.5,-0.0037057661927329504,2.386702863286706,-0.00345576619273295,1.3009915804080563,-0.0,1.459998901781564,-0.0005,1.5354560728361932,1.5801628655966236
2023-02-10,0.0009279512162787,0.5,0.0,0.00046397560813935,2.387810235199147,0.00046397560813935,1.3015952087677602,0.0,1.459998901781564,0.0,1.5354560728361932,1.5816291796496724
2023-02-13,0.0188067015429442,0.5,0.0,0.0094033507714721,2.4102636524164356,0.0094033507714721,1.313834565078271,0.0,1.459998901781564,0.0,1.5354560728361932,1.6113744075829557
2023-02-14,-0.0042248943776406,0.5,0.0,-0.0021124471888203,2.4051720977395727,-0.0021124471888203,1.3110591589446965,-0.0,1.459998901781564,-0.0,1.5354560728361932,1.6045665209080844
2023-02-15,0.0139033942558748,0.5,0.0,0.0069516971279374,2.4218921257036237,0.0069516971279374,1.3201732451344883,0.0,1.459998901781564,0.0,1.5354560728361932,1.626875441858047
2023-02-16,-0.0104294083564024,0.5,0.0,-0.0052147041782012,2.4092626747165644,-0.0052147041782012,1.313288932197136,-0.0,1.459998901781564,-0.0,1.5354560728361932,1.6099080935299068
2023-02-17,-0.0075466788107474,0.5,0.0,-0.0037733394053737,2.4001717089281605,-0.0037733394053737,1.3083334473186352,-0.0,1.459998901781564,-0.0,1.5354560728361932,1.597758634233214
2023-02-21,-0.0266797771222551,0.5,0.0,-0.01333988856112755,2.3681536858034877,-0.01333988856112755,1.2908804249306087,-0.0,1.459998901781564,-0.0,1.5354560728361932,1.555130789976713
2023-02-22,0.0028960129310344,0.5,0.0,0.0014480064655172,2.3715827876518696,0.0014480064655172,1.2927496281321178,0.0,1.459998901781564,0.0,1.5354560728361932,1.5596344688539354
2023-02-23,0.0032905782015983,0.5,0.0,0.00164528910079915,2.3754847269640362,0.00164528910079915,1.2948765750053457,0.0,1.459998901781564,0.0,1.5354560728361932,1.5647665680396077
2023-02-24,-0.0180053547523426,0.5,0.0,-0.0090026773761713,2.3540990043551564,-0.0090026773761713,1.283219218958611,-0.0,1.459998901781564,-0.0,1.5354560728361932,1.536592390877449
2023-02-27,0.0082475632199576,-1.0,1.5,-0.0089975632199576,2.3329178497374317,0.0041237816099788,1.2885109347753239,-0.0087475632199576,1.4472274690871612,-0.0087475632199576,1.5220245737675908,1.5492655337645167
2023-02-28,-0.0034478096268252,0.5,1.5,-0.0024739048134126,2.3271464330396703,-0.0017239048134126,1.28628966457273,-0.0005,1.4465038553526177,-0.0005,1.521263561480707,1.543923961142695
2023-03-01,-0.0142459805983311,0.5,0.0,-0.00712299029916555,2.310570191572391,-0.00712299029916555,1.2771274357700615,-0.0,1.4465038553526177,-0.0,1.521263561480707,1.5219292503469575
2023-03-02,0.0041291032964008,0.5,0.0,0.0020645516482004,2.315340483069684,0.0020645516482004,1.2797641313225423,0.0,1.4465038553526177,0.0,1.521263561480707,1.528213453431454
2023-03-03,0.0350901240490713,0.5,0.0,0.01754506202453565,2.35596327545306,0.01754506202453565,1.3022176723833723,0.0,1.4465038553526177,0.0,1.521263561480707,1.5818386530858233
2023-03-06,0.0185393630404555,1.0,0.5,0.0182893630404555,2.3990523431078015,0.00926968152022775,1.3142888154763785,0.0,1.4465038553526177,0.0180393630404555,1.5487061871464736,1.6111649341468066
2023-03-07,-0.0144965221348242,0.5,0.5,-0.0074982610674121,2.3810636223247923,-0.0072482610674121,1.304762507023826,-0.0,1.4465038553526177,-0.0005,1.5479318340529005,1.5878086460160947
2023-03-08,0.0083773087071241,0.5,0.0,0.00418865435356205,2.391037074832551,0.00418865435356205,1.310227706179236,0.0,1.4465038553526177,0.0,1.5479318340529005,1.6011102092116123
2023-03-09,-0.0149146333485968,0.5,0.0,-0.0074573166742984,2.3732063541855366,-0.0074573166742984,1.300456923258818,-0.0,1.4465038553526177,-0.0,1.5479318340529005,1.577230237490526
2023-03-10,-0.0138787436084734,0.5,0.0,-0.0069393718042367,2.3567377929256663,-0.0069393718042367,1.2914325691529314,-0.0,1.4465038553526177,-0.0,1.5479318340529005,1.5553402634128635
2023-03-13,0.0132659932659933,0.5,0.0,0.00663299663299665,2.372370026770998,0.00663299663299665,1.299998637035865,0.0,1.4465038553526177,0.0,1.5479318340529005,1.5759733968736267
2023-03-14,0.0140891872133981,1.0,0.5,0.0138391872133981,2.405201699710936,0.00704459360669905,1.3091565991230452,0.0,1.4465038553526177,0.0135891872133981,1.5689669695394242,1.5981775811055143
2023-03-15,0.0026214037617144,0.5,0.5,0.0010607018808572,2.4077529016776604,0.0013107018808572,1.3108725131398522,0.0,1.4465038553526177,-0.0005,1.5681824860546545,1.602367049828512
2023-03-16,0.018694032289692,0.5,0.0,0.009347016144846,2.430258206922441,0.009347016144846,1.323125259684005,0.0,1.4465038553526177,0.0,1.5681824860546545,1.6323217511979449
2023-03-17,-0.0054539621430862,0.5,0.0,-0.0027269810715431,2.4236309387932016,-0.0027269810715431,1.3195171221455662,-0.0,1.4465038553526177,-0.0,1.5681824860546545,1.623419130161575
2023-03-20,0.015483870967742,0.5,0.0,0.007741935483871,2.442394533158052,0.007741935483871,1.3297327385750803,0.0,1.4465038553526177,0.0,1.5681824860546545,1.6485559424995608
2023-03-21,0.0119440914866582,0.5,0.0,0.0059720457433291,2.456980625033329,0.0059720457433291,1.3376739633162529,0.0,1.4465038553526177,0.0,1.5681824860546545,1.6682464454976496
2023-03-22,-0.0091034655951782,0.5,0.0,-0.0045517327975891,2.4457971057393237,-0.0045517327975891,1.3315852288649452,-0.0,1.4465038553526177,-0.0,1.5681824860546545,1.6530596213767834
2023-03-23,0.006969524171577,0.5,0.0,0.0034847620857885,2.4543201267629353,0.0034847620857885,1.3362254865844898,0.0,1.4465038553526177,0.0,1.5681824860546545,1.6645806603650268
2023-03-24,0.0083055433209588,1.0,0.5,0.0080555433209588,2.474091008867575,0.0041527716604794,1.3417745259171883,0.0,1.4465038553526177,0.0078055433209588,1.5804230023847228,1.678405907150919
2023-03-27,-0.0122932917316692,0.5,0.5,-0.0063966458658346005,2.458265124844004,-0.0061466458658346,1.3335271130745772,-0.0,1.4465038553526177,-0.0005,1.5796327908835306,1.657772773690156
2023-03-28,-0.0039802880970432,0.5,0.0,-0.0019901440485216,2.4533728231361076,-0.0019901440485216,1.3308732020269496,-0.0,1.4465038553526177,-0.0,1.5796327908835306,1.6511743604514348
2023-03-29,0.019790675547098,0.5,0.0,0.009895337773549,2.4776497759054847,0.009895337773549,1.3440426418947709,0.0,1.4465038553526177,0.0,1.5796327908835306,1.6838522164908163
2023-03-30,0.0098899048329912,0.5,0.0,0.0049449524164956,2.4899016361520783,0.0049449524164956,1.3506888688046814,0.0,1.4465038553526177,0.0,1.5796327908835306,1.7005053546647317
2023-03-31,0.0156442473515643,0.5,0.0,0.00782212367578215,2.509377954690592,0.00782212367578215,1.3612541241839737,0.0,1.4465038553526177,0.0,1.5796327908835306,1.7271084810557664
2023-04-03,0.0077016373559732,0.5,0.0,0.0038508186779866,2.5190411141886426,0.0038508186779866,1.3664960669908677,0.0,1.4465038553526177,0.0,1.5796327908835306,1.7404100442512838
2023-04-04,-0.0032496840584942,0.5,0.0,-0.0016248420292471,2.5149480703129075,-0.0016248420292471,1.36427572674842,-0.0,1.4465038553526177,-0.0,1.5796327908835306,1.7347542614752371
2023-04-05,-0.0112902252007487,0.5,0.0,-0.00564511260037435,2.500750905271897,-0.00564511260037435,1.3565742366529676,-0.0,1.4465038553526177,-0.0,1.5796327908835306,1.715168495195223
2023-04-06,0.0054958475818271,0.5,0.0,0.00274792379091355,2.5076227781796425,0.00274792379091355,1.3603019992720067,0.0,1.4465038553526177,0.0,1.5796327908835306,1.724594799821968
2023-04-10,-0.0159723065711162,0.5,0.0,-0.0079861532855581,2.4875965182907427,-0.0079861532855581,1.3494384189911692,-0.0,1.4465038553526177,-0.0,1.5796327908835306,1.6970490429682588
2023-04-11,-0.007591186817256,0.5,0.0,-0.003795593408628,2.4781546133425922,-0.003795593408628,1.344316499422697,-0.0,1.4465038553526177,-0.0,1.5796327908835306,1.6841664266450411
2023-04-12,-0.0043532338308458,1.0,0.5,-0.0046032338308458,2.466747088188387,-0.0021766169154229,1.3413904373903716,-0.0,1.4465038553526177,-0.0048532338308458,1.5719664635825012,1.6768348563797952
2023-04-13,0.034103685196752,0.5,0.5,0.016801842598376,2.508192984494131,0.017051842598376,1.3642636159917187,0.0,1.4465038553526177,-0.0005,1.5711804803507101,1.7340211044487126
2023-04-14,-0.0021140372070548,1.0,0.5,-0.0023640372070547998,2.502263522956313,-0.0010570186035274,1.3628215639695,-0.0,1.4465038553526177,-0.0026140372070548,1.5670733561160752,1.7303553193160897
2023-04-17,0.0001210580473336,0.5,0.5,-0.0001894709763332,2.5017894166435757,6.05290236668e-05,1.3629040542281992,0.0,1.4465038553526177,-0.0005,1.5662898194380173,1.7305647927522394
2023-04-18,0.0075046904315196,0.5,0.0,0.0037523452157598,2.5111769941919566,0.0037523452157598,1.3680181407356218,0.0,1.4465038553526177,0.0,1.5662898194380173,1.743552145793532
2023-04-19,0.0069682225025529,0.5,0.0,0.00348411125127645,2.519926214211367,0.00348411125127645,1.372784468131709,0.0,1.4465038553526177,0.0,1.5662898194380173,1.7557016050902248
2023-04-20,-0.0058462089124857,0.5,0.0,-0.00292310445624285,2.512560206665203,-0.00292310445624285,1.3687716757354522,-0.0,1.4465038553526177,-0.0,1.5662898194380173,1.745437406718881
2023-04-21,-0.0097809780978097,0.5,0.0,-0.00489048904890485,2.5002725584897925,-0.00489048904890485,1.3620777128448167,-0.0,1.4465038553526177,-0.0,1.5662898194380173,1.7283653216726658
2023-04-24,0.0018785601745243,0.5,0.0,0.00093928008726215,2.5026210147167096,0.00093928008726215,1.3633570853177954,0.0,1.4465038553526177,0.0,1.5662898194380173,1.731612159932989
2023-04-25,-0.0094356741063328,0.5,0.0,-0.0047178370531664,2.4908140565634462,-0.0047178370531664,1.3569249887439863,-0.0,1.4465038553526177,-0.0,1.5662898194380173,1.7152732319132982
2023-04-26,-6.106124442828431e-05,-1.0,1.5,-0.0006889387555717157,2.489098038226957,-3.0530622214142156e-05,1.356883560979782,-0.0004389387555717157,1.4458689287504196,-0.0004389387555717,1.5656023141338087,1.715168495195223
2023-04-27,0.0283952125061064,0.5,1.5,0.013447606253053199,2.5225704485702805,0.0141976062530532,1.3761480595098134,-0.0005,1.4451459942860445,-0.0005,1.564819512976742,1.7638710691000703
2023-04-28,0.0075411198859924,0.5,0.0,0.0037705599429962,2.5320819516570454,0.0037705599429962,1.381336908258633,0.0,1.4451459942860445,0.0,1.564819512976742,1.7771726322955876
2023-05-01,-0.0005304101838755,0.5,0.0,-0.00026520509193775,2.5314104306302623,-0.00026520509193775,1.3809705706768813,-0.0,1.4451459942860445,-0.0,1.564819512976742,1.7762300018329134
2023-05-02,-0.0061914027949762,0.5,0.0,-0.0030957013974881,2.5235739398225445,-0.0030957013974881,1.376695498151347,-0.0,1.4451459942860445,-0.0,1.564819512976742,1.7652326464350445
2023-05-03,-0.0064673074641035,0.5,0.0,-0.00323365373205175,2.5154135755339286,-0.00323365373205175,1.372243741615851,-0.0,1.4451459942860445,-0.0,1.564819512976742,1.753816344164876
2023-05-04,-0.0099134069871603,0.5,0.0,-0.00495670349358015,2.5029454162762805,-0.00495670349358015,1.3654419362677404,-0.0,1.4451459942860445,-0.0,1.564819512976742,1.736430048964436
2023-05-05,0.0469268351529041,0.5,0.0,0.02346341757645205,2.5616730697494376,0.02346341757645205,1.3974798705947897,0.0,1.4451459942860445,0.0,1.564819512976742,1.8179152156267395
2023-05-08,-0.0004032955003744,0.5,0.0,-0.0002016477501872,2.5611565141382076,-0.0002016477501872,1.3971980719229524,-0.0,1.4451459942860445,-0.0,1.564819512976742,1.817182058600215
2023-05-09,-0.0099711815561959,0.5,0.0,-0.00498559077809795,2.548387635840055,-0.00498559077809795,1.390232214100397,-0.0,1.4451459942860445,-0.0,1.564819512976742,1.7990626063732504
2023-05-10,0.0103918029923735,0.5,0.0,0.00519590149618675,2.5616288069699795,0.00519590149618675,1.3974557237416882,0.0,1.4451459942860445,0.0,1.564819512976742,1.8177581105496272
2023-05-11,0.0011235631356054,0.5,0.0,0.0005617815678027,2.563067882817288,0.0005617815678027,1.3982407886091068,0.0,1.4451459942860445,0.0,1.564819512976742,1.8198004765520885
2023-05-12,-0.0067913669064748,1.0,0.5,-0.0070413669064748,2.5450203814481696,-0.0033956834532374,1.3934928054995852,-0.0,1.4451459942860445,-0.0072913669064748,1.5534098397652174,1.8074415438192457
2023-05-15,-0.0028973749782696,0.5,0.5,-0.0016986874891348,2.5406971871666104,-0.0014486874891348,1.3914740699060586,-0.0,1.4451459942860445,-0.0005,1.5526331348453348,1.8022047079154988
2023-05-16,0.0,0.5,0.0,0.0,2.5406971871666104,0.0,1.3914740699060586,0.0,1.4451459942860445,0.0,1.5526331348453348,1.8022047079154988
2023-05-17,0.0036031847503923,1.0,0.5,0.0033531847503923,2.549216614229982,0.00180159237519615,1.3939809389806845,0.0,1.4451459942860445,0.0031031847503923,1.5574512423123408,1.8086983844361453
2023-05-18,0.0136661068967514,1.0,0.0,0.0136661068967514,2.5840544809830237,0.0068330534483757,1.4035060852427563,0.0,1.4451459942860445,0.0136661068967514,1.5787355374762595,1.8334162499018312
2023-05-19,0.0006283918880318,0.5,0.5,6.419594401589997e-05,2.584220366799819,0.0003141959440159,1.4039470611621412,0.0,1.4451459942860445,-0.0005,1.5779461697075214,1.8345683538006552
2023-05-22,-0.0054807033569308,0.5,0.0,-0.0027403516784654,2.577138694180135,-0.0027403516784654,1.400099752476609,-0.0,1.4451459942860445,-0.0,1.5779461697075214,1.8245136288654609
2023-05-23,-0.0151549942594717,0.5,0.0,-0.00757749712973585,2.5576104331220537,-0.00757749712973585,1.3894905006208735,-0.0,1.4451459942860445,-0.0,1.5779461697075214,1.7968631352936768
2023-05-24,0.0016320820704127,0.5,0.0,0.00081604103520635,2.559697548187553,0.00081604103520635,1.3906243818874096,0.0,1.4451459942860445,0.0,1.5779461697075214,1.7997957633997752
2023-05-25,0.0066922718808193,-1.0,1.5,-0.0074422718808193,2.5406475831012747,0.00334613594040965,1.395277600111253,-0.0071922718808192995,1.4347521113876625,-0.0071922718808193,1.5665971518416875,1.8118404859783932
2023-05-26,0.0141048615526908,-1.0,0.0,-0.0141048615526908,2.504812100687453,0.0070524307763454,1.4051176987998228,-0.0141048615526908,1.4145151314941087,-0.0141048615526908,1.544500515906121,1.8373962451886785
2023-05-30,0.0106595223165935,-1.0,0.0,-0.0106595223165935,2.4781120002013015,0.00532976115829675,1.4126066405337214,-0.0106595223165935,1.399437075882788,-0.0005,1.543728265648168,1.8569820114686924
2023-05-31,-0.0002820078962211,-1.0,0.0,0.0002820078962211,2.4788108473530786,-0.00014100394811055,1.412407457420279,0.0002820078962211,1.3998317281884516,-0.0,1.543728265648168,1.8564583278783175
2023-06-01,0.0160225669957687,0.5,1.5,0.0072612834978843495,2.4968101956533397,0.00801128349788435,1.4237226539761987,-0.0005,1.3991318123243575,0.0,1.543728265648168,1.8862035558116008
2023-06-02,0.0047753900827363,0.5,0.0,0.00238769504136815,2.502771816976739,0.00238769504136815,1.4271220694973812,0.0,1.3991318123243575,0.0,1.543728265648168,1.8952109135660455
2023-06-05,-0.0075711522520032,0.5,0.0,-0.0037855761260016,2.493297383737562,-0.0037855761260016,1.421719590262202,-0.0,1.3991318123243575,-0.0,1.543728265648168,1.8808619831897788
2023-06-06,-0.0020603630693841,0.5,0.0,-0.00103018153469205,2.4907288348123395,-0.00103018153469205,1.420254960992804,-0.0,1.3991318123243575,-0.0,1.543728265648168,1.8769867246210061
2023-06-07,-0.0077562636013616,0.5,0.0,-0.0038781318006808,2.4810694601111813,-0.0038781318006808,1.414747025063503,-0.0,1.3991318123243575,-0.0,1.543728265648168,1.8624283208085892
2023-06-08,0.0154650770442019,0.5,0.0,0.00773253852210095,2.5002544252874994,0.00773253852210095,1.4256866109338344,0.0,1.3991318123243575,0.0,1.543728265648168,1.8912309182791978
2023-06-09,0.002159827213823,0.5,0.0,0.0010799136069115,2.502954484062108,0.0010799136069115,1.4272262293041735,0.0,1.3991318123243575,0.0,1.543728265648168,1.8953156502841206
2023-06-12,0.0156388152077806,0.5,0.0,0.0078194076038903,2.5225261053869743,0.0078194076038903,1.438386292934066,0.0,1.3991318123243575,0.0,1.543728265648168,1.9249561414993286
2023-06-13,-0.0026116763697697,0.5,0.0,-0.00130583818488485,2.519232094476191,-0.00130583818488485,1.4365079931881377,-0.0,1.3991318123243575,-0.0,1.543728265648168,1.9199287790317319
2023-06-14,0.0034913534449838,0.5,0.0,0.0017456767224919,2.5236298593020727,0.0017456767224919,1.4390156717535199,0.0,1.3991318123243575,0.0,1.543728265648168,1.9266319289885279
2023-06-15,0.0111986952976352,0.5,0.0,0.0055993476488176,2.537760540221242,0.0055993476488176,1.4470732207717647,0.0,1.3991318123243575,0.0,1.543728265648168,1.9482076929119656
2023-06-16,-0.005859900005376,0.5,0.0,-0.002929950002688,2.530325028719599,-0.002929950002688,1.4428333685846746,-0.0,1.3991318123243575,-0.0,1.543728265648168,1.9367913906417973
2023-06-20,0.0004866969500325,0.5,0.0,0.00024334847501625,2.530940779456633,0.00024334847501625,1.443184479884622,0.0,1.3991318123243575,0.0,1.543728265648168,1.937734021104472
2023-06-21,-0.0056753688989783,0.5,0.0,-0.00283768444948915,2.5237587681641913,-0.00283768444948915,1.4390891777283092,-0.0,1.3991318123243575,-0.0,1.543728265648168,1.9267366657066034
2023-06-22,0.0165253315938247,0.5,0.0,0.00826266579691235,2.544611743417559,0.00826266579691235,1.4509798906558316,0.0,1.3991318123243575,0.0,1.543728265648168,1.9585766280013852
2023-06-23,-0.001711229946524,0.5,0.0,-0.000855614973262,2.5424345355087525,-0.000855614973262,1.4497384105354842,-0.0,1.3991318123243575,-0.0,1.543728265648168,1.9552250530229873
2023-06-26,-0.0075530319262909,0.5,0.0,-0.00377651596314545,2.5328329909001517,-0.00377651596314545,1.444263450285712,-0.0,1.3991318123243575,-0.0,1.543728265648168,1.940457175774421
2023-06-27,0.0150591029308575,0.5,0.0,0.00752955146542875,2.55190408725847,0.00752955146542875,1.4551381062642759,0.0,1.3991318123243575,0.0,1.543728265648168,1.9696787201173291
2023-06-28,0.0063277677337019,0.5,0.0,0.00316388386685095,2.559978015429898,0.00316388386685095,1.4597419942427252,0.0,1.3991318123243575,0.0,1.543728265648168,1.9821423895682468
2023-06-29,0.001796565389696,0.5,0.0,0.000898282694848,2.56227759938035,0.000898282694848,1.4610532552150963,0.0,1.3991318123243575,0.0,1.543728265648168,1.9857034379827947
2023-06-30,0.0231024843082441,0.5,0.0,0.01155124215412205,2.591875088396875,0.01155124215412205,1.477930235166154,0.0,1.3991318123243575,0.0,1.543728265648168,2.031578120499619
2023-07-03,-0.0077847089756147,0.5,0.0,-0.00389235448780735,2.5817865917647174,-0.00389235448780735,1.4721776067826389,-0.0,1.3991318123243575,-0.0,1.543728265648168,2.015762876070303
2023-07-05,-0.0058713498908864,0.5,0.0,-0.0029356749454432,2.5742073055527923,-0.0029356749454432,1.4678557718671645,-0.0,1.3991318123243575,-0.0,1.543728265648168,2.0039276269278345
2023-07-06,0.002508754507918,0.5,0.0,0.001254377253959,2.577436332643853,0.001254377253959,1.4696970167594872,0.0,1.3991318123243575,0.0,1.543728265648168,2.0089549893954315
2023-07-07,-0.0058912465460612,0.5,0.0,-0.0029456232730306,2.5698441761976625,-0.0029456232730306,1.4653678430226167,-0.0,1.3991318123243575,-0.0,1.543728265648168,1.9971197402529632
2023-07-10,-0.0108558842039018,0.5,0.0,-0.0054279421019509,2.555895210798226,-0.0054279421019509,1.4574139112126294,-0.0,1.3991318123243575,-0.0,1.543728265648168,1.9754392396114506
2023-07-11,-0.0028100312814802,0.5,0.0,-0.0014050156407401,2.5523041380509617,-0.0014050156407401,1.4553662218723433,-0.0,1.3991318123243575,-0.0,1.543728265648168,1.969888193553479
2023-07-12,0.0089855380689067,-1.0,1.5,-0.0097355380689067,2.5274560839515385,0.00449276903445335,1.4619048461677608,-0.0094855380689067,1.3858602942551363,-0.0094855380689067,1.5290851724163148,1.987588698908144
2023-07-13,0.00405754334194,-1.0,0.0,-0.00405754334194,2.5172008213460555,0.00202877167097,1.4648707173053197,-0.00405754334194,1.3802371060453225,-0.0005,1.5283206298301066,1.995653426199914
2023-07-14,0.0007872362758476,-1.0,0.0,-0.0007872362758476,2.515219189545898,0.0003936181379238,1.4654473169893645,-0.0007872362758476,1.3791505333261727,0.0,1.5283206298301066,1.997224476971038
2023-07-17,0.017305574492632,0.5,1.5,0.007902787246315999,2.5350964316787308,0.008652787246316,1.4781275208439582,-0.0005,1.3784609580595097,0.0,1.5283206298301066,2.0317875939357686
2023-07-18,-0.0013402752719213,0.5,0.0,-0.00067013763596065,2.533397568149073,-0.00067013763596065,1.4771369719614913,-0.0,1.3784609580595097,-0.0,1.5283206298301066,2.02906443926582
2023-07-19,0.007071697723636,0.5,0.0,0.003535848861818,2.5423552790569452,0.003535848861818,1.4823599050425507,0.0,1.3784609580595097,0.0,1.5283206298301066,2.043413369642087
2023-07-20,-0.01009738595592,0.5,0.0,-0.00504869297796,2.5295197078120912,-0.00504869297796,1.474875924999153,-0.0,1.3784609580595097,-0.0,1.5283206298301066,2.022780236181324
2023-07-21,-0.0061616527727437,0.5,0.0,-0.00308082638637185,2.5217266967514163,-0.00308082638637185,1.470332088332791,-0.0,1.3784609580595097,-0.0,1.5283206298301066,2.010316566730406
2023-07-24,0.004220068771491,0.5,0.0,0.0021100343857455,2.527047626793014,0.0021100343857455,1.473434539597638,0.0,1.3784609580595097,0.0,1.5283206298301066,2.018800240894476
2023-07-25,0.0045136186770429,0.5,0.0,0.00225680933852145,2.5327506914760485,0.00225680933852145,1.4767598004263018,0.0,1.3784609580595097,0.0,1.5283206298301066,2.027912335366996
2023-07-26,0.0045449850222083,0.5,0.0,0.00227249251110415,2.5385063484549217,0.00227249251110415,1.4801157260134703,0.0,1.3784609580595097,0.0,1.5283206298301066,2.0371291665575906
2023-07-27,-0.0065809768637532,0.5,0.0,-0.0032904884318766,2.5301534226810856,-0.0032904884318766,1.4752454223391842,-0.0,1.3784609580595097,-0.0,1.5283206298301066,2.023722866643998
2023-07-28,0.0135079184349446,0.5,0.0,0.0067539592174723,2.5472419757118216,0.0067539592174723,1.485209169757426,0.0,1.3784609580595097,0.0,1.5283206298301066,2.051059150061558
2023-07-31,0.0031660113363629,0.5,0.0,0.00158300566818145,2.551274274197603,0.00158300566818145,1.4875602642915868,0.0,1.3784609580595097,0.0,1.5283206298301066,2.057552826582204
2023-08-01,-0.0043013489437515,0.5,0.0,-0.00215067447187575,2.545787313745333,-0.00215067447187575,1.4843610064057982,-0.0,1.3784609580595097,-0.0,1.5283206298301066,2.0487025739048716
2023-08-02,-0.0154648398558318,0.5,0.0,-0.0077324199279159,2.5261022171882934,-0.0077324199279159,1.4728833037796447,-0.0,1.3784609580595097,-0.0,1.5283206298301066,2.0170197166872024
2023-08-03,-0.0073216325682834,0.5,0.0,-0.0036608162841417,2.516854621056204,-0.0036608162841417,1.4674913485965277,-0.0,1.3784609580595097,-0.0,1.5283206298301066,2.0022518394386357
2023-08-04,-0.048020086833708,0.5,0.0,-0.024010043416854,2.456424832330735,-0.024010043416854,1.4322568176028676,-0.0,1.3784609580595097,-0.0,1.5283206298301066,1.906103532245841
2023-08-07,-0.0172536952579812,0.5,0.0,-0.0086268476289906,2.435233629590149,-0.0086268476289906,1.4199009562718248,-0.0,1.3784609580595097,-0.0,1.5283206298301066,1.8732162027703099
2023-08-08,0.0053117137265865,0.5,0.0,0.00265585686329325,2.4417012615390186,0.00265585686329325,1.423672009971736,0.0,1.3784609580595097,0.0,1.5283206298301066,1.8831661909874293
2023-08-09,-0.0089543937708566,-1.0,1.5,0.0082043937708566,2.461733940159482,-0.0044771968854283,1.4172979500828191,0.0084543937708566,1.390115009796697,0.0084543937708566,1.5412416542428138,1.8663035793773637
2023-08-10,-0.0012346371850272,0.5,1.5,-0.0013673185925136,2.45836796557328,-0.0006173185925136,1.4164230257071015,-0.0005,1.3894199522917987,-0.0005,1.5404710334156924,1.863999371579715
2023-08-11,-0.0010114064168118,0.5,0.0,-0.0005057032084059,2.4571247610056473,-0.0005057032084059,1.4157067360385414,-0.0,1.3894199522917987,-0.0,1.5404710334156924,1.862114110654366
2023-08-14,0.0093931042240846,0.5,0.0,0.0046965521120423,2.4686647754915,0.0046965521120423,1.4223556764997158,0.0,1.3894199522917987,0.0,1.5404710334156924,1.8796051425728812
2023-08-15,-0.0112002674690739,0.5,0.0,-0.00560013373453695,2.4548399226030067,-0.00560013373453695,1.4143902944932396,-0.0,1.3894199522917987,-0.0,1.5404710334156924,1.8585530622398183
2023-08-16,-0.0049591434206818,-1.0,1.5,0.0042091434206818,2.4651726959120586,-0.0024795717103409,1.4108832123316335,0.004459143420681801,1.3956155751306247,0.0044591434206818,1.5473402146890989,1.8493362310492236
2023-08-17,-0.0145551339412131,0.5,1.5,-0.00802756697060655,2.4453833570015138,-0.00727756697060655,1.4006154152661856,-0.0005,1.3949177673430595,-0.0005,1.5465665445817545,1.8224188945039639
2023-08-18,0.0028160919540229,-1.0,1.5,-0.0035660919540229,2.436662895087609,0.00140804597701145,1.4025875461669912,-0.0033160919540229,1.3902920917582495,-0.0033160919540229,1.5414379877069058,1.827550993689636
2023-08-21,0.0077368330563356,0.5,1.5,0.0031184165281678,2.4442614249332233,0.0038684165281678,1.4080133390127858,-0.0005,1.3895969457123705,-0.0005,1.5406672687130525,1.841690450629753
2023-08-22,0.0079049135577797,-1.0,1.5,-0.008654913557779701,2.423106553587811,0.00395245677888985,1.413578450879334,-0.0084049135577797,1.3779175035035032,-0.0084049135577797,1.5277180934982186,1.8562488544421696
2023-08-23,0.0219488799864584,0.5,1.5,0.010224439993229199,2.44788146114217,0.0109744399932292,1.4290916827642313,-0.0005,1.3772285447517516,-0.0005,1.5269542344514697,1.8969914377733217
2023-08-24,-0.0261704946996467,0.5,0.0,-0.01308524734982335,2.415850326740078,-0.01308524734982335,1.4103916646096861,-0.0,1.3772285447517516,-0.0,1.5269542344514697,1.8473462334057997
2023-08-25,0.0126431568205012,0.5,0.0,0.0063215784102506,2.431122314007995,0.0063215784102506,1.41930756610668,0.0,1.3772285447517516,0.0,1.5269542344514697,1.8707025215365114
2023-08-28,0.008846089244723,0.5,0.0,0.0044230446223615,2.4418752764852707,0.0044230446223615,1.4255852268044251,0.0,1.3772285447517516,0.0,1.5269542344514697,1.887250922992352
2023-08-29,0.0218103113380321,0.5,0.0,0.01090515566901605,2.468504306499664,0.01090515566901605,1.441131455622177,0.0,1.3772285447517516,0.0,1.5269542344514697,1.9284124531958036
2023-08-30,0.0191722789485118,0.5,0.0,0.0095861394742559,2.492167733074571,0.0095861394742559,1.4549463427565086,0.0,1.3772285447517516,0.0,1.5269542344514697,1.9653845146762574
2023-08-31,0.0011723954169997,0.5,0.0,0.00058619770849985,2.4936286360888964,0.00058619770849985,1.4557992289686226,0.0,1.3772285447517516,0.0,1.5269542344514697,1.9676887224739061
2023-09-01,0.0084632990897961,1.0,0.5,0.0082132990897961,2.514109553895975,0.00423164954489805,1.4619596611133505,0.0,1.3772285447517516,0.0079632990897961,1.5391138277168375,1.9843418606478216
2023-09-05,0.0012667581547554,0.5,0.5,0.00038337907737770005,2.515073410897174,0.0006333790773777,1.4628856357746698,0.0,1.3772285447517516,-0.0005,1.538344270802979,1.9868555418816198
2023-09-06,-0.0357933579335792,0.5,0.0,-0.0178966789667896,2.470061949484439,-0.0178966789667896,1.4367048411860825,-0.0,1.3772285447517516,-0.0,1.538344270802979,1.9157393103087357
2023-09-07,-0.0292493576075665,-1.0,1.5,0.0284993576075665,2.540457128295639,-0.01462467880378325,1.4156934943478956,0.0287493576075665,1.4168229806921682,0.0287493576075665,1.5825706803678452,1.8597051661386426
2023-09-08,0.0034917774273486,-1.0,0.0,-0.0034917774273486,2.531586417439909,0.0017458887136743,1.4181651376416997,-0.0034917774273486,1.4118757501896384,-0.0005,1.5817793950276613,1.866198842659289
2023-09-11,0.0066225165562914,-1.0,0.0,-0.0066225165562914,2.514820944476731,0.0033112582781457,1.4228610486934934,-0.0066225165562914,1.4025255796585812,0.0,1.5817793950276613,1.878557775392132
2023-09-12,-0.0170606601248884,0.5,1.5,-0.0092803300624442,2.491482576064039,-0.0085303300624442,1.4107235743151425,-0.0005,1.4018243168687519,-0.0,1.5817793950276613,1.8465083396612005
2023-09-13,-0.0118547929665343,-1.0,1.5,0.0111047929665343,2.5191499742509578,-0.00592739648326715,1.4023616563618848,0.0113547929665343,1.41774174176225,0.0113547929665343,1.5997401725769302,1.8246183655835382
2023-09-14,0.008782503874634,0.5,1.5,0.003641251937317,2.5283228339750914,0.004391251937317,1.408519779702203,-0.0005,1.4170328708913689,-0.0005,1.598940302490642,1.8406430834490042
2023-09-15,-0.0041538636622283,0.5,0.0,-0.00207693183111415,2.523071679801876,-0.00207693183111415,1.4055943801369857,-0.0,1.4170328708913689,-0.0,1.598940302490642,1.8329973030295337
2023-09-18,0.0169133192389006,0.5,0.0,0.0084566596194503,2.5444084381934347,0.0084566596194503,1.4174810133728162,0.0,1.4170328708913689,0.0,1.598940302490642,1.863999371579716
2023-09-19,0.0061808169916277,0.5,0.0,0.00309040849581385,2.552271699647648,0.00309040849581385,1.4218616087391984,0.0,1.4170328708913689,0.0,1.598940302490642,1.8755204105679595
2023-09-20,-0.0199921818283351,0.5,0.0,-0.00999609091416755,2.526758959700313,-0.00999609091416755,1.407648550830877,-0.0,1.4170328708913689,-0.0,1.598940302490642,1.8380246654971313
2023-09-21,-0.0088893954071457,-1.0,1.5,0.0081393954071457,2.5473252499718617,-0.00444469770357285,1.4013919785495614,0.0083893954071457,1.4289209199501993,0.0083893954071457,1.612354444920657,1.8216857374774404
2023-09-22,0.0049445179095037,0.5,1.5,0.0017222589547518498,2.551712403694291,0.00247225895475185,1.404856582417648,-0.0005,1.4282064594902244,-0.0005,1.6115482676981967,1.8306930952318852
2023-09-25,0.0073802849133246,0.5,0.0,0.0036901424566623,2.561128585972355,0.0036901424566623,1.4100407033379487,0.0,1.4282064594902244,0.0,1.6115482676981967,1.8442041318635527
2023-09-26,-0.0233984552476147,0.5,0.0,-0.01169922762380735,2.5311653596712245,-0.01169922762380735,1.3935443161907646,-0.0,1.4282064594902244,-0.0,1.6115482676981967,1.8010526040166772
2023-09-27,-0.0088974180041869,0.5,0.0,-0.00444870900209345,2.5199049415498678,-0.00444870900209345,1.3873448430465105,-0.0,1.4282064594902244,-0.0,1.6115482676981967,1.7850278861512117
2023-09-28,0.0015255530129671,0.5,0.0,0.00076277650648355,2.521827065837854,0.00076277650648355,1.3884030770991773,0.0,1.4282064594902244,0.0,1.6115482676981967,1.78775104082116
2023-09-29,0.0030464584920031,0.5,0.0,0.00152322924600155,2.525668386577896,0.00152322924600155,1.3905179332714532,0.0,1.4282064594902244,0.0,1.6115482676981967,1.7931973501610572
2023-10-02,0.0148355820337595,0.5,0.0,0.00741779101687975,2.5444032668474708,0.00741779101687975,1.4008325047056844,0.0,1.4282064594902244,0.0,1.6115482676981967,1.8198004765520919
2023-10-03,-0.0077697841726618,0.5,0.0,-0.0038848920863309,2.5345185347316606,-0.0038848920863309,1.3953904215938782,-0.0,1.4282064594902244,-0.0,1.6115482676981967,1.805661019611975
2023-10-04,0.0073085846867748,-1.0,1.5,-0.0080585846867748,2.514093902479325,0.0036542923433874,1.4004895861275446,-0.007808584686774801,1.417054188401096,-0.0078085846867748,1.59896435657305,1.8188578460894174
2023-10-05,0.0071979730507889,0.5,1.5,0.0028489865253944497,2.5212565221310648,0.00359898652539445,1.405529929276973,-0.0005,1.4163456613068957,-0.0005,1.5981648743947636,1.831949935848785
2023-10-06,0.0147504430850151,0.5,0.0,0.00737522154250755,2.5398513475472737,0.00737522154250755,1.4158960238900156,0.0,1.4163456613068957,0.0,1.5981648743947636,1.8589720091121196
2023-10-09,0.0084511803481885,0.5,0.0,0.00422559017409425,2.550583718445129,0.00422559017409425,1.4218790202161042,0.0,1.4163456613068957,0.0,1.5981648743947636,1.8746825168233605
2023-10-10,-0.0033521425777978,0.5,0.0,-0.0016760712888989,2.5463087583047104,-0.0016760712888989,1.4194958496140324,-0.0,1.4163456613068957,-0.0,1.5981648743947636,1.8683983137388638
2023-10-11,0.0079040304949831,0.5,0.0,0.00395201524749155,2.5563718093423518,0.00395201524749155,1.425105718855458,0.0,1.4163456613068957,0.0,1.5981648743947636,1.8831661909874309
2023-10-12,0.0050611790878754,0.5,0.0,0.0025305895439377,2.562840937113491,0.0025305895439377,1.4287120764865995,0.0,1.4163456613068957,0.0,1.5981648743947636,1.8926972323322504
2023-10-13,-0.0102927342150407,0.5,0.0,-0.00514636710752035,2.5496516168129233,-0.00514636710752035,1.4213593996500518,-0.0,1.4163456613068957,-0.0,1.5981648743947636,1.8732162027703114
2023-10-16,-0.0007268660889012,0.5,0.0,-0.0003634330444506,2.5487249891635364,-0.0003634330444506,1.4208428306761784,-0.0,1.4163456613068957,-0.0,1.5981648743947636,1.8718546254353374
2023-10-17,-0.0087846911369739,0.5,0.0,-0.00439234556848695,2.537530108252092,-0.00439234556848695,1.4146019979653415,-0.0,1.4163456613068957,-0.0,1.5981648743947636,1.855410960697572
2023-10-18,-0.0073948631103584,-1.0,1.5,0.0066448631103584,2.55439164845984,-0.0036974315551792,1.4093716039000448,0.006894863110358401,1.4261111707585568,0.0068948631103584,1.6091840024314987,1.841690450629755
2023-10-19,-0.0021610555050045,0.5,1.5,-0.00183052775250225,2.5497157636565744,-0.00108052775250225,1.4078487387684422,-0.0005,1.4253981151731776,-0.0005,1.608379410430283,1.8377104553429073
2023-10-20,-0.0147042060868575,0.5,0.0,-0.00735210304342875,2.530969990630717,-0.00735210304342875,1.3974980897714555,-0.0,1.4253981151731776,-0.0,1.608379410430283,1.8106883820795725
2023-10-23,0.0006941230911614,-1.0,1.5,-0.0014441230911613999,2.5273149584242107,0.0003470615455807,1.3979831076184377,-0.0011941230911614,1.4236960143697515,-0.0011941230911614,1.6064588074369397,1.8119452226964716
2023-10-24,0.002543352601156,0.5,1.5,0.000521676300578,2.528633398742117,0.001271676300578,1.3997608896050044,-0.0005,1.4229841663625666,-0.0005,1.6056555780332213,1.8165536382917689
2023-10-25,-0.0134916974169742,0.5,0.0,-0.0067458487084871,2.511575620394975,-0.0067458487084871,1.3903183144156719,-0.0,1.4229841663625666,-0.0,1.6056555780332213,1.7920452462622327
2023-10-26,-0.0246054938632379,0.5,0.0,-0.01230274693161895,2.480676341137632,-0.01230274693161895,1.3732135800390208,-0.0,1.4229841663625666,-0.0,1.6056555780332213,1.7479510879526827
2023-10-27,0.0079693211097131,0.5,0.0,0.00398466055485655,2.4905609943035287,0.00398466055485655,1.3786853700247956,0.0,1.4229841663625666,0.0,1.6056555780332213,1.7618810714566502
2023-10-30,0.0123053144691474,0.5,0.0,0.0061526572345737,2.5058845624232773,0.0061526572345737,1.3871679485408794,0.0,1.4229841663625666,0.0,1.6056555780332213,1.7835615720981626
2023-10-31,0.0028187210053438,0.5,0.0,0.0014093605026719,2.509416257149812,0.0014093605026719,1.3891229682581254,0.0,1.4229841663625666,0.0,1.6056555780332213,1.7885889345657597
2023-11-01,0.0187386543303857,0.5,0.0,0.00936932716519285,2.5329277990567025,0.00936932716519285,1.4021381158204196,0.0,1.4229841663625666,0.0,1.6056555780332213,1.8221046843497406
2023-11-02,0.0206932229694774,0.5,0.0,0.0103466114847387,2.5591350189124364,0.0103466114847387,1.4166454941527569,0.0,1.4229841663625666,0.0,1.6056555780332213,1.859809902856719
2023-11-03,-0.0051810553584501,0.5,0.0,-0.00259052767922505,2.5525055088110697,-0.00259052767922505,1.4129756347885047,-0.0,1.4229841663625666,-0.0,1.6056555780332213,1.8501741247938246
2023-11-06,0.0146051514293801,0.5,0.0,0.00730257571469005,2.571145373551326,0.00730257571469005,1.42329399634456,0.0,1.4229841663625666,0.0,1.6056555780332213,1.8771961980571592
2023-11-07,0.0144507057970206,1.0,0.5,0.0142007057970206,2.6076574525624987,0.0072253528985103,1.4335777977464805,0.0,1.4229841663625666,0.0139507057970206,1.6280556066137077,1.904323008038569
2023-11-08,0.0058849411505883,0.5,0.5,0.0026924705752941498,2.6146784935239697,0.00294247057529415,1.4377960582337443,0.0,1.4229841663625666,-0.0005,1.6272415788104009,1.9155298368725873
2023-11-09,-0.0026245284050521,0.5,0.0,-0.00131226420252605,2.6112473445358035,-0.00131226420252605,1.435909289935991,-0.0,1.4229841663625666,-0.0,1.6272415788104009,1.9105024744049903
2023-11-10,0.0218738007784662,0.5,0.0,0.0109369003892331,2.639806296634641,0.0109369003892331,1.4516136868079954,0.0,1.4229841663625666,0.0,1.6272415788104009,1.9522924249168918
2023-11-13,-0.0085836909871244,0.5,0.0,-0.0042918454935622,2.628476655876552,-0.0042918454935622,1.4453835851478753,-0.0,1.4229841663625666,-0.0,1.6272415788104009,1.9355345500249015
2023-11-14,0.0142857142857142,0.5,0.0,0.0071428571428571,2.647251489132813,0.0071428571428571,1.4557077536132172,0.0,1.4229841663625666,0.0,1.6272415788104009,1.9631850435966858
2023-11-15,0.0030409731113956,0.5,0.0,0.0015204865556978,2.6512765994315903,0.0015204865556978,1.457921137681611,0.0,1.4229841663625666,0.0,1.6272415788104009,1.9691550365269572
2023-11-16,0.0090420722302007,0.5,0.0,0.00452103611510035,2.6632631166887406,0.00452103611510035,1.4645124517980377,0.0,1.4229841663625666,0.0,1.6272415788104009,1.9869602785996974
2023-11-17,-0.0001054240683148,0.5,0.0,-5.27120341574e-05,2.6631227306723635,-5.27120341574e-05,1.4644352543676546,-0.0,1.4229841663625666,-0.0,1.6272415788104009,1.9867508051635474
2023-11-20,0.0092782961674309,0.5,0.0,0.00463914808371545,2.675477351385061,0.00463914808371545,1.4712289863716796,0.0,1.4229841663625666,0.0,1.6272415788104009,2.0051844675447366
2023-11-21,-0.0042308696787672,1.0,0.5,-0.004480869678767201,2.663488886045011,-0.0021154348393836,1.468116697317198,-0.0,1.4229841663625666,-0.0047308696787672,1.6195433109651773,1.9967007933806666
2023-11-22,0.0035144775493076,0.5,0.5,0.0015072387746538,2.6675033997699176,0.0017572387746538,1.4706965289034404,0.0,1.4229841663625666,-0.0005,1.6187335393096949,2.003718153491688
2023-11-24,-0.0070043385081804,0.5,0.0,-0.0035021692540902,2.6581613513780624,-0.0035021692540902,1.4655459007378175,-0.0,1.4229841663625666,-0.0,1.6187335393096949,1.989683433269646
2023-11-27,-0.0009475180291624,0.5,0.0,-0.0004737590145812,2.6569020234756358,-0.0004737590145812,1.4648515851560604,-0.0,1.4229841663625666,-0.0,1.6187335393096949,1.9877981723442975
2023-11-28,0.0032140787185837,0.5,0.0,0.00160703935929185,2.6611717696011428,0.00160703935929185,1.467205659308927,0.0,1.4229841663625666,0.0,1.6187335393096949,1.9941871121468688
2023-11-29,-0.0054096638655461,0.5,0.0,-0.00270483193277305,2.6539737472201312,-0.00270483193277305,1.463237114589683,-0.0,1.4229841663625666,-0.0,1.6187335393096949,1.9833992301851502
2023-11-30,0.003062787136294,0.5,0.0,0.001531393568147,2.658038025546655,0.001531393568147,1.4654779064956394,0.0,1.4229841663625666,0.0,1.6187335393096949,1.9894739598334967
2023-12-01,0.0067912608581206,0.5,0.0,0.0033956304290603,2.6670637403478006,0.0033956304290603,1.4704541278680516,0.0,1.4229841663625666,0.0,1.6187335393096949,2.0029849964651643
2023-12-04,-0.0094645471658648,0.5,0.0,-0.0047322735829324,2.654442465065356,-0.0047322735829324,1.4634955366438278,-0.0,1.4229841663625666,-0.0,1.6187335393096949,1.9840276504936003
2023-12-05,0.0210631895687061,0.5,0.0,0.01053159478435305,2.6823979774858033,0.01053159478435305,1.4789084786044697,0.0,1.4229841663625666,0.0,1.6187335393096949,2.025817601005502
2023-12-06,-0.0056871057801675,0.5,0.0,-0.00284355289008375,2.6747704369645686,-0.00284355289008375,1.4747031241259647,-0.0,1.4229841663625666,-0.0,1.6187335393096949,2.0142965620172584
2023-12-07,0.0101393510815308,0.5,0.0,0.0050696755407654,2.68833065522601,0.0050696755407654,1.4821793904842364,0.0,1.4229841663625666,0.0,1.6187335393096949,2.034720222041872
2023-12-08,0.0074123642353425,0.5,0.0,0.00370618211767125,2.698294098226796,0.00370618211767125,1.4876726172364299,0.0,1.4229841663625666,0.0,1.6187335393096949,2.0498023094446634
2023-12-11,-0.0129272903786213,0.5,0.0,-0.00646364518931065,2.680853282559447,-0.00646364518931065,1.4780568292807603,-0.0,1.4229841663625666,-0.0,1.6187335393096949,2.0233039197717035
2023-12-12,0.0079200745418781,0.5,0.0,0.00396003727093905,2.6914695614763016,0.00396003727093905,1.483909989413278,0.0,1.4229841663625666,0.0,1.6187335393096949,2.0393286376371695
2023-12-13,0.0166914899080683,0.5,0.0,0.00834574495403415,2.713931879987929,0.00834574495403415,1.4962943237196644,0.0,1.4229841663625666,0.0,1.6187335393096949,2.073368071011525
2023-12-14,0.0007577288341078,1.0,0.5,0.0005077288341078,2.715309821457203,0.0003788644170539,1.4968612163963615,0.0,1.4229841663625666,0.0002577288341078,1.6191507336175126,2.074939121782649
2023-12-15,-0.0027257584170411,0.5,0.5,-0.00161287920852055,2.710930354701483,-0.00136287920852055,1.4948211753664942,-0.0,1.4229841663625666,-0.0005,1.618341158250704,2.069283339006602
2023-12-18,-0.00850331528066,0.5,0.0,-0.00425165764033,2.699404406946514,-0.00425165764033,1.4884657074953203,-0.0,1.4229841663625666,-0.0,1.618341158250704,2.051687570370012
2023-12-19,0.0053601511052121,0.5,0.0,0.00268007555260605,2.706639014704168,0.00268007555260605,1.4924549080488707,0.0,1.4229841663625666,0.0,1.618341158250704,2.062684925767881
2023-12-20,-0.0107139230222401,1.0,0.5,-0.0109639230222401,2.6769636328979596,-0.00535696151112005,1.4844598845493706,-0.0,1.4229841663625666,-0.0112139230222401,1.6001932050783576,2.040585478254069
2023-12-21,-0.0007699019658163,0.5,0.5,-0.0006349509829081501,2.675263892208042,-0.00038495098290815,1.4838884402577257,-0.0,1.4229841663625666,-0.0005,1.5993931084758186,2.039014427482945
2023-12-22,-0.0055475652352579,0.5,0.0,-0.00277378261762895,2.667843291726265,-0.00277378261762895,1.4797724562956382,-0.0,1.4229841663625666,-0.0,1.5993931084758186,2.0277028619308513
2023-12-26,-0.0028409090909089,0.5,0.0,-0.00142045454545445,2.664053741595972,-0.00142045454545445,1.4776705067838547,-0.0,1.4229841663625666,-0.0,1.5993931084758186,2.0219423424367298
2023-12-27,0.0005180005180005,0.5,0.0,0.00025900025900025,2.664743732205036,0.00025900025900025,1.4780532238278286,0.0,1.4229841663625666,0.0,1.5993931084758186,2.0229897096174794
2023-12-28,0.0022262490292519,0.5,0.0,0.00111312451462595,2.6677099237785487,0.00111312451462595,1.4796984811051932,0.0,1.4229841663625666,0.0,1.5993931084758186,2.027493388494702
2023-12-29,-0.00542411406137,0.5,0.0,-0.002712057030685,2.660474942323937,-0.002712057030685,1.475685454436218,-0.0,1.4229841663625666,-0.0,1.5993931084758186,2.0164960330968333
2024-01-02,-0.0357866306549629,-1.0,1.5,0.0350366306549629,2.7536890202449245,-0.01789331532748145,1.449280549275813,0.0352866306549629,1.4731964830688626,0.0352866306549629,1.6558303023666978,1.9443324343431991
2024-01-03,-0.0074876104287868,-1.0,0.0,0.0074876104287868,2.7743075708705462,-0.0037438052143934,1.4438547251983151,0.0074876104287868,1.4842272044191411,0.0074876104287868,1.668228514607,1.9297740305307827
2024-01-04,-0.0127001356852103,0.5,1.5,-0.0071000678426051496,2.7546097989011122,-0.00635006784260515,1.4346861497384398,-0.0005,1.4834850908169317,-0.0005,1.6673944003496965,1.9052656385012465
2024-01-05,-0.0040129734484084,0.5,0.0,-0.0020064867242042,2.749082710909254,-0.0020064867242042,1.43180747102559,-0.0,1.4834850908169317,-0.0,1.6673944003496965,1.897619858081776
2024-01-08,0.0241748537366155,0.5,0.0,0.01208742686830775,2.782312047132299,0.01208742686830775,1.4491143391211085,0.0,1.4834850908169317,0.0,1.6673944003496965,1.9434945405986002
2024-01-09,-0.0022634188402673,0.5,0.0,-0.00113170942013365,2.779163278378808,-0.00113170942013365,1.4474743627726745,-0.0,1.4834850908169317,-0.0,1.6673944003496965,1.9390955984394527
2024-01-10,0.0056713838176516,0.5,0.0,0.0028356919088258,2.7870441292006123,0.0028356919088258,1.4515789541114217,0.0,1.4834850908169317,0.0,1.6673944003496965,1.9500929538373217
2024-01-11,-0.0032225146355873,0.5,0.0,-0.00161125731779365,2.782553483952424,-0.00161125731779365,1.4492400868992543,-0.0,1.4834850908169317,-0.0,1.6673944003496965,1.9438087507528252
2024-01-12,0.0017781130448837,0.5,0.0,0.00088905652244185,2.7850273312763747,0.00088905652244185,1.4505285432510961,0.0,1.4834850908169317,0.0,1.6673944003496965,1.947265062449298
2024-01-16,-0.0123171256454388,0.5,0.0,-0.0061585628227194,2.7678755654937186,-0.0061585628227194,1.4415953720913366,-0.0,1.4834850908169317,-0.0,1.6673944003496965,1.9232803540101366
2024-01-17,-0.0051734466045852,-1.0,1.5,0.004423446604585201,2.780119115265816,-0.0025867233022926,1.4378663637498708,0.004673446604585201,1.490418079177563,0.0046734466045852,1.6751868790485154,1.9133303657930174
2024-01-18,0.0325706152835558,0.5,1.5,0.0155353076417779,2.823309121002258,0.0162853076417779,1.461282459831302,-0.0005,1.4896728701379742,-0.0005,1.6743492856089912,1.975648713047607
2024-01-19,0.0155330541271272,0.5,0.0,0.0077665270635636,2.8452364276993283,0.0077665270635636,1.4726315496030926,0.0,1.4896728701379742,0.0,1.6743492856089912,2.0063365714435646
2024-01-22,0.0121632908749216,0.5,0.0,0.0060816454374608,2.8625401468383433,0.0060816454374608,1.4815875725477972,0.0,1.4896728701379742,0.0,1.6743492856089912,2.0307402267550256
2024-01-23,0.0066532570013926,0.5,0.0,0.0033266285006963,2.8720627544752033,0.0033266285006963,1.4865162639929121,0.0,1.4896728701379742,0.0,1.6743492856089912,2.0442512633866934
2024-01-24,-0.0034839635208525,0.5,0.0,-0.00174198176042625,2.8670596735421077,-0.00174198176042625,1.4839267797744595,-0.0,1.4896728701379742,-0.0,1.6743492856089912,2.0371291665575977
2024-01-25,-0.0016966580976864,0.5,0.0,-0.0008483290488432,2.8646274635362747,-0.0008483290488432,1.4826679215808205,-0.0,1.4896728701379742,-0.0,1.6743492856089912,2.0336728548611247
2024-01-26,-0.0090127208116599,0.5,0.0,-0.00450636040582995,2.851718419757142,-0.00450636040582995,1.4759864855640146,-0.0,1.4896728701379742,-0.0,1.6743492856089912,2.0153439291980098
2024-01-29,-0.0035859058309947,0.5,0.0,-0.00179295291549735,2.846605422902261,-0.00179295291549735,1.473340111291488,-0.0,1.4896728701379742,-0.0,1.6743492856089912,2.0081170956508387
2024-01-30,-0.0192458144265372,0.5,0.0,-0.0096229072132686,2.819212803044885,-0.0096229072132686,1.459162296106943,-0.0,1.4896728701379742,-0.0,1.6743492856089912,1.9694692466811858
2024-01-31,-0.0193575834928737,0.5,0.0,-0.00967879174643685,2.791926229435325,-0.00967879174643685,1.4450393681186713,-0.0,1.4896728701379742,-0.0,1.6743492856089912,1.9313450813019075
2024-02-01,0.0133405639913233,-1.0,1.5,-0.0140905639913233,2.7525864142404126,0.00667028199566165,1.4546781881988555,-0.0138405639913233,1.4690549574526914,-0.0138405639913233,1.6511753471776935,1.9571103139483432
2024-02-02,-0.0054051161297229,-1.0,0.0,0.0054051161297229,2.7674644634664793,-0.00270255806486145,1.4507468359295608,0.0054051161297229,1.4769953700986682,0.0054051161297229,1.6601001416797243,1.9465319054227739
2024-02-05,0.0098466505246166,-1.0,0.0,-0.0098466505246166,2.7402142080554293,0.0049233252623083,1.4578893344761066,-0.0098466505246166,1.4624519128628297,-0.0098466505246166,1.6437537157487374,1.965698724830488
2024-02-06,0.0086317135549871,0.5,1.5,0.0035658567774935505,2.7499854194610083,0.00431585677749355,1.4641813760411406,-0.0005,1.4617206869063983,-0.0005,1.6429318388908631,1.9826660731586283
2024-02-07,0.0005810882197569,0.5,0.0,0.00029054410987845,2.750784411526884,0.00029054410987845,1.464606785315743,0.0,1.4617206869063983,0.0,1.6429318388908631,1.9838181770574526
2024-02-08,-0.0057547120004224,0.5,0.0,-0.0028773560002112,2.7428694254950896,-0.0028773560002112,1.4603925901940646,-0.0,1.4617206869063983,-0.0,1.6429318388908631,1.9724018747872838
2024-02-09,0.0028143585386575,-1.0,1.5,-0.0035643585386575,2.7330928554379033,0.00140717926932875,1.462447624372067,-0.0033143585386575,1.4568760204666178,-0.0033143585386575,1.637486573722203,1.9779529208452555
2024-02-12,-0.0090018533227428,0.5,1.5,-0.0052509266613714,2.7187415852952808,-0.0045009266613714,1.4558652548686715,-0.0005,1.4561475824563845,-0.0005,1.6366678304353421,1.9601476787725158
2024-02-13,-0.0112743788405023,0.5,0.0,-0.00563718942025115,2.7034155239942574,-0.00563718942025115,1.4476582666566145,-0.0,1.4561475824563845,-0.0,1.6366678304353421,1.9380482312587033
2024-02-14,-0.0048097708603543,0.5,0.0,-0.00240488543017715,2.696914119388889,-0.00240488543017715,1.4441768143832565,-0.0,1.4561475824563845,-0.0,1.6366678304353421,1.928726663350034
2024-02-15,-0.0015748031496062,0.5,0.0,-0.0007874015748031,2.6947905649641735,-0.0007874015748031,1.443039667285317,-0.0,1.4561475824563845,-0.0,1.6366678304353421,1.925689298525861
2024-02-16,-0.0084303274230392,-1.0,1.5,0.007680327423039201,2.7154874388396153,-0.0042151637115196,1.4369570188454925,0.0079303274230392,1.4676953095615306,0.0079303274230392,1.6496471422134495,1.9094551072242452
2024-02-20,-0.004113871976304,-1.0,0.0,0.004113871976304,2.7266586065162635,-0.002056935988152,1.4340012902400017,0.004113871976304,1.4737332201652886,-0.0005,1.648822318642343,1.901599853368625
2024-02-21,0.0041859440405374,-1.0,0.0,-0.0041859440405374,2.7152449661717366,0.0020929720202687,1.4370026148175032,-0.0041859440405374,1.4675642553749957,0.0,1.648822318642343,1.90955984394232
2024-02-22,0.0112439666520405,0.5,1.5,0.004871983326020251,2.7284735943729856,0.00562198332602025,1.4450814195574548,-0.0005,1.4668304732473083,0.0,1.648822318642343,1.9310308711476831
2024-02-23,-0.0100341704181807,-1.0,1.5,0.0092841704181807,2.7538052082046507,-0.00501708520909035,1.4378313229414619,0.0095341704181807,1.4808154849538286,0.0095341704181807,1.6645424716175787,1.9116545783038195
2024-02-26,-0.0074512382204691,0.5,1.5,-0.00447561911023455,2.7414802249889467,-0.00372561911023455,1.4324745110874173,-0.0005,1.4800750772113518,-0.0005,1.66371020038177,1.8974103846456272
2024-02-27,0.008114374034003,0.5,0.0,0.0040571870170015,2.752602922965138,0.0040571870170015,1.4382863280759866,0.0,1.4800750772113518,0.0,1.66371020038177,1.9128066822026435
2024-02-28,-0.0066254175108142,0.5,0.0,-0.0033127087554071,2.7434843511620723,-0.0033127087554071,1.4335217043641868,-0.0,1.4800750772113518,-0.0,1.66371020038177,1.9001335393155756
2024-02-29,-0.0036930878624186,0.5,0.0,-0.0018465439312093,2.7384183867830663,-0.0018465439312093,1.4308746435607362,-0.0,1.4800750772113518,-0.0,1.66371020038177,1.8931161792045548
2024-03-01,-0.006030428769018,0.5,0.0,-0.003015214384509,2.730161468272434,-0.003015214384509,1.4265602497530427,-0.0,1.4800750772113518,-0.0,1.66371020038177,1.881699876934386
2024-03-04,-0.0253812757430702,0.5,0.0,-0.0126906378715351,2.69551397774777,-0.0126906378715351,1.4084562902215,-0.0,1.4800750772113518,-0.0,1.66371020038177,1.833939933492213
2024-03-05,-0.0284408909194745,0.5,0.0,-0.01422044545973725,2.6571825682412484,-0.01422044545973725,1.3884274143639814,-0.0,1.4800750772113518,-0.0,1.66371020038177,1.7817810478908926
2024-03-06,-0.0058782036209734,0.5,0.0,-0.0029391018104867,2.649372838144137,-0.0029391018104867,1.3843466848366948,-0.0,1.4800750772113518,-0.0,1.66371020038177,1.7713073760833986
2024-03-07,-0.0007095553453169,0.5,0.0,-0.00035477767265845,2.6484328998146154,-0.00035477767265845,1.383855549541696,-0.0,1.4800750772113518,-0.0,1.66371020038177,1.7700505354664993
2024-03-08,0.0102366863905325,0.5,0.0,0.00511834319526625,2.6619884883255005,0.00511834319526625,1.3909385971769241,0.0,1.4800750772113518,0.0,1.66371020038177,1.788169987693464
2024-03-11,0.0118315468868974,0.5,0.0,0.0059157734434487,2.6777362091315027,0.0059157734434487,1.3991670747915712,0.0,1.4800750772113518,0.0,1.66371020038177,1.809326804744602
2024-03-12,0.002778581765557,0.5,0.0,0.0013892908827785,2.681456363633335,0.0013892908827785,1.4011109248520628,0.0,1.4800750772113518,0.0,1.66371020038177,1.814354167212199
2024-03-13,-0.0121226115568896,0.5,0.0,-0.0060613057784448,2.665203236681797,-0.0060613057784448,1.3926183631070148,-0.0,1.4800750772113518,-0.0,1.66371020038177,1.7923594564164615
2024-03-14,0.0109273651609886,0.5,0.0,0.0054636825804943,2.6797650611795323,0.0054636825804943,1.400227187798799,0.0,1.4800750772113518,0.0,1.66371020038177,1.8119452226964754
2024-03-15,-0.0021965317919074,0.5,0.0,-0.0010982658959537,2.6768219666036703,-0.0010982658959537,1.3986893660318525,-0.0,1.4800750772113518,-0.0,1.66371020038177,1.8079652274096278
2024-03-18,0.0063723786351523,0.5,0.0,0.00318618931757615,2.6853508281587164,0.00318618931757615,1.4031458551485105,0.0,1.4800750772113518,0.0,1.66371020038177,1.8194862663978715
2024-03-19,0.0135850794381764,0.5,0.0,0.0067925397190882,2.703591180318671,0.0067925397190882,1.4126767791012809,0.0,1.4800750772113518,0.0,1.66371020038177,1.8442041318635576
2024-03-20,0.0147092230804177,1.0,0.5,0.0144592230804177,2.7426830083131484,0.00735461154020885,1.4230664680434442,0.0,1.4800750772113518,0.0142092230804177,1.687350229760161,1.8713309418449668
2024-03-21,-0.0408574466894273,0.5,0.5,-0.02067872334471365,2.6859678251619936,-0.02042872334471365,1.3939950368666458,-0.0,1.4800750772113518,-0.0005,1.686506554645281,1.7948731376502605
2024-03-22,0.0053101476337749,0.5,0.0,0.00265507381688745,2.693099268007583,0.00265507381688745,1.3976961965899013,0.0,1.4800750772113518,0.0,1.686506554645281,1.8044041789950802
2024-03-25,-0.0083004411423265,0.5,0.0,-0.00415022057116325,2.6819223120253133,-0.00415022057116325,1.3918954490825772,-0.0,1.4800750772113518,-0.0,1.686506554645281,1.7894268283103636
2024-03-26,-0.0066725197541702,0.5,0.0,-0.0033362598770851,2.672974722222244,-0.0033362598770851,1.3872517241427058,-0.0,1.4800750772113518,-0.0,1.686506554645281,1.7774868424498207
2024-03-27,0.0212126568852748,0.5,0.0,0.0106063284426374,2.701325170045001,0.0106063284426374,1.4019653715615783,0.0,1.4800750772113518,0.0,1.686506554645281,1.8151920609567993
2024-03-28,-0.0105591137268479,0.5,0.0,-0.00527955686342395,2.68706337020315,-0.00527955686342395,1.3945636156618677,-0.0,1.4800750772113518,-0.0,1.686506554645281,1.796025241549085
2024-04-01,-0.0084557965943549,0.5,0.0,-0.00422789829717745,2.6757027395558604,-0.00422789829717745,1.3886675425259054,-0.0,1.4800750772113518,-0.0,1.686506554645281,1.7808384174282188
2024-04-02,-0.0069987649238369,0.5,0.0,-0.00349938246191845,2.6663394323157514,-0.00349938246191845,1.3838080636821548,-0.0,1.4800750772113518,-0.0,1.686506554645281,1.768374747977301
2024-04-03,0.0047974413646054,0.5,0.0,0.0023987206823027,2.6727352358580863,0.0023987206823027,1.3871274327048464,0.0,1.4800750772113518,0.0,1.686506554645281,1.7768584221413712
2024-04-04,-0.0048924255820808,0.5,0.0,-0.0024462127910404,2.666197156737066,-0.0024462127910404,1.3837342238361607,-0.0,1.4800750772113518,-0.0,1.686506554645281,1.7681652745411511
2024-04-05,0.0045018362753228,0.5,0.0,0.0022509181376614,2.6721985482757464,0.0022509181376614,1.3868488962982963,0.0,1.4800750772113518,0.0,1.686506554645281,1.7761252651148467
2024-04-08,-0.0066635216417031,0.5,0.0,-0.00333176082085155,2.663295421847065,-0.00333176082085155,1.3822282474811685,-0.0,1.4800750772113518,-0.0,1.686506554645281,1.7642900159723782
2024-04-09,0.0072425051944196,-1.0,1.5,-0.0079925051944196,2.6420090193536785,0.0036212525972098,1.3872336451122962,-0.0077425051944196,1.468615588237912,-0.0077425051944196,1.6734487688855173,1.7770678955775208
2024-04-10,-0.0111392703483231,0.5,1.5,-0.006319635174161549,2.625312486224519,-0.00556963517416155,1.3795072598076985,-0.0005,1.467881280443793,-0.0005,1.6726120445010746,1.7572726558613572
2024-04-11,0.0432709500536416,0.5,0.0,0.0216354750268208,2.6821123689578306,0.0216354750268208,1.409353554676586,0.0,1.467881280443793,0.0,1.6726120445010746,1.8333115131837643
2024-04-12,0.0086265996343692,0.5,0.0,0.0043132998171846,2.693681123748525,0.0043132998171846,1.415432519106321,0.0,1.467881280443793,0.0,1.6726120445010746,1.8491267576130803
2024-04-15,-0.021863494760691,0.5,0.0,-0.0109317473803455,2.664234482180501,-0.0109317473803455,1.3999593683735247,-0.0,1.467881280443793,-0.0,1.6726120445010746,1.808698384436153
2024-04-16,-0.01916729399502,0.5,0.0,-0.00958364699751,2.638701399384689,-0.00958364699751,1.3865426519761759,-0.0,1.467881280443793,-0.0,1.6726120445010746,1.7740305307533475
2024-04-17,-0.0081473609635139,0.5,0.0,-0.00407368048175695,2.627952172996831,-0.00407368048175695,1.380894320237697,-0.0,1.467881280443793,-0.0,1.6726120445010746,1.759576863659006
2024-04-18,-0.0057142857142857,0.5,0.0,-0.00285714285714285,2.62044373821684,-0.00285714285714285,1.3769489078941608,-0.0,1.467881280443793,-0.0,1.6726120445010746,1.7495221387238116
2024-04-19,-0.0122126436781608,0.5,0.0,-0.0061063218390804,2.604442465390085,-0.0061063218390804,1.3685408147065887,-0.0,1.467881280443793,-0.0,1.6726120445010746,1.7281558482365238
2024-04-22,0.005090909090909,0.5,0.0,0.0025454545454545,2.6110719553019863,0.0025454545454545,1.3720243731440236,0.0,1.467881280443793,0.0,1.6726120445010746,1.7369537325548188
2024-04-23,0.0063917028461166,0.5,0.0,0.0031958514230583,2.619416553326046,0.0031958514230583,1.3764091591894065,0.0,1.467881280443793,0.0,1.6726120445010746,1.7480558246707625
2024-04-24,0.012702216896345,-1.0,1.5,-0.013452216896345001,2.5841795937088277,0.0063511084481725,1.3851508830284762,-0.013202216896345001,1.4485019934012895,-0.013202216896345,1.6505298575061322,1.77026000890265
2024-04-25,0.0051473198438052,-1.0,0.0,-0.0051473198438052,2.5708779948061737,0.0025736599219026,1.3887157903419147,-0.0051473198438052,1.4410460903468636,-0.0051473198438052,1.6420340524177979,1.7793721033751693
2024-04-26,-0.0034728353640589,0.5,1.5,-0.0024864176820294497,2.5644857183015475,-0.00173641768202945,1.3863043996882516,-0.0005,1.4403255673016901,-0.0005,1.641213035391589,1.7731926370087483
2024-04-29,0.0248080330773774,1.0,0.5,0.0245580330773774,2.6274644433980585,0.0124040165386887,1.4035001423896416,0.0,1.4403255673016901,0.0243080330773774,1.681107696142911,1.8171820586002234
2024-04-30,-0.0182708933717578,0.5,0.5,-0.009385446685878901,2.6028045159455035,-0.0091354466858789,1.3906785416652176,-0.0,1.4403255673016901,-0.0005,1.6802671422948396,1.7839805189704674
2024-05-01,-0.0060470850701579,0.5,0.0,-0.00302354253507895,2.5949348257810465,-0.00302354253507895,1.3864737659418713,-0.0,1.4403255673016901,-0.0,1.6802671422948396,1.7731926370087485
2024-05-02,0.022031896042528,0.5,0.0,0.011015948021264,2.623520492940418,0.011015948021264,1.401747088880333,0.0,1.4403255673016901,0.0,1.6802671422948396,1.8122594328507016
2024-05-03,0.0598162168410101,0.5,0.0,0.02990810842050505,2.7019850282866966,0.02990810842050505,1.4436706927926932,0.0,1.4403255673016901,0.0,1.6802671422948396,1.920661936058265
2024-05-06,-0.0091067728214635,0.5,0.0,-0.00455338641073175,2.6896818463768954,-0.00455338641073175,1.4370971022785592,-0.0,1.4403255673016901,-0.0,1.6802671422948396,1.9031709041397502
2024-05-07,0.0037972593693247,0.5,0.0,0.00189862968466235,2.6947885561727243,0.00189862968466235,1.4398256174966877,0.0,1.4403255673016901,0.0,1.6802671422948396,1.910397737686921
2024-05-08,0.0018640350877192,1.0,0.5,0.0016140350877192,2.699138039456371,0.0009320175438596,1.441167560232293,0.0,1.4403255673016901,0.0013640350877192,1.6825590856336714,1.9139587861014689
2024-05-09,0.0100142278647257,0.5,0.5,0.0047571139323628496,2.711978146629239,0.00500711393236285,1.4483836504020016,0.0,1.4403255673016901,-0.0005,1.6817178060908546,1.9331256055091828
2024-05-10,-0.0082353578588069,0.5,0.0,-0.00411767892940345,2.7008110913578616,-0.00411767892940345,1.4424196715630488,-0.0,1.4403255673016901,-0.0,1.6817178060908546,1.9172056243617919
2024-05-13,0.0176454520622779,0.5,0.0,0.00882272603113895,2.7246396076787733,0.00882272603113895,1.455145745147175,0.0,1.4403255673016901,0.0,1.6817178060908546,1.9510355842999976
2024-05-14,0.0061735022546705,0.5,0.0,0.00308675112733525,2.7330498920593578,0.00308675112733525,1.4596374179164449,0.0,1.4403255673016901,0.0,1.6817178060908546,1.963080306878616
2024-05-15,0.0122178946806807,0.5,0.0,0.00610894734034035,2.7497459499284713,0.00610894734034035,1.468554266038487,0.0,1.4403255673016901,0.0,1.6817178060908546,1.9870650153177776
2024-05-16,0.0006325110689437,0.5,0.0,0.00031625553447185,2.7506155723035275,0.00031625553447185,1.4690187044527938,0.0,1.4403255673016901,0.0,1.6817178060908546,1.9883218559346771
2024-05-17,0.0001580278128949,0.5,0.0,7.901390644745e-05,2.7508329091850303,7.901390644745e-05,1.469134777359277,0.0,1.4403255673016901,0.0,1.6817178060908546,1.9886360660889018
2024-05-20,0.0061621109179965,0.5,0.0,0.00308105545899825,2.7593083779366667,0.00308105545899825,1.473661263085064,0.0,1.4403255673016901,0.0,1.6817178060908546,2.00089026210367
2024-05-21,0.006857202680067,0.5,0.0,0.0034286013400335,2.768768946338826,0.0034286013400335,1.4787138600664331,0.0,1.4403255673016901,0.0,1.6817178060908546,2.0146107721714874
2024-05-22,-0.0075383415648556,1.0,0.5,-0.0077883415648556005,2.747204828070574,-0.0037691707824278,1.4731403349894998,-0.0,1.4403255673016901,-0.0080383415648556,1.6681995839497967,1.9994239480506213
2024-05-23,-0.0210581456259822,0.5,0.5,-0.0107790728129911,2.7175925071966005,-0.0105290728129911,1.4576295331386413,-0.0,1.4403255673016901,-0.0005,1.6673654841578218,1.957319787384495
2024-05-24,0.0165881849315068,0.5,0.0,0.0082940924657534,2.7401324707355275,0.0082940924657534,1.469719247267306,0.0,1.4403255673016901,0.0,1.6673654841578218,1.9897881699877267
2024-05-28,5.263711969694107e-05,0.5,0.0,2.6318559848470535e-05,2.740204587075951,2.6318559848470535e-05,1.4697579281612754,0.0,1.4403255673016901,0.0,1.6673654841578218,1.9898929067058018
2024-05-29,0.001579030475288,0.5,0.0,0.000789515237644,2.7423680203517096,0.000789515237644,1.4709183244412067,0.0,1.4403255673016901,0.0,1.6673654841578218,1.9930350082480497
2024-05-30,0.005255136896316,0.5,0.0,0.002627568448158,2.7495737800352233,0.002627568448158,1.474783263020326,0.0,1.4403255673016901,0.0,1.6673654841578218,2.0035086800555435
2024-05-31,0.0050185582100477,0.5,0.0,0.00250927910502385,2.7564732280691873,0.00250927910502385,1.4784839058466617,0.0,1.4403255673016901,0.0,1.6673654841578218,2.0135634049907383
2024-06-03,0.0092587776332899,0.5,0.0,0.00462938881664495,2.7692340144045917,0.00462938881664495,1.4853283827059776,0.0,1.4403255673016901,0.0,1.6673654841578218,2.032206540808078
2024-06-04,0.0016492295005927,1.0,0.5,0.0013992295005927,2.773108808331591,0.00082461475029635,1.4865532063993907,0.0,1.4403255673016901,0.0011492295005927,1.6692816697604858,2.035558115786476
2024-06-05,0.0078209416002059,0.5,0.5,0.00366047080010295,2.783259692149997,0.00391047080010295,1.492366329305815,0.0,1.4403255673016901,-0.0005,1.6684470289256057,2.051478096933867
2024-06-06,-0.0070965436258744,0.5,0.0,-0.0035482718129372,2.773383930236257,-0.0035482718129372,1.4870710079249627,-0.0,1.4403255673016901,-0.0,1.6684470289256057,2.03691969312145
2024-06-07,0.0123920197449609,0.5,0.0,0.00619600987248045,2.7905678444481796,0.00619600987248045,1.4962849145711452,0.0,1.4403255673016901,0.0,1.6684470289256057,2.062161242177511
2024-06-10,-0.0191477474732083,0.5,0.0,-0.00957387373660415,2.7638513002520053,-0.00957387373660415,1.4819596717250556,-0.0,1.4403255673016901,-0.0,1.6684470289256057,2.0226754994632588
2024-06-11,0.072649130074565,0.5,0.0,0.0363245650372825,2.8642469965613873,0.0363245650372825,1.5357912122032622,0.0,1.4403255673016901,0.0,1.6684470289256057,2.1696211149224007
2024-06-12,0.0285783248853486,0.5,0.0,0.0142891624426743,2.9051746871711948,0.0142891624426743,1.5577363823124661,0.0,1.4403255673016901,0.0,1.6684470289256057,2.2316252520227655
2024-06-13,0.0054911531421599,0.5,0.0,0.00274557657107995,2.9131510667271865,0.00274557657107995,1.562013266827662,0.0,1.4403255673016901,0.0,1.6684470289256057,2.243879448037534
2024-06-14,-0.0081684092606422,0.5,0.0,-0.0040842046303211,2.9012531616516344,-0.0040842046303211,1.5556336850106616,-0.0,1.4403255673016901,-0.0,1.6684470289256057,2.2255505223744194
2024-06-17,0.0196715139535976,0.5,0.0,0.0098357569767988,2.9297891826778093,0.0098357569767988,1.5709345198813485,0.0,1.4403255673016901,0.0,1.6684470289256057,2.2693304705297446
2024-06-18,-0.0109844463931323,0.5,0.0,-0.00549222319656615,2.913698126567658,-0.00549222319656615,1.5623065968709695,-0.0,1.4403255673016901,-0.0,1.6684470289256057,2.2444031316279087
2024-06-20,-0.0215129030752717,0.5,0.0,-0.01075645153763585,2.8823570738739326,-0.01075645153763585,1.5455017216747982,-0.0,1.4403255673016901,-0.0,1.6684470289256057,2.1961195045953614
2024-06-21,-0.010444486837085,0.5,0.0,-0.0052222434185425,2.8673047036150052,-0.0052222434185425,1.5374307354804357,-0.0,1.4403255673016901,-0.0,1.6684470289256057,2.1731821633369495
2024-06-24,0.0031326810930645,0.5,0.0,0.00156634054653225,2.87179587923154,0.00156634054653225,1.5398388755789036,0.0,1.4403255673016901,0.0,1.6684470289256057,2.17999005001182
2024-06-25,0.0044681464398963,0.5,0.0,0.00223407321994815,2.8782116814984886,0.00223407321994815,1.5432789883738696,0.0,1.4403255673016901,0.0,1.6684470289256057,2.18973056479279
2024-06-26,0.0199933036781938,0.5,0.0,0.0099966518390969,2.9069841615976504,0.0099966518390969,1.5587066111112367,0.0,1.4403255673016901,0.0,1.6684470289256057,2.233510512948115
2024-06-27,0.0039859320046893,0.5,0.0,0.00199296600234465,2.9127776822010687,0.00199296600234465,1.561813060394811,0.0,1.4403255673016901,0.0,1.6684470289256057,2.242413133984485
2024-06-28,-0.0162540868752918,0.5,0.0,-0.0081270434376459,2.889105411453615,-0.0081270434376459,1.5491201378114996,-0.0,1.4403255673016901,-0.0,1.6684470289256057,2.2059647560944056
2024-07-01,0.0291045484759282,0.5,0.0,0.0145522742379641,2.931148465703474,0.0145522742379641,1.571663358884485,0.0,1.4403255673016901,0.0,1.6684470289256057,2.2701683642743444
2024-07-02,0.016239907727797,0.5,0.0,0.0081199538638985,2.954949256013223,0.0081199538638985,1.584425192848207,0.0,1.4403255673016901,0.0,1.6684470289256057,2.3070356890367236
2024-07-03,0.005811050074908,0.5,0.0,0.002905525037454,2.9635349350609754,0.002905525037454,1.5890287799160001,0.0,1.4403255673016901,0.0,1.6684470289256057,2.320441988950316
2024-07-05,0.0216204017151884,0.5,0.0,0.0108102008575942,2.9955713429574815,0.0108102008575942,1.6062065001953898,0.0,1.4403255673016901,0.0,1.6684470289256057,2.370610876908213
2024-07-08,0.0065388353804012,0.5,0.0,0.0032694176902006,3.0053651168984046,0.0032694176902006,1.611457860141244,0.0,1.4403255673016901,0.0,1.6684470289256057,2.386111911183304
2024-07-09,0.0037749100166799,0.5,0.0,0.00188745500833995,3.0110376083401844,0.00188745500833995,1.6144994143500961,0.0,1.4403255673016901,0.0,1.6684470289256057,2.395119268937749
2024-07-10,0.0188035683050549,0.5,0.0,0.00940178415252745,3.039346734008941,0.00940178415252745,1.6296785893581975,0.0,1.4403255673016901,0.0,1.6684470289256057,2.4401560577099732
2024-07-11,-0.023220877328526,0.5,0.0,-0.011610438664263,3.004058585174302,-0.011610438664263,1.6107573060539915,-0.0,1.4403255673016901,-0.0,1.6684470289256057,2.3834934932314304
2024-07-12,0.0130509293843652,0.5,0.0,0.0065254646921826,3.023661463405105,0.0065254646921826,1.621268245982322,0.0,1.4403255673016901,0.0,1.6684470289256057,2.4146002984996877
2024-07-15,0.0167432983430206,0.5,0.0,0.0083716491715103,3.048974496390148,0.0083716491715103,1.6348409349505957,0.0,1.4403255673016901,0.0,1.6684470289256057,2.4550286716766148
2024-07-16,0.0017918088737201,0.5,0.0,0.00089590443686005,3.051706086169337,0.00089590443686005,1.6363055961977782,0.0,1.4403255673016901,0.0,1.6684470289256057,2.459427613835762
2024-07-17,-0.0252959713823354,0.5,0.0,-0.0126479856911677,3.0131081512578177,-0.0126479856911677,1.6156096264306912,-0.0,1.4403255673016901,-0.0,1.6684470289256057,2.397214003299247
2024-07-18,-0.0205347780496329,0.5,0.0,-0.01026738902481645,2.982171397695008,-0.01026738902481645,1.599021533883889,-0.0,1.4403255673016901,-0.0,1.6684470289256057,2.347987745804025
2024-07-19,0.0005798911588901,0.5,0.0,0.00028994557944505,2.983036065108917,0.00028994557944505,1.5994851631090758,0.0,1.4403255673016901,0.0,1.6684470289256057,2.3493493231389992
2024-07-22,-0.0015603406000623,-1.0,1.5,0.0008103406000623001,2.985453340343925,-0.00078017030003115,1.5982372922894776,0.0010603406000623,1.4418528029780078,0.0010603406000623,1.6702161510494287,2.3456835380063765
2024-07-23,0.0046883372030719,0.5,1.5,0.0015941686015359501,2.990212656320452,0.00234416860153595,1.6019838299678666,-0.0005,1.4411318765765189,-0.0005,1.669381042973904,2.356680893404245
2024-07-24,-0.0287542775876628,0.5,0.0,-0.0143771387938314,2.9472219539374613,-0.0143771387938314,1.5789518860989449,-0.0,1.4411318765765189,-0.0,1.669381042973904,2.2889162368097584
2024-07-25,-0.0048046124279307,-1.0,1.5,0.0040546124279307,2.959171796699766,-0.00240230621396535,1.5751587601714172,0.004304612427930701,1.4473353907627171,0.0043046124279307,1.6765670813584412,2.27791888141189
2024-07-26,0.0021610188974205,-1.0,0.0,-0.0021610188974205,2.952776970526384,0.00108050944871025,1.5768607340950012,-0.0021610188974205,1.4442076716323735,-0.0005,1.6757287978177622,2.282841507161412
2024-07-29,0.0012846393833731,-1.0,0.0,-0.0012846393833731,2.948983716939729,0.00064231969168655,1.5778735827955577,-0.0012846393833731,1.442352385579625,0.0,1.6757287978177622,2.2857741352675105
2024-07-30,0.0025659824046921,0.5,1.5,0.0005329912023460501,2.9505554993167196,0.00128299120234605,1.5798979807206985,-0.0005,1.4416312093868353,0.0,1.6757287978177622,2.2916393914797073
2024-07-31,0.0149908592321754,0.5,0.0,0.0074954296160877,2.972671180390208,0.0074954296160877,1.5917399948357895,0.0,1.4416312093868353,0.0,1.6757287978177622,2.325993035008288
2024-08-01,-0.016750720461095,0.5,0.0,-0.0083753602305475,2.9477739884074734,-0.0083753602305475,1.57840859898567,-0.0,1.4416312093868353,-0.0,1.6757287978177622,2.28703097588441
2024-08-02,0.0068693899981682,0.5,0.0,0.0034346949990841,2.9578986929838864,0.0034346949990841,1.5838299511071172,0.0,1.4416312093868353,0.0,1.6757287978177622,2.3027414835956512
2024-08-05,-0.0481670153734195,-1.0,1.5,0.0474170153734195,3.0981534207821206,-0.02408350768670975,1.5456857703051878,0.0476670153734195,1.510349466407479,0.0476670153734195,1.7556057881850233,2.1918252991542886
2024-08-06,-0.0097481722177092,-1.0,0.0,0.0097481722177092,3.12835475388479,-0.0048740861088546,1.538151964763489,0.0097481722177092,1.5250726131149446,0.0097481722177092,1.7727197357546582,2.1704590086670006
2024-08-07,0.0124981904164456,-1.0,0.0,-0.0124981904164456,3.089255980480545,0.0062490952082228,1.547764022836011,-0.0124981904164456,1.5060119651973276,-0.0005,1.771833375886781,2.1975858186484105
2024-08-08,0.0166333047373941,0.5,1.5,0.0075666523686970496,3.1126313065627595,0.00831665236869705,1.5606362381627141,-0.0005,1.505258959214729,0.0,1.771833375886781,2.234138933256565
2024-08-09,0.0137358773615865,0.5,0.0,0.00686793868079325,3.13400866751215,0.00686793868079325,1.5713545921494396,0.0,1.505258959214729,0.0,1.771833375886781,2.264826791652523
2024-08-12,0.0059655937846836,0.5,0.0,0.0029827968923418,3.143356778826177,0.0029827968923418,1.5760416237436699,0.0,1.505258959214729,0.0,1.771833375886781,2.27833782828419
2024-08-13,0.0171930308463201,0.5,0.0,0.00859651542316005,3.170378693855851,0.00859651542316005,1.5895900898697244,0.0,1.505258959214729,0.0,1.771833375886781,2.3175093608442183
2024-08-14,0.0020337144664888,0.5,0.0,0.0010168572332444,3.1736025163628216,0.0010168572332444,1.5912064760505018,0.0,1.505258959214729,0.0,1.771833375886781,2.3222225131575907
2024-08-15,0.0135305791087858,0.5,0.0,0.0067652895543929,3.195072856316566,0.0067652895543929,1.6019714486018084,0.0,1.505258959214729,0.0,1.771833375886781,2.353643528580073
2024-08-16,0.0059184763260946,0.5,0.0,0.0029592381630473,3.204527837846694,0.0029592381630473,1.606712063648623,0.0,1.505258959214729,0.0,1.771833375886781,2.36757351208404
2024-08-19,-0.0007078080070781,0.5,0.0,-0.00035390400353905,3.2033937426154275,-0.00035390400353905,1.6061434418167633,-0.0,1.505258959214729,-0.0,1.771833375886781,2.365897724594841
2024-08-20,0.0027446987471777,0.5,0.0,0.00137234937358885,3.207789918011464,0.00137234937358885,1.6083476317630343,0.0,1.505258959214729,0.0,1.771833375886781,2.372391401115487
2024-08-21,-0.0004856297735198,0.5,0.0,-0.0002428148867599,3.2070110188657726,-0.0002428148867599,1.6079571010149571,-0.0,1.505258959214729,-0.0,1.771833375886781,2.371239297216663
2024-08-22,-0.0082597173144876,0.5,0.0,-0.0041298586572438,3.1937665166456335,-0.0041298586572438,1.6013164654608538,-0.0,1.505258959214729,-0.0,1.771833375886781,2.351653530936649
2024-08-23,0.0102881574845232,1.0,0.5,0.0100381574845232,3.2258260479085195,0.0051440787422616,1.6095537634504646,0.0,1.505258959214729,0.0097881574845232,1.789176360006295,2.3758477128119604
2024-08-26,0.0014988538176687,1.0,0.0,0.0014988538176687,3.2306610895955625,0.00074942690883435,1.61076000635201,0.0,1.505258959214729,0.0014988538176687,1.7918580738239733,2.3794087612265082
2024-08-27,0.0037415265428295,0.5,0.5,0.00162076327141475,3.2358972264319674,0.00187076327141475,1.6137733570109571,0.0,1.505258959214729,-0.0005,1.7909621447870614,2.3883113822628785
2024-08-28,-0.0067534973468402,0.5,0.0,-0.0033767486734201,3.2249704147652896,-0.0033767486734201,1.6083240499684697,-0.0,1.505258959214729,-0.0,1.7909621447870614,2.372181927679338
2024-08-29,0.0145701796988828,0.5,0.0,0.0072850898494414,3.248464613998645,0.0072850898494414,1.6200408351795075,0.0,1.505258959214729,0.0,1.7909621447870614,2.4067450446440684
2024-08-30,-0.0034379215805735,0.5,0.0,-0.00171896079028675,3.242880630698547,-0.00171896079028675,1.6172560485051706,-0.0,1.505258959214729,-0.0,1.7909621447870614,2.398470843916148
2024-09-03,-0.0272052401746724,0.5,0.0,-0.0136026200873362,3.1987689574905738,-0.0136026200873362,1.5952571288934083,-0.0,1.505258959214729,-0.0,1.7909621447870614,2.33321986855546
2024-09-04,-0.0086187547694932,-1.0,1.5,0.007868754769493199,3.2239392859813343,-0.0043093773847466,1.5883825638992992,0.008118754769493199,1.517479787569176,0.0081187547694932,1.805502527242033,2.3131104186850715
2024-09-05,0.0069277790355444,-1.0,0.0,-0.0069277790355444,3.201604546984045,0.0034638895177722,1.593884545612602,-0.0069277790355444,1.5069670229099918,-0.0069277790355444,1.7929944046851833,2.3291351365505375
2024-09-06,-0.0070150193362712,-1.0,0.0,0.0070150193362712,3.224063864788232,-0.0035075096681356,1.588293980158974,0.0070150193362712,1.5175384257148286,-0.0005,1.792097907482841,2.312796208530847
2024-09-09,0.0004075717779186,-1.0,0.0,-0.0004075717779186,3.2227498273467368,0.0002037858889593,1.588617652059649,-0.0004075717779186,1.5169199198806,0.0,1.792097907482841,2.313738838993521
2024-09-10,-0.0036213842741387,0.5,1.5,-0.00256069213706935,3.2144973572041082,-0.00181069213706935,1.5857411545682552,-0.0005,1.5161614599206599,-0.0,1.792097907482841,2.305359901547526
2024-09-11,0.0115851165326426,0.5,0.0,0.0057925582663213,3.2331175204426486,0.0057925582663213,1.5949266526013952,0.0,1.5161614599206599,0.0,1.792097907482841,2.3320677646566357
2024-09-12,0.0004940267672686,0.5,0.0,0.0002470133836343,3.2339161437410606,0.0002470133836343,1.5953206208305029,0.0,1.5161614599206599,0.0,1.792097907482841,2.33321986855546
2024-09-13,-0.00121201238946,0.5,0.0,-0.00060600619473,3.2319563705247165,-0.00060600619473,1.594353846651699,-0.0,1.5161614599206599,-0.0,1.792097907482841,2.330391977167437
2024-09-16,-0.0277752808988764,0.5,0.0,-0.0138876404494382,3.187072122502598,-0.0138876404494382,1.5722120336802214,-0.0,1.5161614599206599,-0.0,1.792097907482841,2.265664685397123
2024-09-17,0.0021727071005916,0.5,0.0,0.0010863535502958,3.1905344096179276,0.0010863535502958,1.5739200118048278,0.0,1.5161614599206599,0.0,1.792097907482841,2.2705873111466452
2024-09-18,0.0179897596752618,0.5,0.0,0.0089948798376309,3.2192328832502675,0.0089948798376309,1.5880772331850548,0.0,1.5161614599206599,0.0,1.792097907482841,2.3114346311958722
2024-09-19,0.0370655670850514,0.5,0.0,0.0185327835425257,3.2788942294485257,0.0185327835425257,1.6175087247964866,0.0,1.5161614599206599,0.0,1.792097907482841,2.397109266581174
2024-09-20,-0.0029274260497226,0.5,0.0,-0.0014637130248613,3.2740948692577394,-0.0014637130248613,1.6151411562081752,-0.0,1.5161614599206599,-0.0,1.792097907482841,2.3900919064701527
2024-09-23,-0.0075810692375108,0.5,0.0,-0.0037905346187554,3.2616842993107285,-0.0037905346187554,1.6090189077413914,-0.0,1.5161614599206599,-0.0,1.792097907482841,2.3719724542431884
2024-09-24,0.0039740362961981,1.0,0.5,0.0037240362961981,3.273830930028101,0.00198701814809905,1.612216057511708,0.0,1.5161614599206599,0.0034740362961981,1.7983237206597769,2.381398758869933
2024-09-25,-0.0043981176056647,0.5,0.5,-0.0024490588028323497,3.265813125569931,-0.00219905880283235,1.6086706995983693,-0.0,1.5161614599206599,-0.0005,1.797424558799447,2.370925087062439
2024-09-26,0.0050801784688783,0.5,0.0,0.00254008923443915,3.2741085823318814,0.00254008923443915,1.6127568667241767,0.0,1.5161614599206599,0.0,1.797424558799447,2.3829698096410574
2024-09-27,0.0011867088607593,0.5,0.0,0.00059335443037965,3.276051289164752,0.00059335443037965,1.6137138031561726,0.0,1.5161614599206599,0.0,1.797424558799447,2.3857977010290803
2024-09-30,0.0228719434566926,0.5,0.0,0.0114359717283463,3.3135161190882525,0.0114359717283463,1.6321681885867088,0.0,1.5161614599206599,0.0,1.797424558799447,2.4403655311461248
2024-10-01,-0.0291416309012875,0.5,0.0,-0.01457081545064375,3.265235487224284,-0.01457081545064375,1.6083861671264004,-0.0,1.5161614599206599,-0.0,1.797424558799447,2.36924929957324
2024-10-02,0.0025197825029839,0.5,0.0,0.00125989125149195,3.2693493288486986,0.00125989125149195,1.6104125587873834,0.0,1.5161614599206599,0.0,1.797424558799447,2.3752192925035116
2024-10-03,-0.0048946115177705,0.5,0.0,-0.00244730575888525,3.2613482314083995,-0.00244730575888525,1.6064713868580818,-0.0,1.5161614599206599,-0.0,1.797424558799447,2.3635935167971933
2024-10-04,0.0050073115611291,0.5,0.0,0.00250365578056455,3.2695135247603986,0.00250365578056455,1.6104934382321003,0.0,1.5161614599206599,0.0,1.797424558799447,2.375428765939662
2024-10-07,-0.0225308641975309,-1.0,1.5,0.0217808641975309,3.3407263548351955,-0.01126543209876545,1.5923505337581894,0.0220308641975309,1.549563807145702,0.0220308641975309,1.8370233751596645,2.321908303003367
2024-10-08,0.0184040777662501,-1.0,0.0,-0.0184040777662501,3.2792433672050474,0.00920203888312505,1.6070034052853972,-0.0184040777662501,1.521045514335226,-0.0184040777662501,1.8032146541048069,2.364640883977943
2024-10-09,0.0166984098861673,-1.0,0.0,-0.0166984098861673,3.224485217342962,0.00834920494308365,1.620420606060358,-0.0166984098861673,1.4956464728813401,-0.0005,1.8023130467777546,2.4041266266921957
2024-10-10,-0.0021782695826435,-1.0,0.0,0.0021782695826435,3.231509015411584,-0.00108913479132175,1.618655749601723,0.0021782695826435,1.4989043940996056,-0.0,1.8023130467777546,2.3988897907884486
2024-10-11,-0.0065054139015018,0.5,1.5,-0.0040027069507509,3.218574231814182,-0.0032527069507509,1.6133907367941207,-0.0005,1.498154941902556,-0.0,1.8023130467777546,2.3832840197952825
2024-10-14,0.016479894528675,0.5,0.0,0.0082399472643375,3.2450951137506863,0.0082399472643375,1.626684991382075,0.0,1.498154941902556,0.0,1.8023130467777546,2.4225602890733855
2024-10-15,0.0110246433203631,0.5,0.0,0.00551232166018155,3.2629831218355636,0.00551232166018155,1.6356518022943625,0.0,1.498154941902556,0.0,1.8023130467777546,2.4492681521824955
2024-10-16,-0.0088518280949325,0.5,0.0,-0.00442591404746625,3.248541438999986,-0.00442591404746625,1.6284125480058242,-0.0,1.498154941902556,-0.0,1.8023130467777546,2.4275876515409833
2024-10-17,0.0015963413581845,0.5,0.0,0.00079817067909225,3.251134329526412,0.00079817067909225,1.6297122991551085,0.0,1.498154941902556,0.0,1.8023130467777546,2.4314629101097562
2024-10-18,0.0122765453370665,0.5,0.0,0.00613827266853325,3.2710906785230742,0.00613827266853325,1.639715917618585,0.0,1.498154941902556,0.0,1.8023130467777546,2.4613128747611146
2024-10-21,0.0062978723404254,0.5,0.0,0.0031489361702127,3.281391134276721,0.0031489361702127,1.6448792783804476,0.0,1.498154941902556,0.0,1.8023130467777546,2.476813909036206
2024-10-22,-0.0026217861975641,0.5,0.0,-0.00131089309878205,3.277089581284393,-0.00131089309878205,1.642723017486089,-0.0,1.498154941902556,-0.0,1.8023130467777546,2.4703202325155598
2024-10-23,-0.0216229966929535,0.5,0.0,-0.01081149834647675,3.2416593326950807,-0.01081149834647675,1.6249627202988188,-0.0,1.498154941902556,-0.0,1.8023130467777546,2.4169045062973398
2024-10-24,-0.000823366267984,0.5,0.0,-0.000411683133992,3.2403247962216626,-0.000411683133992,1.624293750553506,-0.0,1.498154941902556,-0.0,1.8023130467777546,2.4149145086539163
2024-10-25,0.0036431452487313,0.5,0.0,0.00182157262436565,3.246227283164513,0.00182157262436565,1.6272525195834424,0.0,1.498154941902556,0.0,1.8023130467777546,2.4237123929722113
2024-10-28,0.008599455511862,-1.0,1.5,-0.009349455511862,3.2158768255991736,0.004299727755931,1.6342492624078038,-0.009099455511862,1.4845225476588375,-0.009099455511862,1.785912979390152,2.4445549998691245
2024-10-29,0.0011568123393315,-1.0,0.0,-0.0011568123393315,3.2121566596055504,0.00057840616966575,1.635194522263952,-0.0011568123393315,1.48280523365769,0.0001568123393315,1.7861930325822926,2.447382891257148
2024-10-30,-0.0152779560919245,-1.0,0.0,0.0152779560919245,3.261231848011387,-0.00763897804596225,1.6227033072075,0.0152779560919245,1.505459466910388,-0.0005,1.7852999360660016,2.409991882904394
2024-10-31,-0.0182094741416775,-1.0,0.0,0.0182094741416775,3.320617165017765,-0.00910473707083875,1.6079290202513952,0.0182094741416775,1.5328730921444362,0.0177094741416775,1.8169166591189008,2.366107198030994
2024-11-01,-0.0132796246292771,-1.0,0.0,0.0132796246292771,3.364713714506735,-0.00663981231463855,1.5972526733416654,0.0132796246292771,1.5532290714124335,-0.0005,1.8160082007893414,2.3346861826085115
2024-11-04,-0.004037503925351,-1.0,0.0,0.004037503925351,3.378298759336739,-0.0020187519626755,1.5940282163724682,0.004037503925351,1.5595002398852307,0.003537503925351,1.8224323369281032,2.325259877981767
2024-11-05,0.0064861943155714,-1.0,0.0,-0.0064861943155714,3.356386457127627,0.0032430971577857,1.5991978047504158,-0.0064861943155714,1.5493850182941549,-0.0064861943155714,1.8106116866638067,2.3403419653845585
2024-11-06,-0.0032669501006936,-1.0,0.0,0.0032669501006936,3.367351604201707,-0.0016334750503468,1.5965855550357866,0.0032669501006936,1.5544467818356842,-0.0005,1.809706380820475,2.332696184965088
2024-11-07,0.0213721264367816,-1.0,0.0,-0.0213721264367816,3.295384139959609,0.0106860632183908,1.6136467692104683,-0.0213721264367816,1.5212249486750438,-0.0218721264367816,1.7701242540457192,2.38255086276876
2024-11-08,-0.0022859152452961,-1.0,0.0,0.0022859152452961,3.30291710880425,-0.00114295762264805,1.6118024393353378,0.0022859152452961,1.5247023399767448,-0.0005,1.7692391919186965,2.3771045534288637
2024-11-11,-0.0120285512865704,-1.0,0.0,0.0120285512865704,3.3426464166427925,-0.0060142756432852,1.6021086151826558,0.0120285512865704,1.5430423002699087,-0.0,1.7692391919186965,2.3485114293944047
2024-11-12,0.0,0.5,1.5,-0.00075,3.3401394318303104,0.0,1.6021086151826558,-0.0005,1.5422707791197738,0.0,1.7692391919186965,2.3485114293944047
2024-11-13,0.003969138830665,-1.0,1.5,-0.004719138830665,3.3243768501377247,0.0019845694153325,1.6052881109403878,-0.0044691388306649996,1.5353781568934097,-0.004469138830665,1.7613322163453582,2.357832997303075
2024-11-14,0.0137704335465529,-1.0,0.0,-0.0137704335465529,3.2785987396392042,0.00688521677327645,1.616340867567776,-0.0137704335465529,1.51423533401508,-0.0005,1.7604515502371856,2.390301379906307
2024-11-15,-0.0141091928840592,-1.0,0.0,0.0141091928840592,3.3248571216462066,-0.0070545964420296,1.6049382350343253,0.0141091928840592,1.5355999724145564,-0.0,1.7604515502371856,2.356576156686176
2024-11-18,0.0134222222222222,1.0,2.0,0.012422222222222199,3.366159235668434,0.0067111111111111,1.6157091538561112,-0.0005,1.5348321724283491,0.0129222222222222,1.7832004963808061,2.388206645544808
2024-11-19,0.001140250855188,0.5,0.5,0.000320125427594,3.3672368288331014,0.000570125427594,1.616630310728321,0.0,1.5348321724283491,-0.0005,1.782308896132616,2.3909298002147565
2024-11-20,0.003154021377256,0.5,0.0,0.001577010688628,3.3725469973033126,0.001577010688628,1.6191797540078996,0.0,1.5348321724283491,0.0,1.782308896132616,2.3984708439161526
2024-11-21,-0.0020960698689955,1.0,0.5,-0.0023460698689955,3.364634766411168,-0.00104803493449775,1.6174827970604677,-0.0,1.5348321724283491,-0.0025960698689955,1.7776818977101234,2.3934434814485557
2024-11-22,0.0059075792053211,0.5,0.5,0.0027037896026605498,3.3737320309093404,0.00295378960266055,1.6222605009289073,0.0,1.5348321724283491,-0.0005,1.7767930567612684,2.4075829383886727
2024-11-25,0.0130508548309913,0.5,0.0,0.00652542741549565,3.395747074396372,0.00652542741549565,1.6328464440767443,0.0,1.5348321724283491,0.0,1.7767930567612684,2.439003953811155
2024-11-26,0.0094043887147334,1.0,0.5,0.0091543887147334,3.4268330630923147,0.0047021943573667,1.640524405412528,0.0,1.5348321724283491,0.0089043887147334,1.79261431280431,2.461941295069567
2024-11-27,-0.0005530502850336,0.5,0.5,-0.0005265251425168,3.4250287493253886,-0.0002765251425168,1.6400707591675192,-0.0,1.5348321724283491,-0.0005,1.7917180056479078,2.4605797177345927
