date,close,market_return,window,sma,rsi,sma_window,rsi_threshold,qwen_score,qwen_bad_threshold,qwen_moderate_threshold,qwen_strong_threshold,qwen_position,qwen_turnover,qwen_return,qwen_equity,qwen_analyst_position,qwen_analyst_return,qwen_analyst_equity,finbert_score,finbert_bad_threshold,finbert_moderate_threshold,finbert_strong_threshold,finbert_position,finbert_turnover,finbert_return,finbert_equity,finbert_analyst_position,finbert_analyst_return,finbert_analyst_equity,benchmark_equity
2020-07-14,97.0575,0.0165484014558403,1,91.603875,73.96525182707856,20,40,1.0,0.75,1.0,1.0,0.5,0.5,0.00802420072792015,1.00802420072792,0.5,0.00802420072792015,1.00802420072792,0.0,-0.5,0.5,1.0,0.5,0.5,0.00802420072792015,1.00802420072792,0.5,0.00802420072792015,1.00802420072792,1.0165484014558404
2020-07-15,97.725,0.0068773665095431,1,92.089125,75.0903542211523,20,40,1.0,0.75,1.0,1.0,0.5,0.0,0.00343868325477155,1.0114904766673676,0.5,0.00343868325477155,1.0114904766673676,0.0,-0.5,0.5,1.0,0.5,0.0,0.00343868325477155,1.0114904766673676,0.5,0.00343868325477155,1.0114904766673676,1.0235395773873424
2020-07-16,96.5225,-0.0123049373241238,1,92.520375,69.2816978139659,20,40,1.0,0.75,1.0,1.0,0.5,0.0,-0.0061524686620619,1.0052673132076975,0.5,-0.0061524686620619,1.0052673132076975,1.0,-0.5,0.5,1.0,0.5,0.0,-0.0061524686620619,1.0052673132076975,0.5,-0.0061524686620619,1.0052673132076975,1.010944987038831
2020-07-17,96.3275,-0.0020202543448417,1,92.940125,68.3582409301884,20,40,1.0,0.75,1.0,1.0,0.5,0.0,-0.00101012717242085,1.0042518653790797,0.5,-0.00101012717242085,1.0042518653790797,1.0,-0.5,0.5,1.0,0.5,0.0,-0.00101012717242085,1.0042518653790797,0.5,-0.00101012717242085,1.0042518653790797,1.0089026210363699
2020-07-20,98.3575,0.0210739404635229,1,93.4865,72.4718353338865,20,40,1.0,0.75,1.0,1.0,0.5,0.0,0.01053697023176145,1.01483363738977,0.5,0.01053697023176145,1.01483363738977,0.0,-0.5,0.5,1.0,0.5,0.0,0.01053697023176145,1.01483363738977,0.5,0.01053697023176145,1.01483363738977,1.0301641748055825
2020-07-21,97.0,-0.0138016928043108,1,93.850625,66.26756979618077,20,40,0.0,0.75,1.0,1.0,0.5,0.0,-0.0069008464021554,1.0078304263344025,0.5,-0.0069008464021554,1.0078304263344025,0.0,-0.5,0.5,1.0,0.5,0.0,-0.0069008464021554,1.0078304263344025,0.5,-0.0069008464021554,1.0078304263344025,1.0159461653269095
2020-07-22,97.2725,0.0028092783505153,1,94.132625,66.88050722997158,20,40,0.0,0.75,1.0,1.0,0.5,0.0,0.00140463917525765,1.0092460644332484,0.5,0.00140463917525765,1.0092460644332484,0.0,-0.5,0.5,1.0,0.5,0.0,0.00140463917525765,1.0092460644332484,0.5,0.00140463917525765,1.0092460644332484,1.0188002408944514
2020-07-23,92.845,-0.0455164614870594,1,94.274125,50.74624323656817,20,40,0.0,0.75,1.0,1.0,0.5,0.0,-0.0227582307435297,0.9862774096218773,0.5,-0.0227582307435297,0.9862774096218773,0.0,-0.5,0.5,1.0,0.5,0.0,-0.0227582307435297,0.9862774096218773,0.5,-0.0227582307435297,0.9862774096218773,0.9724280589667723
2020-07-24,92.615,-0.0024772470246109,1,94.344375,50.07049421103599,20,40,0.0,0.75,1.0,1.0,0.5,0.0,-0.00123862351230545,0.985055783232664,0.5,-0.00123862351230545,0.985055783232664,0.0,-0.5,0.5,1.0,0.5,0.0,-0.00123862351230545,0.985055783232664,0.5,-0.00123862351230545,0.985055783232664,0.9700191144510487
2020-07-27,94.81,0.0237002645359822,1,94.6645,56.08117440817674,20,40,0.0,0.75,1.0,1.0,0.5,0.0,0.0118501322679911,0.9967288245553206,0.5,0.0118501322679911,0.9967288245553206,0.0,-0.5,0.5,1.0,0.5,0.0,0.0118501322679911,0.9967288245553206,0.5,0.0118501322679911,0.9967288245553206,0.9930088240684979
2020-07-28,93.2525,-0.0164275920261576,1,94.804875,51.356817777193726,20,40,0.0,0.75,1.0,1.0,0.5,0.0,-0.0082137960130788,0.9885418973100674,0.5,-0.0082137960130788,0.9885418973100674,0.0,-0.5,0.5,1.0,0.5,0.0,-0.0082137960130788,0.9885418973100674,0.5,-0.0082137960130788,0.9885418973100674,0.9766960802283261
2020-07-29,95.04,0.0191683869065173,1,94.996875,55.94387873712155,20,40,0.0,0.75,1.0,1.0,0.5,0.0,0.00958419345325865,0.9980162740905383,0.5,0.00958419345325865,0.9980162740905383,0.0,-0.5,0.5,1.0,0.5,0.0,0.00958419345325865,0.9980162740905383,0.5,0.00958419345325865,0.9980162740905383,0.9954177685842216
2020-07-30,96.19,0.0121001683501682,1,95.255,58.64577629697656,20,40,1.0,0.75,1.0,1.0,0.5,0.0,0.0060500841750841,1.0040543565568898,0.5,0.0060500841750841,1.0040543565568898,0.0,-0.5,0.5,1.0,0.5,0.0,0.0060500841750841,1.0040543565568898,0.5,0.0060500841750841,1.0040543565568898,1.0074624911628396
2020-07-31,106.26,0.1046886370724609,1,96.016625,73.79881798236167,20,40,0.0,0.75,1.0,1.0,0.5,0.0,0.05234431853623045,1.0566108976241935,0.5,0.05234431853623045,1.0566108976241935,0.0,-0.5,0.5,1.0,0.5,0.0,0.05234431853623045,1.0566108976241935,0.5,0.05234431853623045,1.0566108976241935,1.1129323662643034
2020-08-03,108.9375,0.025197628458498,1,96.790375,76.28683922173224,20,40,1.0,0.75,1.0,1.0,0.5,0.0,0.012598814229249,1.0699229420359608,1.0,0.024947628458498,1.082970833723322,0.5,-0.5,0.5,1.0,0.5,0.0,0.012598814229249,1.0699229420359608,1.0,0.024947628458498,1.082970833723322,1.1409756225288683
2020-08-04,109.665,0.0066781411359724,1,97.615,76.92791338509825,20,40,0.0,0.75,1.0,1.0,0.5,0.0,0.0033390705679862,1.0734954902417262,1.0,0.0066781411359724,1.090203065797068,0.0,-0.5,0.5,1.0,0.5,0.0,0.0033390705679862,1.0734954902417262,1.0,0.0066781411359724,1.090203065797068,1.14859521876882
2020-08-05,110.0625,0.0036246751470385,1,98.351,77.28919034395588,20,40,-1.0,0.75,1.0,1.0,0.5,0.0,0.00181233757351925,1.0754410264536949,1.0,0.0036246751470385,1.094154697754888,1.0,-0.5,0.5,1.0,0.5,0.0,0.00181233757351925,1.0754410264536949,1.0,0.0036246751470385,1.094154697754888,1.1527585033122987
2020-08-06,113.9025,0.0348892674616694,1,99.262,80.47060927010321,20,40,1.0,0.75,1.0,1.0,0.5,0.0,0.0174446337308347,1.0942017012592926,0.5,0.0171946337308347,1.1129682870276554,1.0,-0.5,0.5,1.0,0.5,0.0,0.0174446337308347,1.0942017012592926,0.5,0.0171946337308347,1.1129682870276554,1.1929774030530753
2020-08-07,111.1125,-0.0244946335681833,1,100.021625,72.52159539982023,20,40,1.0,0.75,1.0,1.0,1.0,0.5,-0.0247446335681833,1.0671260811119485,1.0,-0.0247446335681833,1.0854282945921474,1.0,-0.5,0.5,1.0,0.5,0.0,-0.01224731678409165,1.080800666398278,0.5,-0.01224731678409165,1.09933741184578,1.1637558587101673
2020-08-10,112.7275,0.0145348183147711,1,100.884125,74.11552222410819,20,40,1.0,0.75,1.0,1.0,0.5,0.5,0.0070174091573855495,1.0746145414456285,0.5,0.0070174091573855495,1.0930451890463038,1.0,-0.5,0.5,1.0,0.5,0.0,0.00726740915738555,1.0886552870585693,0.5,0.00726740915738555,1.1073267466196843,1.18067083867927
2020-08-11,109.375,-0.0297398593954447,1,101.5,65.60780031334535,20,40,1.0,0.75,1.0,1.0,0.5,0.0,-0.01486992969772235,1.0586350987621818,0.5,-0.01486992969772235,1.0767916839287515,0.0,-0.5,0.5,1.0,0.5,0.0,-0.01486992969772235,1.0724670594749546,0.5,-0.01486992969772235,1.090860875745042,1.1455578539446467
2020-08-12,113.01,0.0332342857142857,1,102.26425,69.67276883172083,20,40,0.0,0.75,1.0,1.0,0.5,0.0,0.01661714285714285,1.0762265894318985,0.5,0.01661714285714285,1.094684885167979,0.0,-0.5,0.5,1.0,0.5,0.0,0.01661714285714285,1.0902883978118298,0.5,0.01661714285714285,1.1089878667545654,1.1836296509648871
2020-08-13,115.01,0.0176975488894788,1,103.188625,71.65768776713797,20,40,1.0,0.75,1.0,1.0,0.5,0.0,0.0088487744447394,1.0857498757732125,0.5,0.0088487744447394,1.1043715048048959,0.0,-0.5,0.5,1.0,0.5,0.0,0.0088487744447394,1.099936113923783,0.5,0.0088487744447394,1.1188010502494292,1.204576994579875
2020-08-14,114.9075,-0.0008912268498392,1,104.117625,71.39976756282365,20,40,0.0,0.75,1.0,1.0,0.5,0.0,-0.0004456134249196,1.0852660510524632,0.5,-0.0004456134249196,1.1038793820362562,0.0,-0.5,0.5,1.0,0.5,0.0,-0.0004456134249196,1.099445967624865,0.5,-0.0004456134249196,1.118302497481624,1.2035034432196068
2020-08-17,114.6075,-0.0026107956399712,1,104.930125,70.59882363885188,20,40,0.0,0.75,1.0,1.0,0.5,0.0,-0.0013053978199856,1.083849347115315,0.5,-0.0013053978199856,1.1024383802974191,0.0,-0.5,0.5,1.0,0.5,0.0,-0.0013053978199856,1.0980107532555354,0.5,-0.0013053978199856,1.116842667839327,1.2003613416773586
2020-08-18,115.5625,0.0083327879938048,1,105.85825,71.68762442113677,20,40,0.3333333333333333,0.75,1.0,1.0,0.5,0.0,0.0041663939969024,1.0883650905286828,0.5,0.0041663939969024,1.107031572947045,0.0,-0.5,0.5,1.0,0.5,0.0,0.0041663939969024,1.1025854986664334,0.5,0.0041663939969024,1.1214958744260972,1.2103636982535153
2020-08-19,115.7075,0.0012547322877229,1,106.78,71.85803145002757,20,40,-1.0,0.75,1.0,1.0,0.5,0.0,0.00062736614386145,1.0890478939386412,0.5,0.00062736614386145,1.1077260870760977,-1.0,-0.5,0.5,1.0,0.5,0.0,0.00062736614386145,1.1032772234790091,0.5,0.00062736614386145,1.1221994629681924,1.2118823806656018
2020-08-20,118.275,0.0221895728453211,1,108.0515,74.75541842681305,20,40,1.0,0.75,1.0,1.0,1.0,0.5,0.0219395728453211,1.1129411395397515,1.0,0.0219395728453211,1.1320291242561662,0.0,-0.5,0.5,1.0,0.5,0.0,0.01109478642266055,1.1155178486384947,0.5,0.01109478642266055,1.1346500263334487,1.2387735330313425
2020-08-21,124.37,0.0515324455717607,1,109.63925,80.01550747040858,20,40,1.0,0.75,1.0,1.0,1.0,0.0,0.0515324455717607,1.1702937182376572,1.0,0.0515324455717607,1.1903653534875451,0.0,-0.5,0.5,1.0,1.0,0.5,0.0512824455717607,1.1727243319956258,1.0,0.0512824455717607,1.1928376545518906,1.302610562698018
2020-08-24,125.8575,0.0119602798102436,1,111.191625,81.05310949947307,20,40,-0.3333333333333333,0.75,1.0,1.0,0.5,0.5,0.0057301399051218,1.176999664973244,0.5,0.0057301399051218,1.1971863135012384,-0.4,-0.5,0.5,1.0,0.5,0.5,0.0057301399051218,1.179444206488101,0.5,0.0057301399051218,1.1996727811965702,1.3181901495116652
2020-08-25,124.825,-0.0082037224638976,1,112.77025,78.02488147240315,20,40,1.0,0.75,1.0,1.0,0.5,0.0,-0.0041018612319488,1.1721717756774734,0.5,-0.0041018612319488,1.192275621374468,0.0,-0.5,0.5,1.0,0.5,0.0,-0.0041018612319488,1.174606290022261,0.5,-0.0041018612319488,1.1947518899243559,1.307376083370428
2020-08-26,126.5225,0.0135990386541156,1,114.344375,79.38832332551495,20,40,0.0,0.75,1.0,1.0,1.0,0.5,0.013349038654115599,1.1878191420202553,1.0,0.013349038654115599,1.2081913547305554,0.0,-0.5,0.5,1.0,0.5,0.0,0.0067995193270578,1.182593048192951,0.5,0.0067995193270578,1.2028756284909354,1.3251551412636486
2020-08-27,125.01,-0.0119543954632573,1,115.785375,74.92748159892034,20,40,1.0,0.75,1.0,1.0,0.5,0.5,-0.00622719773162865,1.1804223573534818,0.5,-0.00622719773162865,1.200667708267004,0.0,-0.5,0.5,1.0,0.5,0.0,-0.00597719773162865,1.1755244557078524,0.5,-0.00597719773162865,1.195685803012888,1.3093137126548144
2020-08-28,124.8075,-0.0016198704103671,1,116.71275,74.32532241547626,20,40,1.0,0.75,1.0,1.0,0.5,0.0,-0.00080993520518355,1.1794662917292753,0.5,-0.00080993520518355,1.1996952452203515,0.3333333333333333,-0.5,0.5,1.0,0.5,0.0,-0.00080993520518355,1.1745723570666202,0.5,-0.00080993520518355,1.1947173749866897,1.3071927941137969
2020-08-31,129.04,0.0339122248262322,1,117.717875,78.25829101750341,20,40,1.0,0.75,1.0,1.0,0.5,0.0,0.0169561124131161,1.1994654547593182,0.5,0.0169561124131161,1.2200374126597888,-1.0,-0.5,0.5,1.0,0.5,0.0,0.0169561124131161,1.1944885379903807,0.5,0.0169561124131161,1.214975137098867,1.3515226100390147
2020-09-01,134.18,0.0398326100433974,1,118.943625,81.88703176757112,20,40,0.0,0.75,1.0,1.0,0.5,0.0,0.0199163050216987,1.2233543746192952,0.5,0.0199163050216987,1.2443360499082052,0.0,-0.5,0.5,1.0,0.5,0.0,0.0199163050216987,1.21827833605792,0.5,0.0199163050216987,1.239172952523108,1.4053572831295336
2020-09-02,131.4,-0.020718437919213,1,120.0105,74.63178097523658,20,40,0.5,0.75,1.0,1.0,0.5,0.0,-0.0103592189596065,1.2106813787874215,0.5,-0.0103592189596065,1.2314457003078743,0.0,-0.5,0.5,1.0,1.0,0.5,-0.020968437919213,1.1927329423999673,1.0,-0.020968437919213,1.2131894313969593,1.3762404755047004
2020-09-03,120.88,-0.0800608828006088,1,120.359375,54.83311777859201,20,40,0.3333333333333333,0.75,1.0,1.0,0.5,0.0,-0.0400304414003044,1.1622172687994319,0.5,-0.0400304414003044,1.1821503853640432,0.75,-0.5,0.5,1.0,0.5,0.5,-0.0402804414003044,1.1446891330074127,0.5,-0.0402804414003044,1.1643216255981055,1.2660574480898643
2020-09-04,120.96,0.00066181336863,1,120.85175,54.931032636998886,20,40,-0.3333333333333333,0.75,1.0,1.0,1.0,0.5,0.00041181336863000003,1.162695885407976,1.0,0.00041181336863000003,1.182637210696467,0.0,-0.5,0.5,1.0,0.5,0.0,0.000330906684315,1.1450679182929875,0.5,0.000330906684315,1.1647069074067082,1.2668953418344637
2020-09-08,112.82,-0.0672949735449736,1,120.856375,44.3870659163487,20,40,1.0,0.75,1.0,1.0,1.0,0.0,-0.0672949735449736,1.0844522965585968,1.0,-0.0672949735449736,1.103051670889347,1.0,-0.5,0.5,1.0,0.5,0.0,-0.0336474867724868,1.1065392606586253,0.5,-0.0336474867724868,1.125517447145917,1.1816396533214633
2020-09-09,117.32,0.0398865449388405,1,121.253625,50.09056892252146,20,40,1.0,0.75,1.0,1.0,0.5,0.5,0.01969327246942025,1.1058087111148138,0.5,0.01969327246942025,1.1247743679920201,1.0,-0.5,0.5,1.0,0.5,0.0,0.01994327246942025,1.128607274632051,0.5,0.01994327246942025,1.1479639482634343,1.2287711764551859
2020-09-10,113.49,-0.0326457551994544,1,121.277625,45.78654494043678,20,40,-1.0,0.75,1.0,1.0,0.5,0.0,-0.0163228775997272,1.0877587308745746,0.5,-0.0163228775997272,1.106414813655976,0.0,-0.5,0.5,1.0,-1.0,1.5,0.0318957551994544,1.1646050559800383,-1.0,0.0318957551994544,1.1845791253350437,1.1886570134324843
2020-09-11,112.0,-0.0131289100361264,1,121.127125,44.1955477355253,20,40,1.0,0.75,1.0,1.0,0.5,0.0,-0.0065644550180632,1.080618187615243,0.5,-0.0065644550180632,1.0991518033804124,0.0,-0.5,0.5,1.0,-1.0,0.0,0.0131289100361264,1.1798950509876183,-1.0,0.0131289100361264,1.2001313581022408,1.1730512424393185
2020-09-14,115.355,0.0299553571428572,1,121.14950000000002,48.53223212676621,20,40,1.0,0.75,1.0,1.0,0.5,0.0,0.0149776785714286,1.0968033394877839,0.5,0.0149776785714286,1.1156145457926503,0.5,-0.5,0.5,1.0,0.5,1.5,0.0142276785714286,1.1966822185210895,0.5,0.0142276785714286,1.2172064413088115,1.2081904113534607
2020-09-15,115.54,0.0016037449612067,1,121.196125,48.76865452375488,20,40,1.0,0.75,1.0,1.0,0.5,0.0,0.00080187248060335,1.097682835902353,0.5,0.00080187248060335,1.1165091263958822,-1.0,-0.5,0.5,1.0,0.5,0.0,0.00080187248060335,1.197641805060149,0.5,0.00080187248060335,1.2181824856573102,1.2101280406378472
2020-09-16,112.13,-0.0295135883676649,1,121.0245,44.69332025833739,20,40,1.0,0.75,1.0,1.0,0.5,0.0,-0.01475679418383245,1.0814845562138165,0.5,-0.01475679418383245,1.1000330310132875,1.0,-0.5,0.5,1.0,0.5,0.0,-0.01475679418383245,1.1799684514369226,0.5,-0.01475679418383245,1.200206017438116,1.174412819774293
2020-09-17,110.34,-0.0159636136627128,1,120.756125,42.67726524191708,20,40,0.75,0.75,1.0,1.0,0.5,0.0,-0.0079818068313564,1.0728523553950227,0.5,-0.0079818068313564,1.091252779851628,0.0,-0.5,0.5,1.0,0.5,0.0,-0.0079818068313564,1.1705501711904585,0.5,-0.0079818068313564,1.1906262048490934,1.155664947238879
2020-09-18,106.84,-0.0317201377560267,1,120.184375,38.975170876545725,20,40,0.0,0.75,1.0,1.0,0.5,0.0,-0.01586006887801335,1.0558368431425187,0.5,-0.01586006887801335,1.0739454355998577,0.0,-0.5,0.5,1.0,-1.0,1.5,0.0309701377560267,1.2068022712425677,-1.0,0.0309701377560267,1.2275000624292052,1.1190070959126504
2020-09-21,110.08,0.030325720703856,1,119.469875,43.83250117664774,20,40,0.0,0.75,1.0,1.0,0.5,0.0,0.015162860351928,1.0718463497495092,0.5,0.015162860351928,1.0902295202654488,0.0,-0.5,0.5,1.0,0.5,1.5,0.014412860351928,1.2241957438503763,0.5,0.014412860351928,1.2451918494109802,1.1529417925689305
2020-09-22,111.81,0.0157158430232557,1,118.7675,46.290750480990695,20,40,1.0,0.75,1.0,1.0,0.5,0.0,0.00785792151162785,1.0802688342383657,0.5,0.00785792151162785,1.0987964582653544,0.0,-0.5,0.5,1.0,0.5,0.0,0.00785792151162785,1.2338153779204215,0.5,0.00785792151162785,1.2549764692305705,1.171061244795895
2020-09-23,107.12,-0.0419461586620159,1,117.88225,41.04601849992807,20,40,0.0,0.75,1.0,1.0,0.5,0.0,-0.02097307933100795,1.0576122702790691,0.5,-0.02097307933100795,1.0757513129775247,0.0,-0.5,0.5,1.0,0.5,0.0,-0.02097307933100795,1.207938470119479,0.5,-0.02097307933100795,1.2286557481828495,1.1219397240187485
2020-09-24,108.22,0.0102688573562359,1,116.967125,42.68620329844954,20,40,1.0,0.75,1.0,1.0,0.5,0.0,0.00513442867811795,1.0630425050499193,0.5,0.00513442867811795,1.0812746813693994,0.2,-0.5,0.5,1.0,0.5,0.0,0.00513442867811795,1.2141405440418624,0.5,0.00513442867811795,1.2349641934918538,1.1334607630069917
2020-09-25,112.28,0.03751617076326,1,116.33062499999998,48.39316429441861,20,40,0.0,0.75,1.0,1.0,0.5,0.0,0.01875808538163,1.0829831471239475,0.5,0.01875808538163,1.1015573241635215,0.0,-0.5,0.5,1.0,0.5,0.0,0.01875808538163,1.2369154960322986,0.5,0.01875808538163,1.25812975727663,1.175983870545417
2020-09-28,114.96,0.0238688991806197,1,115.83825,51.80465551645354,20,40,0.5,0.75,1.0,1.0,0.5,0.0,0.01193444959030985,1.0959079549004533,0.5,0.01193444959030985,1.1147038045195876,0.0,-0.5,0.5,1.0,0.5,0.0,0.01193444959030985,1.251677401667169,0.5,0.01193444959030985,1.2731448434429165,1.2040533109895006
2020-09-29,114.09,-0.0075678496868475,1,115.09075,50.63447600670303,20,40,1.0,0.75,1.0,1.0,0.5,0.0,-0.00378392484342375,1.0917611215638,0.5,-0.00378392484342375,1.110485849100607,-0.3333333333333333,-0.5,0.5,1.0,0.5,0.0,-0.00378392484342375,1.2469411484510486,0.5,-0.00378392484342375,1.268327359040536,1.194941216516981
2020-09-30,115.81,0.0150758173371898,1,114.17225,52.89965071797122,20,40,0.0,0.75,1.0,1.0,0.5,0.0,0.0075379086685949,1.0999907171860706,0.5,0.0075379086685949,1.1188565900088945,0.0,-0.5,0.5,1.0,0.5,0.0,0.0075379086685949,1.2563404769431856,0.5,0.0075379086685949,1.2778878948348638,1.2129559320258705
2020-10-01,116.79,0.0084621362576633,2,113.44175,54.1894605157239,20,40,1.0,0.75,1.0,1.0,0.5,0.0,0.00423106812883165,1.104644852851567,0.5,0.00423106812883165,1.1235905484676143,1.0,-0.45,1.0,1.0,0.5,0.0,0.00423106812883165,1.261656139094141,0.5,0.00423106812883165,1.283294725578919,1.2232201303972143
2020-10-02,113.02,-0.0322801609726861,2,113.04875,48.668102416996,20,40,0.0,0.75,1.0,1.0,0.5,0.0,-0.01614008048634305,1.0868157960177183,0.5,-0.01614008048634305,1.1054557065816526,0.0,-0.45,1.0,1.0,0.5,0.0,-0.01614008048634305,1.2412929074630727,0.5,-0.01614008048634305,1.262582245420376,1.183734387682962
2020-10-05,116.5,0.0307910104406299,2,112.82575,53.38917280138491,20,40,0.0,0.75,1.0,1.0,0.5,0.0,0.01539550522031495,1.1035478742788298,0.5,0.01539550522031495,1.1224747556831574,0.0,-0.45,1.0,1.0,0.5,0.0,0.01539550522031495,1.2604032388998605,0.5,0.01539550522031495,1.2820203369708223,1.2201827655730408
2020-10-06,113.16,-0.0286695278969957,2,112.84275,48.7544932757884,20,40,1.0,0.75,1.0,1.0,0.5,0.0,-0.01433476394849785,1.0877287759951761,0.5,-0.01433476394849785,1.1063843450222914,1.0,-0.45,1.0,1.0,0.5,0.0,-0.01433476394849785,1.242335655990309,0.5,-0.01433476394849785,1.2636428780631719,1.185200701736011
2020-10-07,115.08,0.0169671261930011,2,112.73075,51.368025534189265,20,40,1.0,0.75,1.0,1.0,0.5,0.0,0.00848356309650055,1.0969565916982105,0.5,0.00848356309650055,1.1157704264222685,1.0,-0.45,1.0,1.0,0.5,0.0,0.00848356309650055,1.2528750889149352,0.5,0.00848356309650055,1.2743630721506645,1.2053101516063995
2020-10-08,114.97,-0.0009558567952728,2,112.80474999999998,51.206895440660354,20,40,1.0,0.75,1.0,1.0,0.5,0.0,-0.0004779283976364,1.0964323249920636,0.5,-0.0004779283976364,1.1152371680502384,0.6666666666666666,-0.45,1.0,1.0,0.5,0.0,-0.0004779283976364,1.2522763043312515,0.5,-0.0004779283976364,1.2737540178495845,1.2041580477075753
2020-10-09,116.97,0.0173958423936679,2,113.05324999999998,54.030326570831626,20,40,1.0,0.75,1.0,1.0,0.5,0.0,0.00869792119683395,1.1059690069525059,0.5,0.00869792119683395,1.1249374130537195,1.0,-0.45,1.0,1.0,0.5,0.0,0.00869792119683395,1.263168504942987,0.5,0.00869792119683395,1.2848330299209907,1.2251053913225631
2020-10-12,124.4,0.0635205608275626,2,113.50549999999998,62.671985775735415,20,40,1.0,0.75,1.0,1.0,0.5,0.0,0.0317602804137813,1.1410948927422688,0.5,0.0317602804137813,1.1606657407402594,1.0,-0.45,1.0,1.0,0.5,0.0,0.0317602804137813,1.3032870908698333,0.5,0.0317602804137813,1.3256396872361695,1.3029247728522428
2020-10-13,121.1,-0.0265273311897107,2,113.78349999999998,57.50168184134097,20,40,1.0,0.75,1.0,1.0,0.5,0.0,-0.01326366559485535,1.125959791672938,0.5,-0.01326366559485535,1.1452710584876755,0.0,-0.45,1.0,1.0,0.5,0.0,-0.01326366559485535,1.286000726722444,0.5,-0.01326366559485535,1.3080568457254003,1.2683616558875128
2020-10-14,121.19,0.0007431874483898,2,114.2365,57.604406944438495,20,40,0.0,0.75,1.0,1.0,0.5,0.0,0.0003715937241949,1.1263781912652193,0.5,0.0003715937241949,1.1456966340255115,0.0,-0.45,1.0,1.0,0.5,0.0,0.0003715937241949,1.286478596521804,0.5,0.0003715937241949,1.3085429114401619,1.2693042863501873
2020-10-15,120.71,-0.0039607228319168,2,114.755,56.81562664580132,20,40,0.0,0.75,1.0,1.0,0.5,0.0,-0.0019803614159584,1.1241475553554607,0.5,-0.0019803614159584,1.143427740617094,0.0,-0.45,1.0,1.0,0.5,0.0,-0.0019803614159584,1.2839309039467959,0.5,-0.0019803614159584,1.3059515235472199,1.2642769238825902
2020-10-16,119.02,-0.0140004970590671,2,115.364,54.01138269986385,20,40,1.0,0.75,1.0,1.0,0.5,0.0,-0.00700024852953355,1.116278243084105,0.5,-0.00700024852953355,1.1354234622572115,0.4,-0.45,1.0,1.0,0.5,0.0,-0.00700024852953355,1.2749430685244196,0.5,-0.00700024852953355,1.2968095383148663,1.2465764185279256
2020-10-19,115.98,-0.0255419257267685,2,115.659,49.297840024831615,20,40,0.0,0.75,1.0,1.0,0.5,0.0,-0.01277096286338425,1.102022295096474,0.5,-0.01277096286338425,1.1209230113865094,0.0,-0.45,1.0,1.0,0.5,0.0,-0.01277096286338425,1.258660817943365,0.5,-0.01277096286338425,1.2802480318601646,1.2147364562331442
2020-10-20,117.51,0.0131919296430418,2,115.944,51.58775773774279,20,40,1.0,0.75,1.0,1.0,0.5,0.0,0.0065959648215209,1.109291195387462,0.5,0.0065959648215209,1.128316580137248,0.0,-0.45,1.0,1.0,0.5,0.0,0.0065959648215209,1.2669629004207459,0.5,0.0065959648215209,1.2886925028411353,1.2307611740986097
2020-10-21,116.87,-0.0054463449919155,2,116.4315,50.55911142327301,20,40,1.0,0.75,1.0,1.0,0.5,0.0,-0.00272317249595775,1.1062704041141747,0.5,-0.00272317249595775,1.125243979459485,0.0,-0.45,1.0,1.0,0.5,0.0,-0.00272317249595775,1.2635127418969212,0.5,-0.00272317249595775,1.2851831708616515,1.2240580241418137
2020-10-22,115.75,-0.0095832976811842,2,116.808,48.727975743006816,20,40,1.0,0.75,1.0,1.0,0.5,0.0,-0.0047916488405921,1.1009695448149195,0.5,-0.0047916488405921,1.1198522054499247,0.0,-0.45,1.0,1.0,0.5,0.0,-0.0047916488405921,1.2574584325321374,0.5,-0.0047916488405921,1.2790250244110437,1.2123275117174206
2020-10-23,115.04,-0.0061339092872569,2,116.946,47.55222055440537,20,40,1.0,0.75,1.0,1.0,0.5,0.0,-0.00306695464362845,1.0975929211569557,0.5,-0.00306695464362845,1.1164176695282424,-0.5,-0.45,1.0,1.0,0.5,0.0,-0.00306695464362845,1.2536018645533131,0.5,-0.00306695464362845,1.2751023126731091,1.2048912047341
2020-10-26,115.05,8.692628650885936e-05,2,116.9505,47.57140870229833,20,40,0.0,0.75,1.0,1.0,0.5,0.0,4.346314325442968e-05,1.097640625995323,0.5,4.346314325442968e-05,1.1164661925493449,0.0,-0.45,1.0,1.0,0.5,0.0,4.346314325442968e-05,1.2536563500307363,0.5,4.346314325442968e-05,1.275157732627589,1.2049959414521747
2020-10-27,116.6,0.0134724033029116,2,117.076,50.58890542941047,20,40,1.0,0.75,1.0,1.0,0.5,0.0,0.0067362016514558,1.1050345545928577,0.5,0.0067362016514558,1.1239869339593904,0.0,-0.45,1.0,1.0,0.5,0.0,0.0067362016514558,1.2621012320061713,0.5,0.0067362016514558,1.2837474522519816,1.2212301327537902
2020-10-28,111.2,-0.04631217838765,2,116.8455,41.6049027102245,20,40,1.0,0.75,1.0,1.0,0.5,0.0,-0.023156089193825,1.079446275884447,0.5,-0.023156089193825,1.097959792263933,1.0,-0.45,1.0,1.0,0.5,0.0,-0.023156089193825,1.2328759033062,0.5,-0.023156089193825,1.2540208817452891,1.1646723049933232
2020-10-29,115.32,0.03705035971223,2,116.772,49.04067972956857,20,40,0.0,0.75,1.0,1.0,0.5,0.0,0.018525179856115,1.0994432122902198,0.5,0.018525179856115,1.1182996948904051,0.0,-0.45,1.0,1.0,0.5,0.0,0.018525179856115,1.2557151511552176,0.5,0.018525179856115,1.2772518441229446,1.207823832840198
2020-10-30,108.86,-0.0560180367672562,2,116.564,40.36218135748704,20,40,0.6666666666666666,0.75,1.0,1.0,0.5,0.0,-0.0280090183836281,1.0686488871454278,0.5,-0.0280090183836281,1.0869772181778141,0.0,-0.45,1.0,1.0,0.5,0.0,-0.0280090183836281,1.2205438024019106,0.5,-0.0280090183836281,1.241477273740382,1.1401639129637875
2020-11-02,108.77,-0.0008267499540695,2,116.1775,40.255299046046595,20,40,0.3333333333333333,0.75,1.0,1.0,0.5,0.0,-0.00041337497703475,1.0682071344362458,1.0,-0.0010767499540695002,1.0858068155080667,0.0,-0.45,1.0,1.0,0.5,0.0,-0.00041337497703475,1.220039260135623,1.0,-0.0010767499540695002,1.2401405131429037,1.139221282501113
2020-11-03,110.44,0.0153534982072263,2,116.0415,43.25788450017426,20,40,1.0,0.75,1.0,1.0,0.5,0.0,0.00767674910361315,1.0764074925980025,1.0,0.0153534982072263,1.1024777485033639,0.0,-0.45,1.0,1.0,0.5,0.0,0.00767674910361315,1.229405195432242,1.0,0.0153534982072263,1.259181008288152,1.1567123144196279
2020-11-04,114.95,0.0408366533864541,2,116.035,50.49389949250393,20,40,0.0,0.75,1.0,1.0,0.5,0.0,0.02041832669322705,1.0983859324369059,1.0,0.0408366533864541,1.147499250185274,0.0,-0.45,1.0,1.0,0.5,0.0,0.02041832669322705,1.2545075923509281,1.0,0.0408366533864541,1.310601746674421,1.2039485742714253
2020-11-05,119.03,0.0354936929099607,2,116.238,55.96483804648432,20,40,0.0,0.75,1.0,1.0,0.5,0.0,0.01774684645498035,1.117878818928174,0.5,0.01749684645498035,1.1675768683729708,0.0,-0.45,1.0,1.0,0.5,0.0,0.01774684645498035,1.2767711459689872,0.5,0.01749684645498035,1.3335331441996123,1.2466811552460004
2020-11-06,118.69,-0.002856422750567,2,116.324,55.41525178710416,20,40,0.0,0.75,1.0,1.0,0.5,0.0,-0.0014282113752835,1.1162822516827924,0.5,-0.0014282113752835,1.1659093218080427,0.0,-0.45,1.0,1.0,0.5,0.0,-0.0014282113752835,1.2749476468946805,0.5,-0.0014282113752835,1.3316285769937488,1.2431201068314526
2020-11-09,116.32,-0.0199679838234055,2,115.92,51.61061044306903,20,40,-0.3333333333333333,0.75,1.0,1.0,0.5,0.0,-0.00998399191170275,1.1051372987108141,0.5,-0.00998399191170275,1.1542688925693325,-0.3333333333333333,-0.45,1.0,1.0,0.5,0.0,-0.00998399191170275,1.2622185799002397,0.5,-0.00998399191170275,1.318333608051651,1.218297504647692
2020-11-10,115.97,-0.0030089408528197,2,115.6635,51.05315345167049,20,40,-1.0,0.75,1.0,1.0,0.5,0.0,-0.00150447042640985,1.1034746523277812,0.5,-0.00150447042640985,1.152532329156337,-1.0,-0.45,1.0,1.0,0.5,0.0,-0.00150447042640985,1.2603196093751148,0.5,-0.00150447042640985,1.3163502141261951,1.2146317195150693
2020-11-11,119.49,0.0303526774165732,2,115.5785,56.179510991008755,20,40,1.0,0.75,1.0,1.0,1.0,0.5,0.0301026774165732,1.1366921938241696,1.0,0.0301026774165732,1.1872266380731018,0.6666666666666666,-0.45,1.0,1.0,0.5,0.0,0.0151763387082866,1.279446646647687,0.5,0.0151763387082866,1.3363275908344998,1.2514990442774478
2020-11-12,119.21,-0.0023432923257176,2,115.5035,55.67995621882241,20,40,0.0,0.75,1.0,1.0,1.0,0.0,-0.0023432923257176,1.1340285917296784,1.0,-0.0023432923257176,1.1844446190032176,0.0,-0.45,1.0,1.0,1.0,0.5,-0.0025932923257176,1.2761286674777705,1.0,-0.0025932923257176,1.332862102748544,1.2485664161713497
2020-11-13,119.26,0.0004194279003439,2,115.5155,55.755615110581495,20,40,1.0,0.75,1.0,1.0,0.5,0.5,-4.028604982805e-05,1.1339829061973254,0.5,-4.028604982805e-05,1.1843969024082779,0.0,-0.45,1.0,1.0,0.5,0.5,-4.028604982805e-05,1.2760772572946855,0.5,-4.028604982805e-05,1.3328084069994588,1.2490900997617245
2020-11-16,120.3,0.0087204427301692,2,115.7315,57.38516848109484,20,40,0.0,0.75,1.0,1.0,0.5,0.0,0.0043602213650846,1.1389273226925678,0.5,0.0043602213650846,1.1895611350868984,0.0,-0.45,1.0,1.0,0.5,0.0,0.0043602213650846,1.2816412366154404,0.5,0.0043602213650846,1.3386197466912222,1.259982718441518
2020-11-17,119.39,-0.0075644222776392,2,115.8255,55.460367177534806,20,40,0.0,0.75,1.0,1.0,0.5,0.0,-0.0037822111388196,1.134619659086374,0.5,-0.0037822111388196,1.1850619637114659,0.0,-0.45,1.0,1.0,0.5,0.0,-0.0037822111388196,1.276793798854343,0.5,-0.0037822111388196,1.3335568041746428,1.2504516770966985
2020-11-18,118.03,-0.0113912387972191,2,115.8835,52.619721987537794,20,40,0.0,0.75,1.0,1.0,0.5,0.0,-0.00569561939860955,1.1281572973460379,0.5,-0.00569561939860955,1.1783123018023967,0.0,-0.45,1.0,1.0,0.5,0.0,-0.00569561939860955,1.2695216673255638,0.5,-0.00569561939860955,1.3259613721716381,1.2362074834385068
2020-11-19,118.64,0.0051681775819707,2,116.028,53.763636399236425,20,40,0.0,0.75,1.0,1.0,0.5,0.0,0.00258408879098535,1.131072555972578,0.5,0.00258408879098535,1.1813571654137645,0.0,-0.45,1.0,1.0,0.5,0.0,0.00258408879098535,1.2728022240360128,0.5,0.00258408879098535,1.3293877740907465,1.2425964232410782
2020-11-20,117.34,-0.0109575185434929,2,116.143,50.940959011282445,20,40,0.0,0.75,1.0,1.0,0.5,0.0,-0.00547875927174645,1.1248756817195253,0.5,-0.00547875927174645,1.1748847938905096,0.0,-0.45,1.0,1.0,0.5,0.0,-0.00547875927174645,1.2658288470499761,0.5,-0.00547875927174645,1.3221043784977005,1.228980649891336
2020-11-23,113.85,-0.029742628259758,2,116.083,44.22769572549312,20,40,1.0,0.75,1.0,1.0,0.5,0.0,-0.014871314129879,1.1081473020996124,0.5,-0.014871314129879,1.1574127130541456,0.0,-0.45,1.0,1.0,0.5,0.0,-0.014871314129879,1.2470043086308333,0.5,-0.014871314129879,1.3024429489725728,1.1924275352831821
2020-11-24,115.17,0.0115942028985507,2,116.0115,47.06895098129285,20,40,0.0,0.75,1.0,1.0,0.5,0.0,0.00579710144927535,1.1145713444306247,0.5,0.00579710144927535,1.1641223519704014,0.0,-0.45,1.0,1.0,0.5,0.0,0.00579710144927535,1.2542333191156496,0.5,0.00579710144927535,1.3099933428796602,1.206252782069074
2020-11-25,116.03,0.0074672223669358,2,116.253,48.89561645993461,20,40,1.0,0.75,1.0,1.0,0.5,0.0,0.0037336111834679,1.1187327204669637,0.5,0.0037336111834679,1.168468732202643,0.5,-0.45,1.0,1.0,0.5,0.0,0.0037336111834679,1.2589161386625778,0.5,0.0037336111834679,1.314884348674904,1.2152601398235188
2020-11-27,116.59,0.0048263380160302,2,116.3165,50.10314105824691,20,40,0.0,0.75,1.0,1.0,0.5,0.0,0.0024131690080151,1.121432411596247,0.5,0.0024131690080151,1.1712884447340293,0.0,-0.45,1.0,1.0,0.5,0.0,0.0024131690080151,1.2619541160720884,0.5,0.0024131690080151,1.3180573868342504,1.2211253960357153
2020-11-30,119.05,0.0210995797238184,2,116.826,55.119901855398226,20,40,1.0,0.75,1.0,1.0,0.5,0.0,0.0105497898619092,1.1332632878829214,0.5,0.0105497898619092,1.1836452916936557,0.0,-0.45,1.0,1.0,0.5,0.0,0.0105497898619092,1.2752674668120203,0.5,0.0105497898619092,1.331962615291289,1.2468906286821504
2020-12-01,122.72,0.0308273834523309,2,117.52349999999998,61.361379754997394,20,40,1.0,0.75,1.0,1.0,0.5,0.0,0.01541369172616545,1.1507310588469293,0.5,0.01541369172616545,1.201889635332949,0.0,-0.45,1.0,1.0,0.5,0.0,0.01541369172616545,1.2949240464138685,0.5,0.01541369172616545,1.3524930764341658,1.285329004215653
2020-12-02,123.08,0.0029335071707952,2,118.1555,61.920805580135976,20,40,0.0,0.75,1.0,1.0,0.5,0.0,0.0014667535853976,1.1524188977533214,0.5,0.0014667535853976,1.2036525112648258,0.0,-0.45,1.0,1.0,0.5,0.0,0.0014667535853976,1.2968233809017635,0.5,0.0014667535853976,1.3544768505032512,1.2890995260663507
2020-12-03,122.94,-0.0011374715632109,2,118.555,61.547605027824254,20,40,0.0,0.75,1.0,1.0,0.5,0.0,-0.00056873578160545,1.1517634758907709,0.5,-0.00056873578160545,1.2029679510130502,0.0,-0.45,1.0,1.0,0.5,0.0,-0.00056873578160545,1.2960858310426222,0.5,-0.00056873578160545,1.3537065110530138,1.2876332120133016
2020-12-04,122.25,-0.0056124938994631,2,118.71599999999998,59.63974207453501,20,40,-1.0,0.75,1.0,1.0,0.5,0.0,-0.00280624694973155,1.1485313431497401,0.5,-0.00280624694973155,1.199592125869895,-1.0,-0.45,1.0,1.0,0.5,0.0,-0.00280624694973155,1.2924486941326685,0.5,-0.00280624694973155,1.3499076762855395,1.280406378466131
2020-12-07,123.75,0.0122699386503066,2,118.969,62.37054756472423,20,40,0.3333333333333333,0.75,1.0,1.0,0.5,0.0,0.0061349693251533,1.155577547708941,0.5,0.0061349693251533,1.2069515867648022,-0.3333333333333333,-0.45,1.0,1.0,0.5,0.0,0.0061349693251533,1.3003778272255069,0.5,0.0061349693251533,1.3581893184713403,1.2961168861773718
2020-12-08,124.38,0.005090909090909,2,119.372,63.48794353917636,20,40,0.0,0.75,1.0,1.0,1.0,0.5,0.004840909090909,1.1611715935648954,1.0,0.004840909090909,1.212794329673459,0.0,-0.45,1.0,1.0,1.0,0.5,0.004840909090909,1.3066728380709394,1.0,0.004840909090909,1.3647641894903035,1.3027152994160929
2020-12-09,121.78,-0.0209036822640295,2,119.6625,56.08591891739688,20,40,1.0,0.75,1.0,1.0,1.0,0.0,-0.0209036822640295,1.136898831518998,1.0,-0.0209036822640295,1.1874424623543482,0.0,-0.45,1.0,1.0,0.5,0.5,-0.01070184113201475,1.2926890329463854,0.5,-0.01070184113201475,1.3501586999517154,1.2754837527166087
2020-12-10,123.24,0.0119888323205781,2,119.85,58.978185520642555,20,40,1.0,0.75,1.0,1.0,0.5,0.5,0.00574441616028905,1.1434296515393896,0.5,0.00574441616028905,1.19426362602451,0.0,-0.45,1.0,1.0,0.5,0.0,0.00599441616028905,1.3004379489757074,0.5,0.00599441616028905,1.3582521130816607,1.29077531355555
2020-12-11,122.41,-0.0067348263550794,3,122.56,56.692228947644054,10,40,1.0,1.0,1.0,1.0,0.5,0.0,-0.0033674131775397,1.1395792514632062,0.5,-0.0033674131775397,1.1902420469527788,0.0,-0.3333333333333333,1.0,1.0,0.5,0.0,-0.0033674131775397,1.296058837089754,0.5,-0.0033674131775397,1.3536783170176483,1.2820821659553303
2020-12-14,121.78,-0.0051466383465402,3,122.833,54.95121982640917,10,40,0.5,1.0,1.0,1.0,0.5,0.0,-0.0025733191732701,1.1366467503259552,0.5,-0.0025733191732701,1.187179174272523,-0.1666666666666667,-0.3333333333333333,1.0,1.0,0.5,0.0,-0.0025733191732701,1.2927236640345847,0.5,-0.0025733191732701,1.3501948706500269,1.2754837527166094
2020-12-15,127.88,0.0500903268188537,3,123.349,65.87788100118837,10,40,-0.2,1.0,1.0,1.0,0.5,0.0,0.02504516340942685,1.1651142539266628,0.5,0.02504516340942685,1.2169122706884468,-0.4,-0.3333333333333333,1.0,1.0,0.5,0.0,0.02504516340942685,1.325100139443564,0.5,0.02504516340942685,1.3840107218200268,1.3393731507423223
2020-12-16,127.81,-0.0005473881764153,3,123.82199999999996,65.68100303906527,10,40,0.75,1.0,1.0,1.0,1.0,0.5,-0.0007973881764153,1.1641852055964088,1.0,-0.0007973881764153,1.215941919232065,0.8333333333333334,-0.3333333333333333,1.0,1.0,0.5,0.0,-0.00027369408820765,1.3247374673691152,0.5,-0.00027369408820765,1.3836319262674486,1.3386399937157978
2020-12-17,128.7,0.0069634613879976,3,124.398,67.03012566484166,10,40,-1.0,1.0,1.0,1.0,1.0,0.0,0.0069634613879976,1.1722919643240575,1.0,0.0069634613879976,1.2244090838366852,-0.5,-0.3333333333333333,1.0,1.0,1.0,0.5,0.0067134613879976,1.3336310412055314,1.0,0.0067134613879976,1.3929208857796458,1.3479615616244671
2020-12-18,126.655,-0.0158896658896657,3,124.8385,61.08776428510816,10,40,0.0,1.0,1.0,1.0,1.0,0.0,-0.0158896658896657,1.1536646366858083,1.0,-0.0158896658896657,1.2049536325822487,0.0,-0.3333333333333333,1.0,1.0,0.5,0.5,-0.00819483294483285,1.3227021576128086,0.5,-0.00819483294483285,1.381506131815313,1.3265429027781424
2020-12-21,128.23,0.0124353558880421,3,125.2865,63.75298512888341,10,40,-1.0,1.0,1.0,1.0,1.0,0.0,0.0124353558880421,1.1680108670184453,1.0,0.0124353558880421,1.2199376598319982,-1.0,-0.3333333333333333,1.0,1.0,1.0,0.5,0.0121853558880421,1.3388197541372018,1.0,0.0121853558880421,1.398340275692995,1.343038935874945
2020-12-22,131.88,0.028464477891289,3,126.03649999999998,69.04451882312367,10,40,0.3333333333333333,1.0,1.0,1.0,0.5,0.5,0.0139822389456445,1.1843422740522067,0.5,0.0139822389456445,1.2369951196905595,0.0,-0.3333333333333333,1.0,1.0,0.5,0.5,0.0139822389456445,1.3575394518446973,0.5,0.0139822389456445,1.417892203555053,1.3812678379722978
2020-12-23,130.96,-0.0069760388231724,3,126.95449999999998,66.41279259665217,10,40,1.0,1.0,1.0,1.0,1.0,0.5,-0.007226038823172401,1.1757841707999812,1.0,-0.007226038823172401,1.2280565449316008,0.3333333333333333,-0.3333333333333333,1.0,1.0,1.0,0.5,-0.007226038823172401,1.3477298190616793,1.0,-0.007226038823172401,1.4076464594450906,1.3716320599094036
2020-12-24,131.97,0.0077122785583383,3,127.8275,67.86109996357698,10,40,1.0,1.0,1.0,1.0,1.0,0.0,0.0077122785583383,1.1848521458496755,1.0,0.0077122785583383,1.2375276590915039,0.0,-0.3333333333333333,1.0,1.0,0.5,0.5,0.00360613927916915,1.352589920499905,0.5,0.00360613927916915,1.412722628633679,1.3822104684349723
2020-12-28,136.69,0.0357657043267409,3,129.2555,73.59205237174123,10,40,1.0,1.0,1.0,1.0,0.5,0.5,0.01763285216337045,1.205744468572895,0.5,0.01763285216337045,1.2593488013523462,0.6666666666666666,-0.3333333333333333,1.0,1.0,0.5,0.0,0.01788285216337045,1.3767780860858698,0.5,0.01788285216337045,1.437986138549383,1.4316461993663436
2020-12-29,134.87,-0.01331479991221,3,130.5645,68.51843947010671,10,40,1.0,1.0,1.0,1.0,0.5,0.0,-0.006657399956105,1.197717345400744,0.5,-0.006657399956105,1.2509648126975021,0.0,-0.3333333333333333,1.0,1.0,0.5,0.0,-0.006657399956105,1.3676123237159954,0.5,-0.006657399956105,1.4284128896937247,1.4125841166767048
2020-12-30,133.72,-0.0085267294431675,3,131.14849999999998,65.44804464262695,10,40,1.0,1.0,1.0,1.0,0.5,0.0,-0.00426336472158375,1.1926110395239335,0.5,-0.00426336472158375,1.245631493447105,0.25,-0.3333333333333333,1.0,1.0,0.5,0.0,-0.00426336472158375,1.3617816935822615,0.5,-0.00426336472158375,1.422323044571949,1.4005393940980868
2020-12-31,132.69,-0.0077026622793897,3,131.6365,62.73641407072554,10,40,0.0,1.0,1.0,1.0,0.5,0.0,-0.00385133113969485,1.1880178994898711,0.5,-0.00385133113969485,1.2408341540878076,0.0,-0.3333333333333333,1.0,1.0,0.5,0.0,-0.00385133113969485,1.3565370213403019,0.5,-0.00385133113969485,1.4168452075396836,1.3897515121363682
2021-01-04,129.41,-0.0247192704800662,3,131.7075,54.931366552646715,10,40,1.0,1.0,1.0,1.0,0.5,0.0,-0.0123596352400331,1.173334431593546,0.5,-0.0123596352400331,1.2254978965499073,0.0,-0.3333333333333333,1.0,1.0,0.5,0.0,-0.0123596352400331,1.3397707185669347,0.5,-0.0123596352400331,1.399333517582904,1.3553978686077883
2021-01-05,131.01,0.0123638049609766,3,132.143,57.69618259855131,10,40,0.8,1.0,1.0,1.0,0.5,0.0,0.0061819024804883,1.1805878706266564,0.5,0.0061819024804883,1.2330738050364223,0.5,-0.3333333333333333,1.0,1.0,0.5,0.0,0.0061819024804883,1.3480530504953294,0.5,0.0061819024804883,1.4079840609262801,1.3721557434997784
2021-01-06,126.6,-0.0336615525532402,3,131.98,48.80846422945667,10,40,1.0,1.0,1.0,1.0,0.5,0.0,-0.0168307762766201,1.160717660301248,0.5,-0.0168307762766201,1.2123202156912936,0.0,-0.3333333333333333,1.0,1.0,0.5,0.0,-0.0168307762766201,1.3253642711934273,0.5,-0.0168307762766201,1.3842865961957829,1.3259668508287303
2021-01-07,130.92,0.034123222748815,3,131.884,55.96454925046641,10,40,1.0,1.0,1.0,1.0,0.5,0.0,0.0170616113744075,1.1805213739367193,0.5,0.0170616113744075,1.2330043520727563,0.6666666666666666,-0.3333333333333333,1.0,1.0,0.5,0.0,0.0170616113744075,1.3479771213180545,0.5,0.0170616113744075,1.4079047561308766,1.371213113037104
2021-01-08,132.05,0.0086312251756799,3,131.993,57.632892940912654,10,40,1.0,1.0,1.0,1.0,0.5,0.0,0.00431561258783995,1.1856160468382946,0.5,0.00431561258783995,1.2383255211754227,0.25,-0.3333333333333333,1.0,1.0,0.5,0.0,0.00431561258783995,1.3537944683509349,0.5,0.00431561258783995,1.4139807276189147,1.3830483621795722
2021-01-11,128.98,-0.0232487694055283,3,131.69400000000002,51.88189129583264,10,40,0.0,1.0,1.0,1.0,0.5,0.0,-0.01162438470276415,1.1718339898000758,0.5,-0.01162438470276415,1.2239307489300286,0.0,-0.3333333333333333,1.0,1.0,0.5,0.0,-0.01162438470276415,1.3380574406423495,0.5,-0.01162438470276415,1.397544071678778,1.3508941897305657
2021-01-12,128.8,-0.0013955652039073,3,130.905,51.557043525546966,10,40,0.3333333333333333,1.0,1.0,1.0,0.5,0.0,-0.00069778260195365,1.1710163044296154,0.5,-0.00069778260195365,1.2230767113474292,0.0,-0.3333333333333333,1.0,1.0,0.5,0.0,-0.00069778260195365,1.3371237674398546,0.5,-0.00069778260195365,1.396568889740097,1.3490089288052172
2021-01-13,130.89,0.0162267080745339,3,130.507,55.07440042083618,10,40,1.0,1.0,1.0,1.0,0.5,0.0,0.00811335403726695,1.1805171742908647,0.5,0.00811335403726695,1.232999965721327,0.2,-0.3333333333333333,1.0,1.0,0.5,0.0,0.00811335403726695,1.3479723259567382,0.5,0.00811335403726695,1.407899747579991,1.3708989028828793
2021-01-14,128.91,-0.0151272060508823,3,130.026,51.27597738064741,10,40,0.5,1.0,1.0,1.0,1.0,0.5,-0.015377206050882301,1.1623641184551887,1.0,-0.015377206050882301,1.2140398711876994,0.0,-0.3333333333333333,1.0,1.0,0.5,0.0,-0.00756360302544115,1.3377767983939208,0.5,-0.00756360302544115,1.3972509527896773,1.3501610327040416
2021-01-15,127.14,-0.0137305096579007,3,129.471,48.08339965426517,10,40,0.0,1.0,1.0,1.0,0.5,0.5,-0.00711525482895035,1.1540936015483518,0.5,-0.00711525482895035,1.2054016681316928,-0.2666666666666667,-0.3333333333333333,1.0,1.0,0.5,0.0,-0.00686525482895035,1.3285926197686893,0.5,-0.00686525482895035,1.3876584689387823,1.3316226336047776
2021-01-19,127.83,0.005427088249174,3,129.313,49.40587661673986,10,40,0.3333333333333333,1.0,1.0,1.0,0.5,0.0,0.002713544124587,1.1572252854600567,0.5,0.002713544124587,1.2086725787460189,-0.4,-0.3333333333333333,1.0,1.0,0.5,0.0,0.002713544124587,1.332197814466032,0.5,0.002713544124587,1.3914239414241043,1.3388494671519482
2021-01-20,132.03,0.0328561370570288,3,129.415,56.645285169582955,10,40,1.0,1.0,1.0,1.0,0.5,0.0,0.0164280685285144,1.176236261752524,0.5,0.0164280685285144,1.2285287346981946,0.0,-0.3333333333333333,1.0,1.0,0.5,0.0,0.0164280685285144,1.354083251455617,0.5,0.0164280685285144,1.414282349286035,1.3828388887434226
2021-01-21,136.87,0.0366583352268423,3,130.442,63.18307913156013,10,40,1.0,1.0,1.0,1.0,1.0,0.5,0.0364083352268423,1.2190610658763776,1.0,0.0364083352268423,1.2732574207068947,0.2,-0.3333333333333333,1.0,1.0,1.0,0.5,0.0364083352268423,1.4033831683996656,1.0,0.0364083352268423,1.465774015164247,1.4335314602916933
2021-01-22,139.07,0.0160736465259003,3,131.257,65.71397369167579,10,40,0.5714285714285714,1.0,1.0,1.0,0.5,0.5,0.0077868232629501495,1.2285536789431006,0.5,0.0077868232629501495,1.283172051210179,0.125,-0.3333333333333333,1.0,1.0,0.5,0.5,0.0077868232629501495,1.4143110651021926,0.5,0.0077868232629501495,1.477187738363756,1.4565735382681797
2021-01-25,142.92,0.0276839001941466,3,132.344,69.64639145556583,10,40,-0.2,1.0,1.0,1.0,0.5,0.0,0.0138419500970733,1.2455592576586068,0.5,0.0138419500970733,1.3009336547089894,-0.5,-0.3333333333333333,1.0,1.0,0.5,0.0,0.0138419500970733,1.4338878882870756,0.5,0.0138419500970733,1.4976348973221956,1.496897174727031
2021-01-26,143.16,0.001679261125105,3,133.762,69.87832141967323,10,40,0.5,1.0,1.0,1.0,1.0,0.5,0.001429261125105,1.2473394870845929,1.0,0.001429261125105,1.3027930286080056,-0.1428571428571428,-0.3333333333333333,1.0,1.0,0.5,0.0,0.0008396305625525,1.435091824381355,0.5,0.0008396305625525,1.4988923573535324,1.4994108559608297
2021-01-27,142.06,-0.0076837105336685,3,135.08800000000002,67.33865263476162,10,40,0.0,1.0,1.0,1.0,1.0,0.0,-0.0076837105336685,1.2377552915286203,1.0,-0.0076837105336685,1.2927827440909005,0.0,-0.3333333333333333,1.0,1.0,1.0,0.5,-0.0079337105336685,1.4237062212574791,1.0,-0.0079337105336685,1.4870005792691614,1.4878898169725867
2021-01-28,137.09,-0.0349852175137266,3,135.708,57.21983824368998,10,40,0.4,1.0,1.0,1.0,1.0,0.0,-0.0349852175137266,1.1944521534257253,1.0,-0.0349852175137266,1.247554458590888,-0.25,-0.3333333333333333,1.0,1.0,0.5,0.5,-0.0177426087568633,1.3984459587889955,0.5,-0.0177426087568633,1.4606173097699595,1.4358356680893418
2021-01-29,131.96,-0.037420672550879,3,136.013,49.030041428426166,10,40,0.0,1.0,1.0,1.0,0.5,0.5,-0.0189603362754395,1.1718049389318508,0.5,-0.0189603362754395,1.2239004065340808,0.4,-0.3333333333333333,1.0,1.0,0.5,0.0,-0.0187103362754395,1.372280564637024,0.5,-0.0187103362754395,1.4332886687344357,1.3821057317168979
2021-02-01,134.14,0.0165201576235221,3,136.713,52.16340352682405,10,40,1.0,1.0,1.0,1.0,0.5,0.0,0.00826007881176105,1.1814841400794387,0.5,0.00826007881176105,1.2340099203497987,1.0,-0.3333333333333333,1.0,1.0,0.5,0.0,0.00826007881176105,1.3836157102527737,0.5,0.00826007881176105,1.4451277460981862,1.4049383362572343
2021-02-02,134.99,0.0063366631877144,3,137.429,53.36715094973775,10,40,1.0,1.0,1.0,1.0,0.5,0.0,0.0031683315938572,1.1852274736080934,0.5,0.0031683315938572,1.237919672967576,0.5,-0.3333333333333333,1.0,1.0,0.5,0.0,0.0031683315938572,1.3879994636213246,0.5,0.0031683315938572,1.4497063899933085,1.4138409572936042
2021-02-03,133.94,-0.0077783539521446,3,137.62,51.638513619144135,10,40,1.0,1.0,1.0,1.0,0.5,0.0,-0.0038891769760723,1.1806179142063284,0.5,-0.0038891769760723,1.2331051842772436,0.5,-0.3333333333333333,1.0,1.0,0.5,0.0,-0.0038891769760723,1.382601288064608,0.5,-0.0038891769760723,1.4440682252792816,1.4028436018957355
2021-02-04,137.39,0.0257578020008959,3,137.67199999999997,56.61151761886047,10,40,0.5,1.0,1.0,1.0,0.5,0.0,0.01287890100044795,1.1958229754427472,0.5,0.01287890100044795,1.2489862238686893,0.4,-0.3333333333333333,1.0,1.0,0.5,0.0,0.01287890100044795,1.400407673176684,0.5,0.01287890100044795,1.462666236990546,1.4389777696315895
2021-02-05,136.76,-0.004585486571075,3,137.44099999999997,55.4894077158455,10,40,1.0,1.0,1.0,1.0,0.5,0.0,-0.0022927432855375,1.1930812603451093,0.5,-0.0022927432855375,1.2461226190901855,-0.125,-0.3333333333333333,1.0,1.0,0.5,0.0,-0.0022927432855375,1.3971968978869929,0.5,-0.0022927432855375,1.4593127187967037,1.4323793563928684
2021-02-08,136.91,0.0010968119333139,3,136.83999999999995,55.71448294984098,10,40,0.6666666666666666,1.0,1.0,1.0,0.5,0.0,0.00054840596665695,1.193735553226989,0.5,0.00054840596665695,1.2468060001696808,0.0,-0.3333333333333333,1.0,1.0,0.5,0.0,0.00054840596665695,1.3979631290023886,0.5,0.00054840596665695,1.46011301459891,1.4339504071639926
2021-02-09,136.01,-0.0065736615294719,3,136.125,53.95167420272358,10,40,1.0,1.0,1.0,1.0,0.5,0.0,-0.00328683076473595,1.1898119464856836,0.5,-0.00328683076473595,1.2427079598506658,0.1666666666666667,-0.3333333333333333,1.0,1.0,0.5,0.0,-0.00328683076473595,1.393368260782017,0.5,-0.00328683076473595,1.455313870222535,1.4245241025372481
2021-02-10,135.39,-0.0045584883464451,3,135.45800000000003,52.71430461500136,10,40,1.0,1.0,1.0,1.0,0.5,0.0,-0.00227924417322255,1.1871000745394256,0.5,-0.00227924417322255,1.2398755249741589,0.3333333333333333,-0.3333333333333333,1.0,1.0,0.5,0.0,-0.00227924417322255,1.3901924342924763,0.5,-0.00227924417322255,1.4519968545636204,1.418030426016602
2021-02-11,135.13,-0.0019203781667773,3,135.262,52.17390602763705,10,40,0.5,1.0,1.0,1.0,0.5,0.0,-0.00096018908338865,1.1859602340069628,0.5,-0.00096018908338865,1.238685010030318,0.2222222222222222,-0.3333333333333333,1.0,1.0,0.5,0.0,-0.00096018908338865,1.388857586693259,0.5,-0.00096018908338865,1.4506026630347537,1.4153072713466537
2021-02-12,135.37,0.0017760674905646,3,135.603,52.65637546094345,10,40,-1.0,1.0,1.0,1.0,0.5,0.0,0.0008880337452823,1.187013406715324,0.5,0.0008880337452823,1.2397850041190002,0.0,-0.3333333333333333,1.0,1.0,0.5,0.0,0.0008880337452823,1.3900909390976341,0.5,0.0008880337452823,1.451890847150525,1.4178209525804524
2021-02-16,133.19,-0.0161040112284849,3,135.50799999999998,47.92688821612953,10,40,1.0,1.0,1.0,1.0,0.5,0.0,-0.00805200561424245,1.1774555681002712,0.5,-0.00805200561424245,1.2298022483053803,0.5,-0.3333333333333333,1.0,1.0,0.5,0.0,-0.00805200561424245,1.3788979190517123,0.5,-0.00805200561424245,1.4402002138980017,1.3949883480401155
2021-02-17,130.84,-0.0176439672648096,3,135.09300000000002,43.40142406906353,10,40,0.16666666666666666,1.0,1.0,1.0,0.5,0.0,-0.0088219836324048,1.1670680743506068,0.5,-0.0088219836324048,1.2189529529997356,-0.4,-0.3333333333333333,1.0,1.0,0.5,0.0,-0.0088219836324048,1.366733304179081,0.5,-0.0088219836324048,1.4274947911836076,1.3703752192925047
2021-02-18,129.71,-0.0086365025985937,3,134.67000000000002,41.37816991989074,10,40,0.5,1.0,1.0,1.0,0.5,0.0,-0.00431825129929685,1.1620283811221743,0.5,-0.00431825129929685,1.2136892078266628,0.0,-0.3333333333333333,1.0,1.0,0.5,0.0,-0.00431825129929685,1.3608314063125173,0.5,-0.00431825129929685,1.4213305099468394,1.3585399701500365
2021-02-19,129.87,0.0012335209313083,3,133.91799999999998,41.79193690105687,10,40,0.7777777777777778,1.0,1.0,1.0,0.5,0.0,0.00061676046565415,1.1627450742876186,0.5,0.00061676046565415,1.2144377633476413,0.2307692307692308,-0.3333333333333333,1.0,1.0,0.5,0.0,0.00061676046565415,1.3616707133243515,0.5,0.00061676046565415,1.4222071304140027,1.3602157576392355
2021-02-22,126.0,-0.0297990297990298,3,132.842,35.30160917609773,10,40,0.25,1.0,1.0,1.0,0.5,0.0,-0.0148995148995149,1.1454207367289326,0.5,-0.0148995148995149,1.1963432297981096,0.3,-0.3333333333333333,1.0,1.0,0.5,0.0,-0.0148995148995149,1.3413824802429422,0.5,-0.0148995148995149,1.401016934084203,1.319682647744234
2021-02-23,125.86,-0.001111111111111,3,131.73700000000002,35.089308833449465,10,40,0.3333333333333333,1.0,1.0,1.0,0.5,0.0,-0.0005555555555555,1.1447843918751943,0.5,-0.0005555555555555,1.195678594670444,0.125,-0.3333333333333333,1.0,1.0,0.5,0.0,-0.0005555555555555,1.3406372677539182,0.5,-0.0005555555555555,1.400238591343045,1.3182163336911852
2021-02-24,125.35,-0.0040521214047354,3,130.671,34.28052860398611,10,40,0.6666666666666666,1.0,1.0,1.0,0.5,0.0,-0.0020260607023677,1.142464989206132,0.5,-0.0020260607023677,1.1932560772571201,-0.4,-0.3333333333333333,1.0,1.0,0.5,0.0,-0.0020260607023677,1.3379210552695924,0.5,-0.0020260607023677,1.3974016229591864,1.3128747610693632
2021-02-25,120.99,-0.0347826086956521,4,129.231,28.27946877961935,10,40,0.125,0.5,1.0,1.0,0.5,0.0,-0.01739130434782605,1.1225960328721123,0.5,-0.01739130434782605,1.1725037976526484,-0.1,-0.31666666666666665,0.5,1.0,0.5,0.0,-0.01739130434782605,1.3146528630040342,0.5,-0.01739130434782605,1.373098986038157,1.26720955198869
2021-02-26,121.26,0.0022315893875528,4,127.844,29.10711560040326,10,40,0.7142857142857143,0.5,1.0,1.0,0.5,0.0,0.0011157946937764,1.1238486195688453,0.5,0.0011157946937764,1.1738120711685018,0.0,-0.31666666666666665,0.5,1.0,0.5,0.0,0.0011157946937764,1.3161197456927318,0.5,0.0011157946937764,1.3746310826008081,1.2700374433767134
2021-03-01,127.79,0.0538512287646379,4,127.08599999999998,45.49062273248158,10,40,1.0,0.5,1.0,1.0,0.5,0.0,0.02692561438231895,1.1541089341234574,0.5,0.02692561438231895,1.205417682354096,0.625,-0.31666666666666665,0.5,1.0,0.5,0.0,0.02692561438231895,1.3515570784462099,0.5,0.02692561438231895,1.411643869048867,1.3384305202796487
2021-03-02,125.12,-0.0208936536505204,4,126.27900000000002,41.28896222621908,10,40,1.0,0.5,1.0,1.0,0.5,0.0,-0.0104468268252602,1.142052157951184,0.5,-0.0104468268252602,1.1928248925744362,0.2142857142857143,-0.31666666666666665,0.5,1.0,0.5,0.0,-0.0104468268252602,1.3374375957032276,0.5,-0.0104468268252602,1.3968966700099732,1.3104658165536398
2021-03-03,122.06,-0.0244565217391304,4,125.401,37.063795805969825,10,40,0.2,0.5,1.0,1.0,0.5,0.0,-0.0122282608695652,1.128086846237107,0.5,-0.0122282608695652,1.178238718616325,-0.4,-0.31666666666666665,0.5,1.0,-1.0,1.5,0.0237065217391304,1.3691435891404964,-1.0,0.0237065217391304,1.4300122312848835,1.2784163808227085
2021-03-04,120.13,-0.0158118957889562,4,124.44299999999998,34.655019006506066,10,40,0.4166666666666667,0.5,1.0,1.0,0.5,0.0,-0.0079059478944781,1.1191682504103102,0.5,-0.0079059478944781,1.1689236246996877,-0.0769230769230769,-0.31666666666666665,0.5,1.0,0.5,1.5,-0.0086559478944781,1.3572923535728376,0.5,-0.0086559478944781,1.4176341199224152,1.2582021942342454
2021-03-05,121.42,0.0107383667693332,4,123.598,37.575271553911726,10,40,0.26666666666666666,0.5,1.0,1.0,0.5,0.0,0.0053691833846666,1.1251772699850595,0.5,0.0053691833846666,1.1751997900033695,0.0555555555555555,-0.31666666666666665,0.5,1.0,0.5,0.0,0.0053691833846666,1.3645799051257759,0.5,0.0053691833846666,1.425245657484639,1.2717132308659127
2021-03-08,116.36,-0.0416735298962279,4,122.634,31.60829033104551,10,40,1.0,0.5,1.0,1.0,0.5,0.0,-0.02083676494811395,1.1017322156854203,0.5,-0.02083676494811395,1.1507124282119965,0.5,-0.31666666666666665,0.5,1.0,0.5,0.0,-0.02083676494811395,1.3361464743897504,0.5,-0.02083676494811395,1.3955481487263115,1.2187164515199935
2021-03-09,121.085,0.0406067377105534,4,122.15649999999998,41.02607124967609,10,40,0.6666666666666666,0.5,1.0,1.0,0.5,0.0,0.0203033688552767,1.1241010912402227,0.5,0.0203033688552767,1.1740757670883357,0.1875,-0.31666666666666665,0.5,1.0,0.5,0.0,0.0203033688552767,1.3632747491039632,0.5,0.0203033688552767,1.4238824775452004,1.2682045508104023
2021-03-10,119.98,-0.0091258207044637,4,121.6195,39.650941200788054,10,40,0.7222222222222222,0.5,1.0,1.0,0.5,0.0,-0.00456291035223185,1.1189719187340477,0.5,-0.00456291035223185,1.1687185646163838,0.1428571428571428,-0.31666666666666665,0.5,1.0,0.5,0.0,-0.00456291035223185,1.3570542486383403,0.5,-0.00456291035223185,1.4173854294480477,1.2566311434631217
2021-03-11,121.96,0.0165027504584096,4,121.7165,43.317196946178264,10,40,0.9166666666666666,0.5,1.0,1.0,0.5,0.0,0.0082513752292048,1.1282049759064656,0.5,0.0082513752292048,1.1783621000303712,0.1333333333333333,-0.31666666666666665,0.5,1.0,0.5,0.0,0.0082513752292048,1.3682518124502419,0.5,0.0082513752292048,1.429080808470831,1.2773690136419595
2021-03-12,121.03,-0.0076254509675303,4,121.6935,42.02576846390945,10,40,0.45454545454545453,0.5,1.0,1.0,0.5,0.0,-0.00381272548376515,1.1239034400439165,0.5,-0.00381272548376515,1.1738693288224824,0.2727272727272727,-0.31666666666666665,0.5,1.0,0.5,0.0,-0.00381272548376515,1.363035043896705,0.5,-0.00381272548376515,1.4236321156540146,1.2676284988609903
2021-03-15,123.99,0.0244567462612574,4,121.3135,47.40081777403847,10,40,0.7142857142857143,0.5,1.0,1.0,0.5,0.0,0.0122283731306287,1.1376469506715707,0.5,0.0122283731306287,1.1882238409819244,-0.0666666666666666,-0.31666666666666665,0.5,1.0,0.5,0.0,0.0122283731306287,1.3797027450035968,0.5,0.0122283731306287,1.4410408203649783,1.2986305674111722
2021-03-16,125.57,0.0127429631421889,4,121.35849999999998,50.062314412885115,10,40,0.6666666666666666,0.5,1.0,1.0,1.0,0.5,0.0124929631421889,1.1518595320951341,1.0,0.0124929631421889,1.2030682776319817,0.09375,-0.31666666666666665,0.5,1.0,0.5,0.0,0.00637148157109445,1.3884934956169757,0.5,0.00637148157109445,1.4502223853951286,1.3151789688670126
2021-03-17,124.76,-0.006450585330891,4,121.6285,48.70179569934296,10,40,0.28,0.5,1.0,1.0,0.5,0.5,-0.0034752926654455004,1.1478564831116205,0.5,-0.0034752926654455004,1.198887263270697,-0.1111111111111111,-0.31666666666666665,0.5,1.0,0.5,0.0,-0.0032252926654455,1.3840151977295434,0.5,-0.0032252926654455,1.4455449937722489,1.3066952947029427
2021-03-18,120.53,-0.0339050977877525,4,121.66850000000002,42.24510448993796,10,40,0.6190476190476191,0.5,1.0,1.0,0.5,0.0,-0.01695254889387625,1.128397389958518,0.5,-0.01695254889387625,1.178563068321855,0.0454545454545454,-0.31666666666666665,0.5,1.0,0.5,0.0,-0.01695254889387625,1.3605526124201657,0.5,-0.01695254889387625,1.421039321587027,1.2623916629572434
2021-03-19,119.99,-0.0044802123952543,4,121.5255,41.48890720451551,10,40,0.46153846153846156,0.5,1.0,1.0,0.5,0.0,-0.00224010619762715,1.1258696599718856,0.5,-0.00224010619762715,1.1759229618882128,0.0769230769230769,-0.31666666666666665,0.5,1.0,0.5,0.0,-0.00224010619762715,1.3575048300808854,0.5,-0.00224010619762715,1.4178560425956679,1.2567358801811965
2021-03-22,123.39,0.0283356946412201,4,122.22849999999998,47.82200185734863,10,40,0.59375,0.5,1.0,1.0,0.5,0.0,0.01416784732061005,1.1418208094172746,0.5,0.01416784732061005,1.1925832588730447,0.2352941176470588,-0.31666666666666665,0.5,1.0,0.5,0.0,0.01416784732061005,1.3767377512504622,0.5,0.01416784732061005,1.4379440105297678,1.292346364326676
2021-03-23,122.54,-0.0068887268011994,4,122.374,46.4678873545616,10,40,0.8125,0.5,1.0,1.0,1.0,0.5,-0.0071387268011994,1.1336696626029203,1.0,-0.0071387268011994,1.184069732800266,0.3333333333333333,-0.31666666666666665,0.5,1.0,0.5,0.0,-0.0034443634005997,1.371995766127831,0.5,-0.0034443634005997,1.4329912088077874,1.283443743290306
2021-03-24,120.09,-0.0199934715195038,4,122.38500000000002,42.71361473849249,10,40,0.7,0.5,1.0,1.0,0.5,0.5,-0.0102467357597519,1.122053249131381,0.5,-0.0102467357597519,1.1719368831271417,0.0,-0.31666666666666665,0.5,1.0,0.5,0.0,-0.0099967357597519,1.3582802869903527,0.5,-0.0099967357597519,1.4186659743472885,1.257783247361946
2021-03-25,120.59,0.0041635440086602,4,122.248,43.71308285384864,10,40,0.7222222222222222,0.5,1.0,1.0,0.5,0.0,0.0020817720043301,1.1243891081727904,0.5,0.0020817720043301,1.1743765885212776,0.1052631578947368,-0.31666666666666665,0.5,1.0,0.5,0.0,0.0020817720043301,1.3611079168658426,0.5,0.0020817720043301,1.4216193134561803,1.263020083265693
2021-03-26,121.21,0.005141388174807,4,122.266,44.99461383892725,10,40,0.8148148148148148,0.5,1.0,1.0,0.5,0.0,0.0025706940874035,1.1272795686051111,0.5,0.0025706940874035,1.1773955514737744,0.3666666666666666,-0.31666666666666665,0.5,1.0,0.5,0.0,0.0025706940874035,1.3646069089400479,0.5,0.0025706940874035,1.4252738618198209,1.269513759786339
2021-03-29,121.39,0.0014850259879548,4,122.006,45.38340089811377,10,40,0.5238095238095238,0.5,1.0,1.0,0.5,0.0,0.0007425129939774,1.1281165883326456,0.5,0.0007425129939774,1.1782697829697948,-0.1818181818181818,-0.31666666666666665,0.5,1.0,0.5,0.0,0.0007425129939774,1.3656201473016072,0.5,0.0007425129939774,1.4263321461821983,1.271399020711688
2021-03-30,119.9,-0.0122744871900485,4,121.439,42.69332222812899,10,40,0.28205128205128205,0.5,1.0,1.0,0.5,0.0,-0.00613724359502425,1.1211930620264605,0.5,-0.00613724359502425,1.1710384542910528,-0.2,-0.31666666666666665,0.5,1.0,0.5,0.0,-0.00613724359502425,1.3572390037993445,0.5,-0.00613724359502425,1.4175783983536645,1.2557932497185222
2021-03-31,122.15,0.0187656380316931,4,121.17800000000004,47.73166322256842,10,40,0.82,0.5,1.0,1.0,0.5,0.0,0.00938281901584655,1.1317130136092775,0.5,0.00938281901584655,1.1820260961682623,0.28,-0.31666666666666665,0.5,1.0,0.5,0.0,0.00938281901584655,1.3699737317332414,0.5,0.00938281901584655,1.4308792799061905,1.2793590112853837
2021-04-01,123.0,0.0069586573884568,4,121.425,49.53667194556931,10,40,0.6538461538461539,0.5,1.0,1.0,1.0,0.5,0.0067086573884567995,1.13930528847964,1.0,0.0067086573884567995,1.18995590427167,0.0357142857142857,-0.31666666666666665,0.5,1.0,0.5,0.0,0.0034793286942284,1.3747403206484,0.5,0.0034793286942284,1.4358577792427447,1.2882616323217535
2021-04-05,125.9,0.0235772357723578,4,122.016,55.21867333383483,10,40,0.6086956521739131,0.5,1.0,1.0,0.5,0.5,0.0115386178861789,1.1524512968591094,0.5,0.0115386178861789,1.2036863507524633,0.3333333333333333,-0.31666666666666665,0.5,1.0,0.5,0.0,0.0117886178861789,1.3909466089812468,0.5,0.0117886178861789,1.4527845579411347,1.318635280563486
2021-04-06,126.21,0.002462271644162,4,122.298,55.79170365771667,10,40,0.47368421052631576,0.5,1.0,1.0,0.5,0.0,0.001231135822081,1.1538701209338762,0.5,0.001231135822081,1.2051682521374245,0.2857142857142857,-0.31666666666666665,0.5,1.0,0.5,0.0,0.001231135822081,1.3926590531781655,0.5,0.001231135822081,1.454573133052182,1.321882118823809
2021-04-07,127.9,0.0133903811108471,4,122.83400000000002,58.880823464622885,10,40,0.391304347826087,0.5,1.0,1.0,0.5,0.0,0.00669519055542355,1.161595501269738,0.5,0.00669519055542355,1.2132370832368313,0.0,-0.31666666666666665,0.5,1.0,0.5,0.0,0.00669519055542355,1.4019831709179291,0.5,0.00669519055542355,1.4643117773547658,1.3395826241784738
2021-04-08,130.36,0.0192337763878029,4,123.861,62.9402656542237,10,40,0.65,0.5,1.0,1.0,1.0,0.5,0.018983776387802898,1.1836469705189205,1.0,0.018983776387802898,1.2362689047303896,-0.1428571428571428,-0.31666666666666665,0.5,1.0,0.5,0.0,0.00961688819390145,1.4154658863223781,0.5,0.00961688819390145,1.4783938999985997,1.365347856824909
2021-04-09,132.995,0.0202132555998773,4,125.10150000000002,66.72918677722635,10,40,0.7931034482758621,0.5,1.0,1.0,1.0,0.0,0.0202132555998773,1.20757232927404,1.0,0.0202132555998773,1.2612579240918853,0.2413793103448276,-0.31666666666666665,0.5,1.0,0.5,0.0,0.01010662779993865,1.4297714731989486,0.5,0.01010662779993865,1.4933354768875853,1.3929459820376555
2021-04-12,131.24,-0.013195984811459,4,126.1045,62.1701180506697,10,40,0.6666666666666666,0.5,1.0,1.0,0.5,0.5,-0.0068479924057295,1.1993028831338022,0.5,-0.0068479924057295,1.2526208394060379,-0.103448275862069,-0.31666666666666665,0.5,1.0,0.5,0.0,-0.0065979924057295,1.4203378518768532,0.5,-0.0065979924057295,1.4834824607518746,1.3745646880155038
2021-04-13,134.43,0.0243066138372447,4,127.4085,66.63264031071384,10,40,0.7083333333333334,0.5,1.0,1.0,0.5,0.0,0.01215330691862235,1.213878379160916,0.5,0.01215330691862235,1.2678443249200018,0.08,-0.31666666666666665,0.5,1.0,0.5,0.0,0.01215330691862235,1.4375996537188493,0.5,0.01215330691862235,1.5015116784057854,1.4079757010814093
2021-04-14,132.03,-0.0178531577772819,4,128.62150000000003,60.81971146487423,10,40,0.9130434782608695,0.5,1.0,1.0,0.5,0.0,-0.00892657888864095,1.2030425980481205,0.5,-0.00892657888864095,1.2565268125350877,0.125,-0.31666666666666665,0.5,1.0,0.5,0.0,-0.00892657888864095,1.424766806999645,0.5,-0.00892657888864095,1.4881083159562805,1.3828388887434238
2021-04-15,134.5,0.0187078694236157,4,129.8565,64.27403018598778,10,40,0.9444444444444444,0.5,1.0,1.0,0.5,0.0,0.00935393471180785,1.2142957799657863,0.5,0.00935393471180785,1.268280282303177,0.45,-0.31666666666666665,0.5,1.0,0.5,0.0,0.00935393471180785,1.4380939826918708,0.5,0.00935393471180785,1.5020279839878339,1.4087088581079337
2021-04-16,134.16,-0.0025278810408921,4,130.9725,63.44483325910811,10,40,0.7,0.5,1.0,1.0,0.5,0.0,-0.00126394052044605,1.2127609823256809,0.5,-0.00126394052044605,1.266677251463091,0.1428571428571428,-0.31666666666666665,0.5,1.0,0.5,0.0,-0.00126394052044605,1.4362763174349369,0.5,-0.00126394052044605,1.5001295099560277,1.4051478096933858
2021-04-19,134.84,0.0050685748360166,4,131.86650000000003,64.43311918376885,10,40,0.8461538461538461,0.5,1.0,1.0,0.5,0.0,0.0025342874180083,1.2158344672242403,0.5,0.0025342874180083,1.2698873756841513,0.0,-0.31666666666666665,0.5,1.0,0.5,0.0,0.0025342874180083,1.4399162544349955,0.5,0.0025342874180083,1.5039312692984923,1.4122699065224815
2021-04-20,133.11,-0.0128300207653514,4,132.5565,59.989555976676456,10,40,0.6440677966101694,0.5,1.0,1.0,0.5,0.0,-0.0064150103826757,1.208034876493382,0.5,-0.0064150103826757,1.2617410349843088,0.1967213114754098,-0.31666666666666665,0.5,1.0,0.5,0.0,-0.0064150103826757,1.4306791767126115,0.5,-0.0064150103826757,1.4942835345911119,1.3941504542955172
2021-04-21,133.5,0.0029299075952218,4,133.1165,60.64840772591006,10,40,0.5102040816326531,0.5,1.0,1.0,0.5,0.0,0.0014649537976109,1.209804591773347,0.5,0.0014649537976109,1.2635894273051105,-0.125,-0.31666666666666665,0.5,1.0,0.5,0.0,0.0014649537976109,1.4327750556056993,0.5,0.0014649537976109,1.4964725909298184,1.3982351863004396
2021-04-22,131.94,-0.0116853932584269,4,133.27450000000002,56.63128220876901,10,40,0.4074074074074074,0.5,1.0,1.0,0.5,0.0,-0.00584269662921345,1.202736070562986,0.5,-0.00584269662921345,1.256206657617485,0.0,-0.31666666666666665,0.5,1.0,0.5,0.0,-0.00584269662921345,1.4244037856178908,0.5,-0.00584269662921345,1.4877291555670824,1.3818962582807492
2021-04-23,134.32,0.0180385023495528,4,133.40699999999998,60.887718968715056,10,40,0.8571428571428571,0.5,1.0,1.0,0.5,0.0,0.0090192511747764,1.213583849280357,0.5,0.0090192511747764,1.2675367009899636,0.3181818181818182,-0.31666666666666665,0.5,1.0,0.5,0.0,0.0090192511747764,1.437250841134681,0.5,0.0090192511747764,1.5011473585011799,1.4068235971825849
2021-04-26,134.72,0.002977963073258,4,133.755,61.57037737164881,10,40,0.5490196078431373,0.5,1.0,1.0,1.0,0.5,0.0027279630732580003,1.2168944612074961,1.0,0.0027279630732580003,1.2709944943042635,0.0392156862745098,-0.31666666666666665,0.5,1.0,0.5,0.0,0.001488981536629,1.439390881100635,0.5,0.001488981536629,1.5033825392017475,1.4110130659055826
2021-04-27,134.39,-0.0024495249406176,4,133.75099999999998,60.63018265980166,10,40,0.6122448979591837,0.5,1.0,1.0,0.5,0.5,-0.0014747624703088,1.2150998309257808,0.5,-0.0014747624703088,1.2691200793240944,0.06,-0.31666666666666665,0.5,1.0,0.5,0.0,-0.0012247624703088,1.4376279691693583,0.5,-0.0012247624703088,1.5015412526892156,1.4075567542091096
2021-04-28,133.58,-0.0060272341692088,4,133.906,58.277815981674046,10,40,0.5,0.5,1.0,1.0,0.5,0.0,-0.0030136170846044,1.211437985315803,0.5,-0.0030136170846044,1.2652954373706289,0.1294117647058824,-0.31666666666666665,0.5,1.0,0.5,0.0,-0.0030136170846044,1.4332955089601644,0.5,-0.0030136170846044,1.497016182316873,1.39907308004504
2021-04-29,133.48,-0.0007486150621351,4,133.804,57.9787379153188,10,40,0.5473684210526316,0.5,1.0,1.0,0.5,0.0,-0.00037430753106755,1.2109845349544779,0.5,-0.00037430753106755,1.2648218277593957,0.25,-0.31666666666666665,0.5,1.0,0.5,0.0,-0.00037430753106755,1.4327590156569152,0.5,-0.00037430753106755,1.4964558378857018,1.3980257128642906
2021-04-30,131.46,-0.0151333533113573,4,133.53400000000002,52.15606774446349,10,40,0.01818181818181818,0.5,1.0,1.0,0.5,0.0,-0.00756667665567865,1.20182140654345,1.0,-0.0153833533113573,1.2453646267070562,-0.1967213114754098,-0.31666666666666665,0.5,1.0,0.5,0.0,-0.00756667665567865,1.4219177914599308,1.0,-0.0153833533113573,1.4734353290166629,1.376868895813153
2021-05-03,132.54,0.0082154267457781,4,133.304,54.77138165032067,10,40,0.75,0.5,1.0,1.0,0.5,0.0,0.00410771337288905,1.2067581444069329,1.0,0.0082154267457781,1.2555958285695512,-0.02,-0.31666666666666665,0.5,1.0,0.5,0.0,0.00410771337288905,1.4277586221870597,1.0,0.0082154267457781,1.4855402290268407,1.3881804613652464
2021-05-04,127.85,-0.035385543986721,4,132.778,43.62025134950916,10,40,0.5333333333333333,0.5,1.0,1.0,0.5,0.0,-0.0176927719933605,1.1854072477068103,1.0,-0.035385543986721,1.2111658871481599,0.0909090909090909,-0.31666666666666665,0.5,1.0,0.5,0.0,-0.0176927719933605,1.4024976144231496,1.0,-0.035385543986721,1.4329735799085679,1.3390589405881
2021-05-05,128.1,0.0019554165037152,4,132.238,44.27157049985581,10,40,0.84,0.5,1.0,1.0,0.5,0.0,0.0009777082518576,1.186566230154705,0.5,0.0007277082518576,1.2120472625586058,0.4285714285714285,-0.31666666666666665,0.5,1.0,0.5,0.0,0.0009777082518576,1.4038688479139818,0.5,0.0007277082518576,1.434016366607361,1.3416773585399733
2021-05-06,129.74,0.0128024980483998,4,132.01799999999997,48.47655257563841,10,40,0.5925925925925926,0.5,1.0,1.0,0.5,0.0,0.0064012490241999,1.1941617360776313,0.5,0.0064012490241999,1.2198058789153432,0.0714285714285714,-0.31666666666666665,0.5,1.0,0.5,0.0,0.0064012490241999,1.4128553620067956,0.5,0.0064012490241999,1.443195862474793,1.3588541803042635
2021-05-07,130.21,0.0036226298751349,5,132.507,49.64910754247171,20,40,0.8260869565217391,0.47368421052631576,1.0,1.0,0.5,0.0,0.00181131493756745,1.19632473906806,0.5,0.00181131493756745,1.222015331524755,0.2592592592592592,-0.125,0.25,0.46000000000000013,0.5,0.0,0.00181131493756745,1.4154144880286206,0.5,0.00181131493756745,1.445809944698329,1.3637768060537858
2021-05-10,126.85,-0.0258044697027879,5,132.2875,42.247074199685464,20,40,0.29411764705882354,0.47368421052631576,1.0,1.0,0.5,0.0,-0.01290223485139395,1.1808894763260713,0.5,-0.01290223485139395,1.2062486027254187,0.2777777777777778,-0.125,0.25,0.46000000000000013,0.5,0.0,-0.01290223485139395,1.3971524778920097,0.5,-0.01290223485139395,1.4271557652413502,1.328585268780606
2021-05-11,125.91,-0.0074103271580606,5,131.8615,40.43102503255764,20,40,0.2857142857142857,0.47368421052631576,1.0,1.0,0.5,0.0,-0.0037051635790303,1.1765140876475277,0.5,-0.0037051635790303,1.2017792543353443,-0.032258064516129,-0.125,0.25,0.46000000000000013,-1.0,1.5,0.0066603271580606,1.4064579704844653,-1.0,0.0066603271580606,1.4366610895433698,1.3187400172815618
2021-05-12,122.77,-0.0249384480978476,5,131.39849999999998,35.016178092068245,20,40,0.4230769230769231,0.47368421052631576,1.0,1.0,0.5,0.0,-0.0124692240489238,1.1618438698919356,0.5,-0.0124692240489238,1.1867939995556882,-0.0344827586206896,-0.125,0.25,0.46000000000000013,-1.0,0.0,0.0249384480978476,1.4415328495831963,-1.0,0.0249384480978476,1.4724891875591444,1.2858526878060308
2021-05-13,124.97,0.0179196872200049,5,130.922,40.98029544652051,20,40,0.08333333333333333,0.47368421052631576,1.0,1.0,0.5,0.0,0.00895984361000245,1.1722538092654073,0.5,0.00895984361000245,1.1974274881889966,0.0666666666666666,-0.125,0.25,0.46000000000000013,0.5,1.5,0.00820984361000245,1.4533676088369554,0.5,0.00820984361000245,1.4845780935064246,1.3088947657825174
2021-05-14,127.45,0.0198447627430584,5,130.5865,46.89692384061991,20,40,0.4230769230769231,0.47368421052631576,1.0,1.0,0.5,0.0,0.0099223813715292,1.1838853586251665,0.5,0.0099223813715292,1.20930882039156,0.1428571428571428,-0.125,0.25,0.46000000000000013,0.5,0.0,0.0099223813715292,1.4677884765248632,0.5,0.0099223813715292,1.499308643526013,1.3348694718651026
2021-05-17,126.27,-0.0092585327579443,5,130.158,44.60562416855216,20,40,0.6857142857142857,0.47368421052631576,1.0,1.0,0.5,0.0,-0.00462926637897215,1.1784048379379257,0.5,-0.00462926637897215,1.203710607727527,0.2045454545454546,-0.125,0.25,0.46000000000000013,0.5,0.0,-0.00462926637897215,1.4609936926790439,0.5,-0.00462926637897215,1.4923679444308358,1.3225105391322598
2021-05-18,124.85,-0.0112457432485942,5,129.74499999999998,41.94945989779889,20,40,0.7777777777777778,0.47368421052631576,1.0,1.0,0.5,0.0,-0.0056228716242971,1.1717788188127503,0.5,-0.0056228716242971,1.1969422975074706,0.1212121212121212,-0.125,0.25,0.46000000000000013,0.5,0.0,-0.0056228716242971,1.452778712701202,0.5,-0.0056228716242971,1.4839765510630851,1.3076379251656185
2021-05-19,124.69,-0.0012815378454145,5,129.3045,41.64851901254576,20,40,0.6551724137931034,0.47368421052631576,1.0,1.0,0.5,0.0,-0.00064076892270725,1.1710279793613685,0.5,-0.00064076892270725,1.196175334080954,0.125,-0.125,0.25,0.46000000000000013,0.5,0.0,-0.00064076892270725,1.4518478172505325,0.5,-0.00064076892270725,1.4830256650071376,1.3059621376764194
2021-05-20,127.31,0.0210121100328815,5,129.073,48.20148778610276,20,40,0.782608695652174,0.47368421052631576,1.0,1.0,0.5,0.0,0.01050605501644075,1.1833308637383304,0.5,0.01050605501644075,1.2087424179501178,0.1851851851851852,-0.125,0.25,0.46000000000000013,0.5,0.0,0.01050605501644075,1.4671010102940658,0.5,0.01050605501644075,1.4986064142344961,1.3334031578120535
2021-05-21,125.43,-0.0147671039195663,5,128.6285,44.35250792454506,20,40,0.631578947368421,0.47368421052631576,1.0,1.0,0.5,0.0,-0.00738355195978315,1.1745936788203033,0.5,-0.00738355195978315,1.1998176055011893,0.0465116279069767,-0.125,0.25,0.46000000000000013,0.5,0.0,-0.00738355195978315,1.4562685937543092,0.5,-0.00738355195978315,1.4875413759077314,1.313712654813965
2021-05-24,127.1,0.013314199154907,5,128.2475,48.30167048441163,20,40,0.6538461538461539,0.47368421052631576,1.0,1.0,0.5,0.0,0.0066570995774535,1.1824130659032575,0.5,0.0066570995774535,1.2078049107757927,0.1612903225806452,-0.125,0.25,0.46000000000000013,0.5,0.0,0.0066570995774535,1.4659631187944497,0.5,0.0066570995774535,1.4974440869727315,1.33120368673248
2021-05-25,126.9,-0.0015735641227379,5,127.873,47.86358101817535,20,40,0.5,0.47368421052631576,1.0,1.0,0.5,0.0,-0.00078678206136895,1.1814827645138766,0.5,-0.00078678206136895,1.206854631538361,0.037037037037037,-0.125,0.25,0.46000000000000013,0.5,0.0,-0.00078678206136895,1.4648097253099537,0.5,-0.00078678206136895,1.4962659248271983,1.3291089523709811
2021-05-26,126.85,-0.0003940110323089,5,127.5365,47.74698832468618,20,40,0.7727272727272727,0.47368421052631576,1.0,1.0,0.5,0.0,-0.00019700551615445,1.181250005892026,0.5,-0.00019700551615445,1.2066168745187515,0.2592592592592592,-0.125,0.25,0.46000000000000013,0.5,0.0,-0.00019700551615445,1.464521149713951,0.5,-0.00019700551615445,1.4959711521863734,1.3285852687806066
2021-05-27,125.28,-0.012376823019314,5,127.1265,44.11328181430449,20,40,0.75,0.47368421052631576,1.0,1.0,0.5,0.0,-0.006188411509657,1.1739399447597814,0.5,-0.006188411509657,1.1991498327647334,0.2352941176470588,-0.125,0.25,0.46000000000000013,0.5,0.0,-0.006188411509657,1.455458090174925,0.5,-0.006188411509657,1.4867134670900686,1.3121416040428413
2021-05-28,124.61,-0.0053480204342273,5,126.784,42.62253803983716,20,40,0.3235294117647059,0.47368421052631576,1.0,1.0,0.5,0.0,-0.00267401021711365,1.1708008173532158,0.5,-0.00267401021711365,1.1959432938600705,-0.25,-0.125,0.25,0.46000000000000013,-1.0,1.5,0.0045980204342273,1.4621503162147107,-1.0,0.0045980204342273,1.4935494059915897,1.3051242439318205
2021-06-01,124.28,-0.0026482625792472,5,126.371,41.871985648569094,20,40,0.6,0.47368421052631576,1.0,1.0,0.5,0.0,-0.0013241312896236,1.1692505233570416,0.5,-0.0013241312896236,1.1943597079240549,0.0,-0.125,0.25,0.46000000000000013,0.5,1.5,-0.0020741312896236,1.4591176244937167,0.5,-0.0020741312896236,1.4904515884360237,1.3016679322353475
2021-06-02,125.06,0.0062761506276149,5,126.2315,44.36571635230367,20,40,0.6666666666666666,0.47368421052631576,1.0,1.0,0.5,0.0,0.00313807531380745,1.172919719560045,0.5,0.00313807531380745,1.1981076986392978,0.2368421052631579,-0.125,0.25,0.46000000000000013,0.5,0.0,0.00313807531380745,1.463696445491082,0.5,0.00313807531380745,1.4951287377721199,1.3098373962451926
2021-06-03,123.54,-0.0121541660003198,5,126.0035,40.701290697831794,20,40,0.7142857142857143,0.47368421052631576,1.0,1.0,0.5,0.0,-0.0060770830001599,1.1657917890717544,0.5,-0.0060770830001599,1.1908266987115363,0.2666666666666667,-0.125,0.25,0.46000000000000013,0.5,0.0,-0.0060770830001599,1.4548014407047936,0.5,-0.0060770830001599,1.4860427163367544,1.293917415097802
2021-06-04,125.89,0.0190221790513194,5,125.811,47.870205038339,20,40,0.7333333333333333,0.47368421052631576,1.0,1.0,0.5,0.0,0.0095110895256597,1.1768797391458947,0.5,0.0095110895256597,1.2021527580525275,0.1891891891891892,-0.125,0.25,0.46000000000000013,0.5,0.0,0.0095110895256597,1.4686381874493954,0.5,0.0095110895256597,1.5001766016507876,1.3185305438454127
2021-06-07,125.9,7.943442688063129e-05,5,125.5955,47.899069964272954,20,40,0.7166666666666667,0.47368421052631576,1.0,1.0,0.5,0.0,3.9717213440315646e-05,1.176926481529688,0.5,3.9717213440315646e-05,1.2022005042102069,0.2173913043478261,-0.125,0.25,0.46000000000000013,0.5,0.0,3.9717213440315646e-05,1.468696517665753,0.5,3.9717213440315646e-05,1.5002361844850736,1.3186352805634876
2021-06-08,126.74,0.0066719618745034,5,125.59,50.38430506458339,20,40,0.6666666666666666,0.47368421052631576,1.0,1.0,0.5,0.0,0.0033359809372517,1.1808526858366177,0.5,0.0033359809372517,1.2062110221750066,0.1578947368421053,-0.125,0.25,0.46000000000000013,0.5,0.0,0.0033359809372517,1.473596061251294,0.5,0.0033359809372517,1.505240943797891,1.3274331648817823
2021-06-09,127.13,0.0030771658513493,5,125.651,51.540083712237745,20,40,0.7,0.47368421052631576,1.0,1.0,0.5,0.0,0.00153858292567465,1.182669525616783,0.5,0.00153858292567465,1.2080668778584858,0.2592592592592592,-0.125,0.25,0.46000000000000013,0.5,0.0,0.00153858292567465,1.4758633109904766,0.5,0.00153858292567465,1.507556881813045,1.3315178968867052
2021-06-10,126.11,-0.0080232832533626,5,125.818,48.3667020226052,20,40,0.7,0.47368421052631576,1.0,1.0,0.5,0.0,-0.0040116416266813,1.1779250793172111,0.5,-0.0040116416266813,1.2032205464834538,0.08,-0.125,0.25,0.46000000000000013,0.5,0.0,-0.0040116416266813,1.4699426762968155,0.5,-0.0040116416266813,1.5015091038713737,1.3208347516430614
2021-06-11,127.35,0.0098326857505353,5,125.93699999999998,52.21833312353779,20,40,0.5384615384615384,0.47368421052631576,1.0,1.0,0.5,0.0,0.00491634287526765,1.1837161628885113,0.5,0.00491634287526765,1.2091359912445334,0.0303030303030303,-0.125,0.25,0.46000000000000013,0.5,0.0,0.00491634287526765,1.4771694185004793,0.5,0.00491634287526765,1.5088910374563413,1.333822104684354
2021-06-14,130.48,0.0245779348252845,5,126.0885,60.27393051892708,20,40,0.5416666666666666,0.47368421052631576,1.0,1.0,0.5,0.0,0.01228896741264225,1.1982628122400663,0.5,0.01228896741264225,1.2239950240383903,0.2424242424242424,-0.125,0.25,0.46000000000000013,0.5,0.0,0.01228896741264225,1.4953223053473834,0.5,0.01228896741264225,1.5274337502448703,1.3666046974418098
2021-06-15,129.64,-0.0064377682403433,5,126.257,57.47350656634852,20,40,0.5,0.47368421052631576,1.0,1.0,0.5,0.0,-0.00321888412017165,1.1944057431019544,0.5,-0.00321888412017165,1.220055125892344,0.081081081081081,-0.125,0.25,0.46000000000000013,0.5,0.0,-0.00321888412017165,1.4905090361241622,0.5,-0.00321888412017165,1.5225171180015928,1.357806813123515
2021-06-16,130.15,0.0039339709966061,5,126.522,58.727318866578614,20,40,0.43333333333333335,0.47368421052631576,1.0,1.0,0.5,0.0,0.00196698549830305,1.196755121877726,0.5,0.00196698549830305,1.2224549566321046,-0.0833333333333333,-0.125,0.25,0.46000000000000013,0.5,0.0,0.00196698549830305,1.4934408457833082,0.5,0.00196698549830305,1.5255118870936202,1.3631483857453373
2021-06-17,131.79,0.0126008451786399,5,126.877,62.55091903114102,20,40,0.7333333333333333,0.47368421052631576,1.0,1.0,0.5,0.0,0.00630042258931995,1.2042951848814887,0.5,0.00630042258931995,1.2301569394552956,0.05,-0.125,0.25,0.46000000000000013,0.5,0.0,0.00630042258931995,1.5028501542238943,0.5,0.00630042258931995,1.535123256647341,1.380325207509627
2021-06-18,130.46,-0.0100918127323771,5,127.0345,57.86875719091412,20,40,0.7,0.47368421052631576,1.0,1.0,1.0,0.5,-0.0103418127323771,1.1918405896049409,1.0,-0.0103418127323771,1.2174348867560147,0.3103448275862069,-0.125,0.25,0.46000000000000013,0.5,0.0,-0.00504590636618855,1.4952669130632685,0.5,-0.00504590636618855,1.52737716843374,1.3663952240056603
2021-06-21,132.3,0.0141039399049518,5,127.378,62.09592504907011,20,40,0.3793103448275862,0.47368421052631576,1.0,1.0,0.5,0.5,0.0068019699524759,1.199947453483575,0.5,0.0068019699524759,1.225715842274825,0.073170731707317,-0.125,0.25,0.46000000000000013,0.5,0.0,0.0070519699524759,1.5058114904051219,0.5,0.0070519699524759,1.5381481863316324,1.3856667801314493
2021-06-22,133.98,0.0126984126984124,5,127.722,65.4995815763223,20,40,0.6428571428571429,0.47368421052631576,1.0,1.0,0.5,0.0,0.0063492063492062,1.2075661674739466,0.5,0.0063492063492062,1.2334981650829189,0.1794871794871795,-0.125,0.25,0.46000000000000013,0.5,0.0,0.0063492063492062,1.5153721982807096,0.5,0.0063492063492062,1.547914206562309,1.4032625487680388
2021-06-23,133.7,-0.0020898641588297,5,128.06199999999998,64.46064766212261,20,40,0.6538461538461539,0.47368421052631576,1.0,1.0,1.0,0.5,-0.0023398641588297,1.204740626679259,1.0,-0.0023398641588297,1.2306119469364591,0.1818181818181818,-0.125,0.25,0.46000000000000013,0.5,0.0,-0.00104493207941485,1.5137887372584726,0.5,-0.00104493207941485,1.5462967413516902,1.4003299206619404
2021-06-24,133.41,-0.0021690351533283,5,128.39,63.340043059621905,20,40,0.7575757575757576,0.47368421052631576,1.0,1.0,0.5,0.5,-0.00133451757666415,1.2031328791376343,0.5,-0.00133451757666415,1.2289696736632196,0.2272727272727273,-0.125,0.25,0.46000000000000013,0.5,0.0,-0.00108451757666415,1.5121470067655596,0.5,-0.00108451757666415,1.5446197553569556,1.3972925558377671
2021-06-25,133.11,-0.0022487069934786,5,128.7815,62.13663366276069,20,40,0.9230769230769231,0.47368421052631576,1.0,1.0,0.5,0.0,-0.0011243534967393,1.2017801324779338,0.5,-0.0011243534967393,1.2275878773132498,-0.1764705882352941,-0.125,0.25,0.46000000000000013,0.5,0.0,-0.0011243534967393,1.5104468189909188,0.5,-0.0011243534967393,1.5428830567338874,1.3941504542955192
2021-06-28,134.78,0.012546014574412,5,129.29000000000002,66.00821922043943,20,40,0.631578947368421,0.47368421052631576,1.0,1.0,0.5,0.0,0.006273007287206,1.2093189080065871,0.5,0.006273007287206,1.2352885450133215,0.28,-0.125,0.25,0.46000000000000013,0.5,0.0,0.006273007287206,1.519921862893386,0.5,0.006273007287206,1.5525615733920857,1.411641486214034
2021-06-29,136.33,0.0115002225849534,5,129.89249999999998,69.16018380510806,20,40,0.75,0.47368421052631576,1.0,1.0,0.5,0.0,0.0057501112924767,1.2162726263157215,0.5,0.0057501112924767,1.2423915916254697,0.4444444444444444,-0.125,0.25,0.46000000000000013,1.0,0.5,0.011250222584953399,1.5370213221626734,1.0,0.011250222584953399,1.570028236669592,1.4278756775156498
2021-06-30,136.96,0.0046211398811706,5,130.4875,70.36309560669699,20,40,0.21739130434782608,0.47368421052631576,1.0,1.0,0.5,0.0,0.0023105699405853,1.2190829092856432,0.5,0.0023105699405853,1.2452622242915155,0.3142857142857143,-0.125,0.25,0.46000000000000013,0.5,0.5,0.0020605699405852997,1.5401884620971606,0.5,0.0020605699405852997,1.5732633896599435,1.434474090754371
2021-07-01,137.27,0.0022634345794392,5,131.174,70.96326739581009,20,40,1.0,0.47368421052631576,1.0,1.0,0.5,0.0,0.0011317172897196,1.2204625664916835,0.5,0.0011317172897196,1.2466715090809808,0.3548387096774194,-0.125,0.25,0.46000000000000013,0.5,0.0,0.0011317172897196,1.5419315200091426,0.5,0.0011317172897196,1.5750438790393047,1.437720929014694
2021-07-02,139.96,0.019596415822831,5,131.8775,75.58383616658918,20,40,0.7894736842105263,0.47368421052631576,1.0,1.0,1.0,0.5,0.019346415822831,1.244074142799231,1.0,0.019346415822831,1.2707901344901376,0.35,-0.125,0.25,0.46000000000000013,0.5,0.0,0.0097982079114155,1.557039685627357,0.5,0.0097982079114155,1.590476486435734,1.4658951061768528
2021-07-06,142.02,0.0147184909974278,5,132.6835,78.41635096479098,20,40,0.5,0.47368421052631576,1.0,1.0,0.5,0.5,0.0071092454987139,1.2529185712989928,0.5,0.0071092454987139,1.2798244935335714,0.125,-0.125,0.25,0.46000000000000013,0.5,0.0,0.0073592454987139,1.568498322925129,0.5,0.0073592454987139,1.6021811933593464,1.4874708701002903
2021-07-07,144.57,0.0179552175749893,5,133.575,81.30720776607828,20,40,0.8709677419354839,0.47368421052631576,1.0,1.0,0.5,0.0,0.00897760878749465,1.2641667840747017,0.5,0.00897760878749465,1.2913142571531693,0.25,-0.125,0.25,0.46000000000000013,0.5,0.0,0.00897760878749465,1.5825796872521922,0.5,0.00897760878749465,1.6165649493200078,1.5141787332093997
2021-07-08,143.24,-0.0091996956491663,5,134.3805,75.61835031623102,20,40,0.35,0.47368421052631576,1.0,1.0,0.5,0.0,-0.00459984782458315,1.2583518092430654,0.5,-0.00459984782458315,1.2853744080765501,0.1,-0.125,0.25,0.46000000000000013,0.5,0.0,-0.00459984782458315,1.575300061520556,0.5,-0.00459984782458315,1.609128996554581,1.5002487497054329
2021-07-09,145.11,0.0130550125663222,5,135.3305,77.95396475256953,20,40,0.76,0.47368421052631576,1.0,1.0,0.5,0.0,0.0065275062831611,1.2665657085843267,0.5,0.0065275062831611,1.2937646976014843,0.2,-0.125,0.25,0.46000000000000013,0.5,0.0,0.0065275062831611,1.5855828425699954,0.5,0.0065275062831611,1.6196325961900078,1.5198345159854465
2021-07-12,144.5,-0.0042037075322169,5,136.18800000000002,75.41606284740682,20,40,0.6666666666666666,0.47368421052631576,1.0,1.0,1.0,0.5,-0.0044537075322169,1.2609247953479572,1.0,-0.0044537075322169,1.2880026480228604,0.0,-0.125,0.25,0.46000000000000013,0.5,0.0,-0.00210185376610845,1.5822501793008625,0.5,-0.00210185376610845,1.6162283653179936,1.5134455761828753
2021-07-13,145.64,0.0078892733564013,5,136.946,76.9278295467206,20,40,0.6666666666666666,0.47368421052631576,1.0,1.0,0.5,0.5,0.0036946366782006496,1.2655834543453024,0.5,0.0036946366782006496,1.2927613498478652,-0.1428571428571428,-0.125,0.25,0.46000000000000013,0.5,0.0,0.00394463667820065,1.588491581392222,0.5,0.00394463667820065,1.6226037990081752,1.5253855620434185
2021-07-14,149.15,0.024100521834661,5,137.9215,80.83549886433417,20,40,0.75,0.47368421052631576,1.0,1.0,0.5,0.0,0.0120502609173305,1.2808340651828198,0.5,0.0120502609173305,1.3083394614173725,0.4655172413793103,-0.125,0.25,0.46000000000000013,0.5,0.0,0.0120502609173305,1.6076333194129813,0.5,0.0120502609173305,1.6421565981516755,1.5621481500877226
2021-07-15,148.48,-0.0044921220248073,5,138.83800000000002,78.11580128381591,20,40,0.8,0.47368421052631576,1.0,1.0,0.5,0.0,-0.00224606101240365,1.2779572337256542,0.5,-0.00224606101240365,1.3054008511620936,0.4,-0.125,0.25,0.46000000000000013,1.0,0.5,-0.0047421220248073,1.600009726041179,1.0,-0.0047421220248073,1.6343692911793979,1.5551307899767015
2021-07-16,146.39,-0.0140759698275861,5,139.568,70.1833280198477,20,40,0.7241379310344828,0.47368421052631576,1.0,1.0,0.5,0.0,-0.00703798491379305,1.2689629899942203,0.5,-0.00703798491379305,1.2962134596651622,0.0689655172413793,-0.125,0.25,0.46000000000000013,0.5,0.5,-0.00728798491379305,1.5883488792958689,0.5,-0.00728798491379305,1.622458032441716,1.5332408158990394
2021-07-19,142.45,-0.0269144067217705,5,140.1675,58.187412711520395,20,40,0.21428571428571427,0.47368421052631576,1.0,1.0,0.5,0.0,-0.01345720336088525,1.251886296980431,0.5,-0.01345720336088525,1.2787700515393314,-0.0714285714285714,-0.125,0.25,0.46000000000000013,0.5,0.0,-0.01345720336088525,1.5669741454191501,0.5,-0.01345720336088525,1.600624284754646,1.4919745489775134
2021-07-20,146.15,0.0259740259740262,6,140.86,64.34983145558587,20,55,0.6,0.5,0.75,0.9220512820512821,0.5,0.0,0.0129870129870131,1.2681445605775796,0.5,0.0129870129870131,1.2953774548060761,0.2571428571428571,0.0423351158645276,0.23856624319419242,0.32969696969696954,0.5,0.0,0.0129870129870131,1.5873244589960225,0.5,0.0129870129870131,1.6214116131280831,1.5307271346652414
2021-07-21,145.4,-0.0051317139924734,6,141.43099999999998,62.34405095493345,20,55,0.7727272727272727,0.5,0.75,0.9220512820512821,1.0,0.5,-0.0053817139924734,1.2613197692514402,1.0,-0.0053817139924734,1.2884061038320116,0.1363636363636364,0.0423351158645276,0.23856624319419242,0.32969696969696954,1.0,0.5,-0.0053817139924734,1.5787819327444483,1.0,-0.0053817139924734,1.6126856395621527,1.522871880809621
2021-07-22,146.8,0.0096286107290233,6,142.086,64.56442879669845,20,55,0.5,0.5,0.75,0.9220512820512821,0.5,0.5,0.0045643053645116494,1.2670768178405991,0.5,0.0045643053645116494,1.2942867827234017,0.4827586206896552,0.0423351158645276,0.23856624319419242,0.32969696969696954,0.5,0.5,0.0045643053645116494,1.585987975589468,0.5,0.0045643053645116494,1.6200464292780772,1.5375350213401124
2021-07-23,148.56,0.0119891008174386,6,142.8435,67.18410075959557,20,55,0.84,0.5,0.75,0.9220512820512821,0.5,0.0,0.0059945504087193,1.2746723736968641,0.5,0.0059945504087193,1.3020454500857763,0.28,0.0423351158645276,0.23856624319419242,0.32969696969696954,0.5,0.0,0.0059945504087193,1.5954952604567616,0.5,0.0059945504087193,1.6297578792628504,1.5559686837213018
2021-07-26,148.99,0.0028944534194939,6,143.6375,67.81023259243388,20,55,0.8421052631578947,0.5,0.75,0.9220512820512821,0.5,0.0,0.00144722670974695,1.2765171136022548,0.5,0.00144722670974695,1.303929805038445,0.2368421052631579,0.0423351158645276,0.23856624319419242,0.32969696969696954,0.5,0.0,0.00144722670974695,1.5978043038129692,0.5,0.00144722670974695,1.6321165083961402,1.5604723625985244
2021-07-27,146.77,-0.0149003288811329,6,144.237,61.30657415104393,20,55,0.4074074074074074,0.5,0.75,0.9220512820512821,0.5,0.0,-0.00745016444056645,1.2670068511947208,0.5,-0.00745016444056645,1.2942153135719527,0.125,0.0423351158645276,0.23856624319419242,0.32969696969696954,0.5,0.0,-0.00745016444056645,1.5859003990057179,0.5,-0.00745016444056645,1.6199569720224258,1.5372208111858878
2021-07-28,144.98,-0.0121959528514002,6,144.6695,56.593404710879824,20,55,0.4880952380952381,0.5,0.75,0.9220512820512821,0.5,0.0,-0.0060979764257001,1.2592806732849349,0.5,-0.0060979764257001,1.286323219100011,0.0823529411764705,0.0423351158645276,0.23856624319419242,0.32969696969696954,0.5,0.0,-0.0060979764257001,1.5762296157590727,0.5,-0.0060979764257001,1.6100785125963846,1.5184729386504736
2021-07-29,145.64,0.0045523520485584,6,145.1035,57.87921831155676,20,55,0.7241379310344828,0.5,0.75,0.9220512820512821,1.0,0.5,0.0043023520485584,1.2646985420693522,1.0,0.0043023520485584,1.291857434436814,0.1666666666666667,0.0423351158645276,0.23856624319419242,0.32969696969696954,0.5,0.0,0.0022761760242792,1.5798173918192222,0.5,0.0022761760242792,1.6137433347039634,1.5253855620434196
2021-07-30,145.86,0.0015105740181271,6,145.533,58.32240668057998,20,55,0.5862068965517241,0.5,0.75,0.9220512820512821,1.0,0.0,0.0015105740181271,1.2666089628277655,1.0,0.0015105740181271,1.2938088807123986,0.0,0.0423351158645276,0.23856624319419242,0.32969696969696954,0.5,0.0,0.00075528700906355,1.5810106073719559,0.5,0.00075528700906355,1.614962174080628,1.5276897698410687
2021-08-02,145.52,-0.0023310023310023,6,145.81099999999998,57.31864919162099,20,55,0.42105263157894735,0.5,0.75,0.9220512820512821,0.5,0.5,-0.0014155011655011501,1.2648160763646485,0.5,-0.0014155011655011501,1.2919774927338146,0.2631578947368421,0.0423351158645276,0.23856624319419242,0.32969696969696954,0.5,0.0,-0.00116550116550115,1.579167937666394,0.5,-0.00116550116550115,1.6130799337844965,1.524128721426521
2021-08-03,147.36,0.0126443100604727,6,146.078,61.209481680901845,20,55,1.0,0.5,0.75,0.9220512820512821,0.5,0.0,0.00632215503023635,1.2728124396841611,0.5,0.00632215503023635,1.3001455747384538,0.4090909090909091,0.0423351158645276,0.23856624319419242,0.32969696969696954,0.5,0.0,0.00632215503023635,1.5891516821870997,0.5,0.00632215503023635,1.6232780752020455,1.5434002775523097
2021-08-04,146.95,-0.0027823018458199,6,146.19699999999995,59.89916620035957,20,55,0.6923076923076923,0.5,0.75,0.9220512820512821,1.0,0.5,-0.0030323018458198996,1.2689528881739243,1.0,-0.0030323018458198996,1.2962031409123398,0.2142857142857143,0.0423351158645276,0.23856624319419242,0.32969696969696954,0.5,0.0,-0.00139115092290995,1.5869409323577812,0.5,-0.00139115092290995,1.6210198504095885,1.539106072111237
2021-08-05,147.06,0.0007485539299081,6,146.388,60.14567145337868,20,55,0.38461538461538464,0.5,0.75,0.9220512820512821,0.5,0.5,0.00012427696495404997,1.2691105897875363,0.5,0.00012427696495404997,1.2963642291046564,-0.0769230769230769,0.0423351158645276,0.23856624319419242,0.32969696969696954,0.5,0.0,0.00037427696495405,1.5875348877935054,0.5,0.00037427696495405,1.6216265607993299,1.5402581760100613
2021-08-06,146.14,-0.0062559499524005,6,146.4395,56.99027898732173,20,55,0.5,0.5,0.75,0.9220512820512821,0.5,0.0,-0.00312797497620025,1.2651408436206502,0.5,-0.00312797497620025,1.2923092342359759,0.0588235294117647,0.0423351158645276,0.23856624319419242,0.32969696969696954,0.5,0.0,-0.00312797497620025,1.5825691183906425,0.5,-0.00312797497620025,1.6165541534964079,1.5306223979471667
2021-08-09,146.09,-0.0003421376762008,6,146.519,56.81582328433969,20,55,0.2727272727272727,0.5,0.75,0.9220512820512821,0.5,0.0,-0.0001710688381004,1.2649244174464986,0.5,-0.0001710688381004,1.2920881603968088,0.0,0.0423351158645276,0.23856624319419242,0.32969696969696954,0.5,0.0,-0.0001710688381004,1.582298390130346,0.5,-0.0001710688381004,1.616277611455643,1.5300987143567921
2021-08-10,145.6,-0.0033540967896502,6,146.517,55.03772556229193,20,55,0.9047619047619048,0.5,0.75,0.9220512820512821,0.5,0.0,-0.0016770483948251,1.262803077982645,0.5,-0.0016770483948251,1.289921266021443,0.1428571428571428,0.0423351158645276,0.23856624319419242,0.32969696969696954,0.5,0.0,-0.0016770483948251,1.5796447991550435,0.5,-0.0016770483948251,1.6135670356817595,1.52496661517112
2021-08-11,145.86,0.0017857142857145,6,146.3525,55.82767363704815,20,55,0.38095238095238093,0.5,0.75,0.9220512820512821,0.5,0.0,0.00089285714285725,1.2639305807308439,0.5,0.00089285714285725,1.2910729814375337,0.2272727272727273,0.0423351158645276,0.23856624319419242,0.32969696969696954,0.5,0.0,0.00089285714285725,1.5810551962971464,0.5,0.00089285714285725,1.615007720535047,1.5276897698410687
2021-08-12,148.89,0.0207733443027557,6,146.373,63.80794229834062,20,55,0.55,0.5,0.75,0.9220512820512821,0.5,0.0,0.01038667215137785,1.2770586132949957,0.5,0.01038667215137785,1.3044829332192274,0.3809523809523809,0.0423351158645276,0.23856624319419242,0.32969696969696954,0.5,0.0,0.01038667215137785,1.5974770982743174,0.5,0.01038667215137785,1.6317822762501888,1.559424995417775
2021-08-13,149.1,0.001410437235543,6,146.5085,64.28947394834313,20,55,0.6666666666666666,0.5,0.75,0.9220512820512821,1.0,0.5,0.001160437235543,1.278540559661834,1.0,0.001160437235543,1.3059967037880653,0.24,0.0423351158645276,0.23856624319419242,0.32969696969696954,0.5,0.0,0.0007052186177715,1.5986036688654839,0.5,0.0007052186177715,1.6329330394915498,1.5616244664973487
2021-08-16,151.12,0.0135479543930248,6,146.942,68.61510084989527,20,55,0.65,0.5,0.75,0.9220512820512821,0.5,0.5,0.0065239771965123995,1.286881729117884,0.5,0.0065239771965123995,1.3145169965022991,0.25,0.0423351158645276,0.23856624319419242,0.32969696969696954,0.5,0.0,0.0067739771965124,1.6094325736646395,0.5,0.0067739771965124,1.643994490664497,1.5827812835484865
2021-08-17,150.19,-0.0061540497617788,6,147.144,64.72770065717401,20,55,0.6190476190476191,0.5,0.75,0.9220512820512821,0.5,0.0,-0.0030770248808894,1.2829219620186263,0.5,-0.0030770248808894,1.3104721949977096,0.0,0.0423351158645276,0.23856624319419242,0.32969696969696954,0.5,0.0,-0.0030770248808894,1.6044803095913596,0.5,-0.0030770248808894,1.6389358787126773,1.573040768767517
2021-08-18,146.36,-0.0255010320261002,6,147.192,51.729617244155754,20,55,0.4117647058823529,0.5,0.75,0.9220512820512821,0.5,0.0,-0.0127505160130501,1.2665640449984141,0.5,-0.0127505160130501,1.2937629982907344,0.1176470588235294,0.0423351158645276,0.23856624319419242,0.32969696969696954,0.5,0.0,-0.0127505160130501,1.5840223577112913,0.5,-0.0127505160130501,1.618038600546789,1.5329266057448152
2021-08-19,146.7,0.0023230390817161,6,147.18699999999998,52.63885232614186,20,55,0.38461538461538464,0.5,0.75,0.9220512820512821,0.5,0.0,0.00116151954085805,1.268035183886428,0.5,0.00116151954085805,1.2952657292944882,-0.0769230769230769,0.0423351158645276,0.23856624319419242,0.32969696969696954,0.5,0.0,0.00116151954085805,1.585862230632929,0.5,0.00116151954085805,1.6199179839991869,1.5364876541593628
2021-08-20,148.19,0.0101567825494206,6,147.1685,56.50539548917595,20,55,0.23076923076923078,0.5,0.75,0.9220512820512821,0.5,0.0,0.0050783912747103,1.2744747627003026,0.5,0.0050783912747103,1.3018435954725687,0.3846153846153846,0.0423351158645276,0.23856624319419242,0.32969696969696954,0.5,0.0,0.0050783912747103,1.593915859547868,0.5,0.0050783912747103,1.6281445613548746,1.552093425152529
2021-08-23,149.71,0.0102571023685809,6,147.2045,60.08533082279512,20,55,0.8666666666666667,0.5,0.75,0.9220512820512821,1.0,0.5,0.0100071023685809,1.2872285621168174,1.0,0.0100071023685809,1.314871277600344,0.2,0.0423351158645276,0.23856624319419242,0.32969696969696954,1.0,0.5,0.0100071023685809,1.609866338721268,1.0,0.0100071023685809,1.6444375706512009,1.5680134062999198
2021-08-24,149.62,-0.0006011622470109,6,147.347,59.77162795782885,20,55,0.47368421052631576,0.5,0.75,0.9220512820512821,1.0,0.0,-0.0006011622470109,1.2864547289019985,1.0,-0.0006011622470109,1.3140808266285717,0.2,0.0423351158645276,0.23856624319419242,0.32969696969696954,0.5,0.5,-0.0005505811235054501,1.608979976703801,0.5,-0.0005505811235054501,1.6435321743660172,1.5670707758372453
2021-08-25,148.36,-0.0084213340462504,6,147.51600000000002,55.40997877684251,20,55,0.68,0.5,0.75,0.9220512820512821,0.5,0.5,-0.0044606670231252,1.2807162827160419,0.5,-0.0044606670231252,1.3082191496195086,0.1153846153846154,0.0423351158645276,0.23856624319419242,0.32969696969696954,0.5,0.0,-0.0042106670231252,1.6022050977750255,0.5,-0.0042106670231252,1.636611807637969,1.553873949359803
2021-08-26,147.54,-0.0055270962523592,6,147.61100000000002,52.714040510016446,20,55,1.0,0.5,0.75,0.9220512820512821,1.0,0.5,-0.0057770962523592,1.2733174614788276,1.0,-0.0057770962523592,1.3006614416729771,0.4615384615384616,0.0423351158645276,0.23856624319419242,0.32969696969696954,0.5,0.0,-0.0027635481261796,1.5977773268793138,0.5,-0.0027635481261796,1.6320889521436877,1.5452855384776578
2021-08-27,148.6,0.00718449234106,6,147.748,55.71367474139131,20,55,0.7666666666666667,0.5,0.75,0.9220512820512821,0.5,0.5,0.00334224617053,1.2775732018883241,0.5,0.00334224617053,1.3050085723955647,0.1290322580645161,0.0423351158645276,0.23856624319419242,0.32969696969696954,0.5,0.0,0.00359224617053,1.6035169363631556,0.5,0.00359224617053,1.63795181743199,1.5563876305936013
2021-08-30,153.12,0.0304172274562584,6,148.128,65.70430624413714,20,55,0.8857142857142857,0.5,0.75,0.9220512820512821,0.5,0.0,0.0152086137281292,1.2970033192252528,0.5,0.0152086137281292,1.324855943685026,0.1714285714285714,0.0423351158645276,0.23856624319419242,0.32969696969696954,0.5,0.0,0.0152086137281292,1.627904206054816,0.5,0.0152086137281292,1.6628627939286003,1.6037286271634739
2021-08-31,151.83,-0.0084247648902821,6,148.35150000000002,61.44401911854474,20,55,0.3333333333333333,0.5,0.75,0.9220512820512821,0.5,0.0,-0.00421238244514105,1.2915398452120588,0.5,-0.00421238244514105,1.3192751437655066,-0.1891891891891892,0.0423351158645276,0.23856624319419242,0.32969696969696954,0.5,0.0,-0.00421238244514105,1.6210468509548595,0.5,-0.00421238244514105,1.6558581798867773,1.5902175905318068
2021-09-01,152.51,0.0044786932753735,6,148.6295,62.81282574901794,20,55,0.7419354838709677,0.5,0.75,0.9220512820512821,0.5,0.0,0.00223934663768675,1.2944320506218727,0.5,0.00223934663768675,1.3222294581228815,0.1290322580645161,0.0423351158645276,0.23856624319419242,0.32969696969696954,0.5,0.0,0.00223934663768675,1.6246769367700777,0.5,0.00223934663768675,1.6595662203343926,1.5973396873609023
2021-09-02,153.65,0.0074749196773982,6,148.959,65.05280157714765,20,55,0.4634146341463415,0.5,0.75,0.9220512820512821,1.0,0.5,0.0072249196773982,1.3037842182154655,1.0,0.0072249196773982,1.3317824597529089,0.0238095238095238,0.0423351158645276,0.23856624319419242,0.32969696969696954,1.0,0.5,0.0072249196773982,1.6364150971399627,1.0,0.0072249196773982,1.6715564529756317,1.6092796732214454
2021-09-03,154.3,0.0042303937520338,6,149.36700000000002,66.29927378952812,20,55,-0.17647058823529413,0.5,0.75,0.9220512820512821,0.5,0.5,0.0018651968760168998,1.306216032466281,0.5,0.0018651968760168998,1.334266496236374,-0.1764705882352941,0.0423351158645276,0.23856624319419242,0.32969696969696954,0.5,0.5,0.0018651968760168998,1.639467333467015,0.5,0.0018651968760168998,1.6746742348498076,1.6160875598963165
2021-09-07,156.69,0.01548930654569,6,149.897,70.4699261908581,20,55,0.868421052631579,0.5,0.75,0.9220512820512821,1.0,0.5,0.01523930654569,1.3261218589999295,1.0,0.01523930654569,1.3545997923861637,0.2368421052631579,0.0423351158645276,0.23856624319419242,0.32969696969696954,1.0,0.5,0.01523930654569,1.6644516787333636,1.0,0.01523930654569,1.7001951088788525,1.6411196355162267
2021-09-08,155.11,-0.010083604569532,6,150.3725,64.76380535498316,20,55,0.3870967741935484,0.5,0.75,0.9220512820512821,1.0,0.0,-0.010083604569532,1.3127497705627615,1.0,-0.010083604569532,1.3409405437297715,-0.1290322580645161,0.0423351158645276,0.23856624319419242,0.32969696969696954,1.0,0.0,-0.010083604569532,1.6476680061799227,1.0,-0.010083604569532,1.6830510137098658,1.6245712340603866
2021-09-09,154.07,-0.0067049190896784,6,150.78300000000002,61.24826663373331,20,55,0.6521739130434783,0.5,0.75,0.9220512820512821,0.5,0.5,-0.0036024595448392004,1.3080206426218124,0.5,-0.0036024595448392004,1.3361098596689502,0.1739130434782609,0.0423351158645276,0.23856624319419242,0.32969696969696954,0.5,0.5,-0.0036024595448392004,1.6417323488443336,0.5,-0.0036024595448392004,1.6769878905210753,1.6136786153805927
2021-09-10,148.97,-0.033101836827416,6,150.78699999999998,47.60218573479221,20,55,0.23880597014925373,0.5,0.75,0.9220512820512821,1.0,0.5,-0.033351836827416,1.2643957515821977,1.0,-0.033351836827416,1.2915481416457697,-0.1014492753623188,0.0423351158645276,0.23856624319419242,0.32969696969696954,1.0,0.5,-0.033351836827416,1.5869775594313869,1.0,-0.033351836827416,1.6210572640348637,1.5602628891623738
2021-09-13,149.55,0.0038934013559777,6,150.8095,48.99398946559694,20,55,0.6122448979591837,0.5,0.75,0.9220512820512821,0.5,0.5,0.00169670067798885,1.2665410527111536,0.5,0.00169670067798885,1.2937395122533553,0.14,0.0423351158645276,0.23856624319419242,0.32969696969696954,0.5,0.5,0.00169670067798885,1.5896701853324273,0.5,0.00169670067798885,1.6238077129938104,1.5663376188107203
2021-09-14,148.12,-0.0095620193915079,6,150.6595,45.76621939232064,20,55,0.5288461538461539,0.5,0.75,0.9220512820512821,0.5,0.0,-0.00478100969575395,1.260485707658071,0.5,-0.00478100969575395,1.287554131101492,0.0560747663551401,0.0423351158645276,0.23856624319419242,0.32969696969696954,0.5,0.0,-0.00478100969575395,1.582069956763302,0.5,-0.00478100969575395,1.616044272573947,1.551360268126004
2021-09-15,149.03,0.0061436672967862,6,150.60150000000002,48.109052874355385,20,55,0.4888888888888889,0.5,0.75,0.9220512820512821,0.5,0.0,0.0030718336483931,1.2643577100681738,0.5,0.0030718336483931,1.291509283205537,-0.0434782608695652,0.0423351158645276,0.23856624319419242,0.32969696969696954,0.5,0.0,0.0030718336483931,1.5869298124905993,0.5,0.0030718336483931,1.6210084917477325,1.5608913094708232
2021-09-16,148.79,-0.0016104140106019,6,150.723,47.525934482085155,20,55,0.3076923076923077,0.5,0.75,0.9220512820512821,0.5,0.0,-0.00080520700530095,1.2633396403828205,0.5,-0.00080520700530095,1.2904693508832887,-0.0769230769230769,0.0423351158645276,0.23856624319419242,0.32969696969696954,0.5,0.0,-0.00080520700530095,1.585652005488661,0.5,-0.00080520700530095,1.619703244354525,1.5583776282370247
2021-09-17,146.06,-0.0183480072585522,6,150.691,41.38161908921512,20,55,0.13793103448275862,0.5,0.75,0.9220512820512821,0.5,0.0,-0.0091740036292761,1.25174975793694,0.5,-0.0091740036292761,1.278630580374816,-0.0689655172413793,0.0423351158645276,0.23856624319419242,0.32969696969696954,0.5,0.0,-0.0091740036292761,1.5711052282355389,0.5,-0.0091740036292761,1.6048440809124662,1.5297845042025664
2021-09-20,142.94,-0.0213610844858277,6,150.4285,35.70095285462442,20,55,0.38235294117647056,0.5,0.75,0.9220512820512821,0.5,0.0,-0.01068054224291385,1.2383803917697376,0.5,-0.01068054224291385,1.2649741124480414,0.0555555555555555,0.0423351158645276,0.23856624319419242,0.32969696969696954,0.5,0.0,-0.01068054224291385,1.5543249724773065,0.5,-0.01068054224291385,1.5877034759129904,1.4971066481631852
2021-09-21,143.43,0.0034280117531833,6,150.1145,37.15995014305227,20,55,0.5925925925925926,0.5,0.75,0.9220512820512821,0.5,0.0,0.00171400587659165,1.2405029830386867,0.5,0.00171400587659165,1.2671422855105137,0.1111111111111111,0.0423351158645276,0.23856624319419242,0.32969696969696954,0.5,0.0,0.00171400587659165,1.5569890946142657,0.5,0.00171400587659165,1.5904248090009903,1.5022387473488574
2021-09-22,145.85,0.0168723419089449,6,149.926,43.927115860377,20,55,0.34375,0.5,0.75,0.9220512820512821,0.5,0.0,0.00843617095447245,1.250968078273134,0.5,0.00843617095447245,1.2778321144547213,-0.09375,0.0423351158645276,0.23856624319419242,0.32969696969696954,0.5,0.0,0.00843617095447245,1.5701241207906809,0.5,0.00843617095447245,1.6038419045799568,1.5275850331229925
2021-09-23,146.83,0.0067192320877615,6,149.84949999999998,46.44239855608285,20,55,0.48717948717948717,0.5,0.75,0.9220512820512821,0.5,0.0,0.00335961604388075,1.2551708506992831,0.5,0.00335961604388075,1.2821251397278295,0.05,0.0423351158645276,0.23856624319419242,0.32969696969696954,0.5,0.0,0.00335961604388075,1.5753991349777734,0.5,0.00335961604388075,1.6092301975744319,1.5378492314943368
2021-09-24,146.92,0.0006129537560441,6,149.8185,46.67895440055337,20,55,0.8,0.5,0.75,0.9220512820512821,0.5,0.0,0.00030647687802205,1.2555555315429898,0.5,0.00030647687802205,1.282518081437887,0.2,0.0423351158645276,0.23856624319419242,0.32969696969696954,0.5,0.0,0.00030647687802205,1.5758819583863002,0.5,0.00030647687802205,1.6097233894214034,1.538791861957011
2021-09-27,145.37,-0.0105499591614482,6,149.657,43.144579036265505,20,55,0.2,0.5,0.75,0.9220512820512821,0.5,0.0,-0.0052749795807241,1.2489325017516353,0.5,-0.0052749795807241,1.2757528247463927,-0.25,0.0423351158645276,0.23856624319419242,0.32969696969696954,0.5,0.0,-0.0052749795807241,1.567569213234181,0.5,-0.0052749795807241,1.6012321314115914,1.5225576706553956
2021-09-28,141.91,-0.0238013345256931,6,149.09650000000002,36.50069854318768,20,55,0.68,0.5,0.75,0.9220512820512821,-1.0,1.5,0.0230513345256931,1.277722062649523,-1.0,0.0230513345256931,1.3051606298817198,0.08,0.0423351158645276,0.23856624319419242,0.32969696969696954,0.5,0.0,-0.01190066726284655,1.5489140936159989,0.5,-0.01190066726284655,1.5821764006050834,1.4863187662014665
2021-09-29,142.83,0.0064829821717991,7,148.6465,39.18246409718392,20,55,0.23809523809523808,0.4711168164313222,0.7064166666666668,0.7933793103448276,0.5,1.5,0.00249149108589955,1.2809054957788715,0.5,0.00249149108589955,1.3084124259567371,0.0,0.04598308668076105,0.2272727272727273,0.28,0.5,0.0,0.00324149108589955,1.5539348848432792,0.5,0.00324149108589955,1.5873050113039653,1.4959545442643611
2021-09-30,141.5,-0.0093117692361549,7,148.096,36.76513112051263,20,55,0.7142857142857143,0.4711168164313222,0.7064166666666668,0.7933793103448276,0.5,0.0,-0.00465588461807745,1.2749417475838638,0.5,-0.00465588461807745,1.3023206086686239,0.0714285714285714,0.04598308668076105,0.2272727272727273,0.28,0.5,0.0,-0.00465588461807745,1.5466999433154436,0.5,-0.00465588461807745,1.5799147023176379,1.4820245607603941
2021-10-01,142.65,0.0081272084805654,7,147.546,40.20049843423881,20,55,0.7894736842105263,0.4711168164313222,0.7064166666666668,0.7933793103448276,0.5,0.0,0.0040636042402827,1.280122606275459,0.5,0.0040636042402827,1.3076127242162172,0.1052631578947368,0.04598308668076105,0.2272727272727273,0.28,0.5,0.0,0.0040636042402827,1.5529851197635451,0.5,0.0040636042402827,1.5863348504012607,1.4940692833390123
2021-10-04,139.14,-0.0246056782334386,7,146.78799999999998,34.109531157633015,20,55,0.17857142857142858,0.4711168164313222,0.7064166666666668,0.7933793103448276,-1.0,1.5,0.0238556782334386,1.3106607992701171,-1.0,0.0238556782334386,1.3388067126190695,-0.1785714285714286,0.04598308668076105,0.2272727272727273,0.28,0.5,0.0,-0.0123028391167193,1.5338789936844353,0.5,-0.0123028391167193,1.5668184279515291,1.4573066952947085
2021-10-05,141.11,0.0141584016098894,7,146.009,39.63750295505297,20,55,0.6060606060606061,0.4711168164313222,0.7064166666666668,0.7933793103448276,-1.0,0.0,-0.0141584016098894,1.2921039372997123,-1.0,-0.0141584016098894,1.319851349503793,0.2424242424242424,0.04598308668076105,0.2272727272727273,0.28,0.5,0.0,0.0070792008049447,1.544737631091214,0.5,0.0070792008049447,1.577910250227886,1.4779398287554717
2021-10-06,142.0,0.0063071362766635,7,145.3535,42.00475275764602,20,55,0.4117647058823529,0.4711168164313222,0.7064166666666668,0.7933793103448276,0.5,1.5,0.0024035681383317497,1.2952095971548188,0.5,0.0024035681383317497,1.3230237021547941,0.1764705882352941,0.04598308668076105,0.2272727272727273,0.28,0.5,0.0,0.00315356813833175,1.5496090664667053,0.5,0.00315356813833175,1.5828862977181515,1.4872613966641413
2021-10-07,143.29,0.0090845070422533,7,144.8145,45.35016857198178,20,55,0.10526315789473684,0.4711168164313222,0.7064166666666668,0.7933793103448276,0.5,0.0,0.00454225352112665,1.301092767508092,0.5,0.00454225352112665,1.3290332112244407,0.0526315789473684,0.04598308668076105,0.2272727272727273,0.28,-1.0,1.5,-0.0098345070422533,1.5343694251897988,-1.0,-0.0098345070422533,1.567319391276156,1.5007724332958083
2021-10-08,142.9,-0.0027217530881428,7,144.51100000000002,44.51415105619067,20,55,0.55,0.4711168164313222,0.7064166666666668,0.7933793103448276,0.5,0.0,-0.0013608765440714,1.2993221408791296,0.5,-0.0013608765440714,1.3272245611009936,0.0,0.04598308668076105,0.2272727272727273,0.28,0.5,1.5,-0.0021108765440714,1.5311305607602255,0.5,-0.0021108765440714,1.564010973536043,1.496687701290886
2021-10-11,142.81,-0.000629811056683,7,144.174,44.311143587870696,20,55,0.625,0.4711168164313222,0.7064166666666668,0.7933793103448276,0.5,0.0,-0.0003149055283415,1.2989129771538703,0.5,-0.0003149055283415,1.3268066107493524,0.125,0.04598308668076105,0.2272727272727273,0.28,0.5,0.0,-0.0003149055283415,1.5306483992820294,0.5,-0.0003149055283415,1.5635184578340897,1.4957450708282114
2021-10-12,141.51,-0.0091030039913172,7,143.8435,41.3758826334986,20,55,0.28125,0.4711168164313222,0.7064166666666668,0.7933793103448276,0.5,0.0,-0.0045515019956586,1.2930009721461677,0.5,-0.0045515019956586,1.3207676478126738,-0.1515151515151515,0.04598308668076105,0.2272727272727273,0.28,0.5,0.0,-0.0045515019956586,1.5236816500380457,0.5,-0.0045515019956586,1.5564021004530089,1.482129297478469
2021-10-13,140.91,-0.0042399830400677,7,143.4375,40.057004083098256,20,55,0.2549019607843137,0.4711168164313222,0.7064166666666668,0.7933793103448276,0.5,0.0,-0.00211999152003385,1.2902598210498224,0.5,-0.00211999152003385,1.3179676315993758,-0.2307692307692308,0.04598308668076105,0.2272727272727273,0.28,0.5,0.0,-0.00211999152003385,1.5204514578607338,0.5,-0.00211999152003385,1.5531025411982857,1.475845094393973
2021-10-14,143.76,0.0202256759633807,7,143.18599999999998,48.460766770912315,20,55,0.4666666666666667,0.4711168164313222,0.7064166666666668,0.7933793103448276,0.5,0.0,0.01011283798169035,1.303308009574384,0.5,0.01011283798169035,1.3312960247228525,0.1290322580645161,0.04598308668076105,0.2272727272727273,0.28,0.5,0.0,0.01011283798169035,1.5358275371131043,0.5,0.01011283798169035,1.5688088155663755,1.5056950590453306
2021-10-15,144.84,0.0075125208681137,7,143.125,51.24993137557057,20,55,0.2222222222222222,0.4711168164313222,0.7064166666666668,0.7933793103448276,0.5,0.0,0.00375626043405685,1.3082035738841378,0.5,0.00375626043405685,1.336296719306536,0.0714285714285714,0.04598308668076105,0.2272727272727273,0.28,0.5,0.0,0.00375626043405685,1.5415965053242973,0.5,0.00375626043405685,1.5747016700488872,1.5170066245974243
2021-10-18,146.55,0.0118061309030654,7,143.3055,55.368399347391296,20,55,0.7777777777777778,0.4711168164313222,0.7064166666666668,0.7933793103448276,0.5,0.0,0.0059030654515327,1.3159259852047047,0.5,0.0059030654515327,1.3441849663032708,0.1818181818181818,0.04598308668076105,0.2272727272727273,0.28,0.5,0.0,0.0059030654515327,1.5506966503950805,0.5,0.0059030654515327,1.5839972370738236,1.534916603388239
2021-10-19,148.76,0.0150801774138518,7,143.572,60.06414238732943,20,55,0.85,0.4711168164313222,0.7064166666666668,0.7933793103448276,1.0,0.5,0.0148301774138518,1.335441401028788,1.0,0.0148301774138518,1.3641194678305806,0.3414634146341464,0.04598308668076105,0.2272727272727273,0.28,0.5,0.0,0.0075400887069259,1.5623890406965923,0.5,0.0075400887069259,1.5959407167528858,1.5580634180828006
2021-10-20,149.26,0.0033611185802635,7,143.7425,61.06228979576072,20,55,0.625,0.4711168164313222,0.7064166666666668,0.7933793103448276,0.5,0.5,0.00143055929013175,1.3373518291314563,0.5,0.00143055929013175,1.3660709216081353,0.25,0.04598308668076105,0.2272727272727273,0.28,0.5,0.0,0.00168055929013175,1.565014728113735,0.5,0.00168055929013175,1.5986227897509242,1.5633002539865477
2021-10-21,149.48,0.0014739380946,7,143.875,61.518039315516255,20,55,0.08823529411764706,0.4711168164313222,0.7064166666666668,0.7933793103448276,0.5,0.0,0.0007369690473,1.3383374160348762,0.5,0.0007369690473,1.367077673593777,-0.2941176470588235,0.04598308668076105,0.2272727272727273,0.28,0.5,0.0,0.0007369690473,1.5661680955269235,0.5,0.0007369690473,1.599800925265279,1.5656044617841964
2021-10-22,148.69,-0.0052849879582552,7,143.9635,58.85411584186997,20,55,0.0,0.4711168164313222,0.7064166666666668,0.7933793103448276,0.5,0.0,-0.0026424939791276,1.3348008674709628,0.5,-0.0026424939791276,1.3634651790723058,-0.3125,0.04598308668076105,0.2272727272727273,0.28,0.5,0.0,-0.0026424939791276,1.5620295057641918,0.5,-0.0026424939791276,1.5955734609524626,1.5573302610562765
2021-10-25,148.64,-0.0003362700921381,7,144.127,58.68091749145631,20,55,0.5,0.4711168164313222,0.7064166666666668,0.7933793103448276,1.0,0.5,-0.0005862700921381,1.3340183136434047,1.0,-0.0005862700921381,1.3626658202161441,-0.027027027027027,0.04598308668076105,0.2272727272727273,0.28,1.0,0.5,-0.0005862700921381,1.561113734581925,1.0,-0.0005862700921381,1.5946380239524969,1.5568065774659017
2021-10-26,149.32,0.0045748116254036,7,144.4975,60.38823651969618,20,55,0.375,0.4711168164313222,0.7064166666666668,0.7933793103448276,0.5,0.5,0.0020374058127018,1.3367362503098723,0.5,0.0020374058127018,1.3654421234790224,0.048780487804878,0.04598308668076105,0.2272727272727273,0.28,1.0,0.0,0.0045748116254036,1.5682555358434678,1.0,0.0045748116254036,1.6019331925227853,1.5639286742949976
2021-10-27,148.85,-0.0031476024645057,7,144.7985,58.58632325108928,20,55,0.5454545454545454,0.4711168164313222,0.7064166666666668,0.7933793103448276,0.5,0.0,-0.00157380123225285,1.3346324931519375,0.5,-0.00157380123225285,1.3632931889825213,-0.0833333333333333,0.04598308668076105,0.2272727272727273,0.28,1.0,0.0,-0.0031476024645057,1.563319290853872,1.0,-0.0031476024645057,1.596890943658027,1.5590060485454755
2021-10-28,152.57,0.0249916022841787,7,145.352,66.98363934245612,20,55,0.4444444444444444,0.4711168164313222,0.7064166666666668,0.7933793103448276,1.0,0.5,0.0247416022841787,1.3676534394930446,1.0,0.0247416022841787,1.3970232468610564,0.1097560975609756,0.04598308668076105,0.2272727272727273,0.28,0.5,0.5,0.01224580114208935,1.5824633880112606,0.5,0.01224580114208935,1.6164461525996667,1.597968107669353
2021-10-29,149.8,-0.0181556007078717,7,145.7095,57.61542174394957,20,55,0.2288135593220339,0.4711168164313222,0.7064166666666668,0.7933793103448276,0.5,0.5,-0.00932780035393585,1.3548962412560799,0.5,-0.00932780035393585,1.383992092924529,-0.1512605042016807,0.04598308668076105,0.2272727272727273,0.28,1.0,0.5,-0.0184056007078717,1.5533371987566995,1.0,-0.0184056007078717,1.5866944901491418,1.568956036762595
2021-11-01,148.96,-0.005607476635514,7,146.2005,55.09881869750445,20,55,0.39285714285714285,0.4711168164313222,0.7064166666666668,0.7933793103448276,1.0,0.5,-0.005857476635514,1.3469599681793767,1.0,-0.005857476635514,1.3758853915764877,0.1428571428571428,0.04598308668076105,0.2272727272727273,0.28,0.5,0.5,-0.003053738317757,1.5485937134324588,0.5,-0.003053738317757,1.5818491403859993,1.5601581524443002
2021-11-02,150.02,0.0071160042964555,7,146.64600000000002,57.614767531530205,20,55,0.6551724137931034,0.4711168164313222,0.7064166666666668,0.7933793103448276,1.0,0.0,0.0071160042964555,1.3565449411000947,1.0,0.0071160042964555,1.3856761979343764,0.0967741935483871,0.04598308668076105,0.2272727272727273,0.28,1.0,0.5,0.0068660042964555,1.5592263645223499,1.0,0.0068660042964555,1.5927101233802339,1.571260244560244
2021-11-03,151.49,0.0097986935075322,7,147.1205,60.88781475834846,20,55,0.6,0.4711168164313222,0.7064166666666668,0.7933793103448276,1.0,0.0,0.0097986935075322,1.3698373092071279,1.0,0.0097986935075322,1.3992540142986178,0.1428571428571428,0.04598308668076105,0.2272727272727273,0.28,0.5,0.5,0.004649346753766099,1.5664757485586283,0.5,0.004649346753766099,1.600115185022062,1.58665654211726
2021-11-04,150.96,-0.0034985807644069,7,147.504,59.11533582685631,20,55,0.6551724137931034,0.4711168164313222,0.7064166666666668,0.7933793103448276,0.5,0.5,-0.0019992903822034502,1.3670986066496467,0.5,-0.0019992903822034502,1.396456499205571,0.0344827586206896,0.04598308668076105,0.2272727272727273,0.28,0.5,0.0,-0.00174929038220345,1.5637355275977198,0.5,-0.00174929038220345,1.5973161189184855,1.5811054960592883
2021-11-05,151.28,0.0021197668256491,7,147.923,59.87483330426045,20,55,0.7777777777777778,0.4711168164313222,0.7064166666666668,0.7933793103448276,0.5,0.0,0.00105988341282455,1.3685475717865303,0.5,0.00105988341282455,1.3979365802858101,0.2777777777777778,0.04598308668076105,0.2272727272727273,0.28,0.5,0.0,0.00105988341282455,1.5653929049454651,0.5,0.00105988341282455,1.5990090877779646,1.5844570710376864
2021-11-08,150.44,-0.0055526176626123,7,148.30450000000002,56.8874146470547,20,55,0.7142857142857143,0.4711168164313222,0.7064166666666668,0.7933793103448276,0.5,0.0,-0.00277630883130615,1.3647480610769167,0.5,-0.00277630883130615,1.3940554766123567,0.5,0.04598308668076105,0.2272727272727273,0.28,1.0,0.5,-0.0058026176626123005,1.5563095284263007,1.0,-0.0058026176626123005,1.5897306494025467,1.5756591867193916
2021-11-09,150.81,0.0024594522733316,7,148.76950000000002,57.88420515673123,20,55,0.3333333333333333,0.4711168164313222,0.7064166666666668,0.7933793103448276,0.5,0.0,0.0012297261366658,1.366426327437587,0.5,0.0012297261366658,1.395769783067909,0.1052631578947368,0.04598308668076105,0.2272727272727273,0.28,0.5,0.5,0.0009797261366658,1.5578342855480418,0.5,0.0009797261366658,1.591288150070025,1.5795344452881646
2021-11-10,147.92,-0.0191631854651549,7,149.11999999999998,48.45964923687625,20,55,0.2962962962962963,0.4711168164313222,0.7064166666666668,0.7933793103448276,0.5,0.0,-0.00958159273257745,1.3533337868690085,0.5,-0.00958159273257745,1.3823960854581143,-0.1111111111111111,0.04598308668076105,0.2272727272727273,0.28,0.5,0.0,-0.00958159273257745,1.5429077518790748,0.5,-0.00958159273257745,1.5760410750958775,1.549265533764507
2021-11-11,147.87,-0.0003380205516494,7,149.3255,48.31308687561156,20,55,0.7058823529411765,0.4711168164313222,0.7064166666666668,0.7933793103448276,0.5,0.0,-0.0001690102758247,1.3531050595524068,0.5,-0.0001690102758247,1.382162446314412,0.4705882352941176,0.04598308668076105,0.2272727272727273,0.28,0.5,0.0,-0.0001690102758247,1.5426469846143576,0.5,-0.0001690102758247,1.5757747079590645,1.5487418501741324
2021-11-12,149.99,0.0143369175627241,7,149.583,54.58489863208117,20,55,0.5555555555555556,0.4711168164313222,0.7064166666666668,0.7933793103448276,0.5,0.0,0.00716845878136205,1.3628047373986607,0.5,0.00716845878136205,1.3920704208399635,-0.037037037037037,0.04598308668076105,0.2272727272727273,0.28,0.5,0.0,0.00716845878136205,1.553705385937758,0.5,0.00716845878136205,1.5870705840017818,1.5709460344060198
2021-11-15,150.0,6.667111140745696e-05,7,149.75549999999998,54.61287516638368,20,55,0.7692307692307693,0.4711168164313222,0.7064166666666668,0.7933793103448276,0.5,0.0,3.333555570372848e-05,1.3628501672518978,0.5,3.333555570372848e-05,1.392116826281021,0.2307692307692308,0.04598308668076105,0.2272727272727273,0.28,0.5,0.0,3.333555570372848e-05,1.5537571795701983,0.5,3.333555570372848e-05,1.5871234898816406,1.5710507711240949
2021-11-16,151.0,0.0066666666666665,7,149.8675,57.436552735481825,20,55,0.5555555555555556,0.4711168164313222,0.7064166666666668,0.7933793103448276,0.5,0.0,0.00333333333333325,1.3673930011427373,0.5,0.00333333333333325,1.3967572157019577,0.2068965517241379,0.04598308668076105,0.2272727272727273,0.28,0.5,0.0,0.00333333333333325,1.5589363701687655,0.5,0.00333333333333325,1.5924139015145793,1.5815244429315887
2021-11-17,153.49,0.0164900662251656,7,150.079,63.52205978032634,20,55,0.6666666666666666,0.4711168164313222,0.7064166666666668,0.7933793103448276,0.5,0.0,0.0082450331125828,1.3786672017150732,0.5,0.0082450331125828,1.408273525195659,0.2,0.04598308668076105,0.2272727272727273,0.28,0.5,0.0,0.0082450331125828,1.5717898521612166,0.5,0.0082450331125828,1.605543406861504,1.6076038857322488
2021-11-18,157.87,0.0285360609811713,7,150.4985,71.29629081475971,20,55,0.5806451612903226,0.4711168164313222,0.7064166666666668,0.7933793103448276,0.5,0.0,0.01426803049058565,1.3983380673855141,0.5,0.01426803049058565,1.428366814792235,0.40625,0.04598308668076105,0.2272727272727273,0.28,0.5,0.0,0.01426803049058565,1.5942161976966458,0.5,0.01426803049058565,1.6284513491445625,1.6534785682490722
2021-11-19,160.55,0.0169759929055552,7,151.09150000000002,74.83089134358609,20,55,0.7045454545454546,0.4711168164313222,0.7064166666666668,0.7933793103448276,0.5,0.0,0.0084879964527776,1.410207155941266,0.5,0.0084879964527776,1.4404907872494568,0.3636363636363636,0.04598308668076105,0.2272727272727273,0.28,0.5,0.0,0.0084879964527776,1.6077478991276555,0.5,0.0084879964527776,1.6422736384196224,1.6815480086931562
2021-11-22,161.02,0.0029274369355341,7,151.7105,75.40294037935959,20,55,0.6086956521739131,0.4711168164313222,0.7064166666666668,0.7933793103448276,0.5,0.0,0.00146371846776705,1.4122713021987945,0.5,0.00146371846776705,1.442599260217402,0.2173913043478261,0.04598308668076105,0.2272727272727273,0.28,0.5,0.0,0.00146371846776705,1.6101011894191224,0.5,0.00146371846776705,1.6446774646733042,1.6864706344426783
2021-11-23,161.41,0.0024220593715065,7,152.315,75.89257009514459,20,55,0.2,0.4711168164313222,0.7064166666666668,0.7933793103448276,0.5,0.0,0.00121102968575325,1.4139816046700946,0.5,0.00121102968575325,1.444346290746171,-0.08,0.04598308668076105,0.2272727272727273,0.28,0.5,0.0,0.00121102968575325,1.6120510697565755,0.5,0.00121102968575325,1.646669217906513,1.6905553664476007
2021-11-24,161.94,0.0032835635958119,7,152.9695,76.5750031594748,20,55,0.3157894736842105,0.4711168164313222,0.7064166666666668,0.7933793103448276,0.5,0.0,0.00164178179790595,1.4163030539312158,0.5,0.00164178179790595,1.4467175921961912,0.05,0.04598308668076105,0.2272727272727273,0.28,0.5,0.0,0.00164178179790595,1.6146977058601968,0.5,0.00164178179790595,1.649372689455644,1.6961064125055727
2021-11-26,156.81,-0.0316783994071878,7,153.1815,59.12776187995883,20,55,0.7,0.4711168164313222,0.7064166666666668,0.7933793103448276,1.0,0.5,-0.0319283994071878,1.37108276434368,1.0,-0.0319283994071878,1.4005262150831461,0.0476190476190476,0.04598308668076105,0.2272727272727273,0.28,1.0,0.5,-0.0319283994071878,1.5631429925856226,1.0,-0.0319283994071878,1.5967108594553965,1.6423764761331288
2021-11-29,160.24,0.0218736049996812,7,153.7035,64.88818587403514,20,55,0.8888888888888888,0.4711168164313222,0.7064166666666668,0.7933793103448276,1.0,0.0,0.0218736049996812,1.4010732871528049,1.0,0.0218736049996812,1.4311607723035735,0.1111111111111111,0.04598308668076105,0.2272727272727273,0.28,0.5,0.5,0.0106868024998406,1.579847993026395,0.5,0.0106868024998406,1.613774593059747,1.6783011704328332
2021-11-30,165.3,0.0315776335496755,7,154.5205,71.31169083057546,20,55,0.44,0.4711168164313222,0.7064166666666668,0.7933793103448276,0.5,0.5,0.01553881677483775,1.422844308249992,0.5,0.01553881677483775,1.4533993173197342,0.08,0.04598308668076105,0.2272727272727273,0.28,0.5,0.0,0.01578881677483775,1.6047919235203836,0.5,0.01578881677483775,1.6392541844254556,1.7312979497787528
2021-12-01,164.77,-0.0032062915910465,7,155.25799999999998,69.86984569995124,20,55,0.5333333333333333,0.4711168164313222,0.7064166666666668,0.7933793103448276,0.5,0.0,-0.00160314579552325,1.4205632813795368,0.5,-0.00160314579552325,1.4510693063149567,0.0,0.04598308668076105,0.2272727272727273,0.28,0.5,0.0,-0.00160314579552325,1.6022192080955022,0.5,-0.00160314579552325,1.6366262209719,1.7257469037207813
2021-12-02,163.76,-0.0061297566304546,7,155.87150000000003,67.08615505214274,20,55,0.15254237288135594,0.4711168164313222,0.7064166666666668,0.7933793103448276,1.0,0.5,-0.0063797566304546,1.4115004333661754,1.0,-0.0063797566304546,1.4418118372867446,-0.1333333333333333,0.04598308668076105,0.2272727272727273,0.28,0.5,0.0,-0.0030648783152273,1.5973086011883697,0.5,-0.0030648783152273,1.631610160757111,1.7151684951952124
2021-12-03,161.84,-0.0117244748412309,7,156.4155,62.02701603448736,20,55,0.12903225806451613,0.4711168164313222,0.7064166666666668,0.7933793103448276,0.5,0.5,-0.00611223742061545,1.4028730075981397,0.5,-0.00611223742061545,1.4329991410213943,-0.25,0.04598308668076105,0.2272727272727273,0.28,0.5,0.0,-0.00586223742061545,1.5879447989342124,0.5,-0.00586223742061545,1.6220452746168643,1.6950590453248244
2021-12-06,165.32,0.0215027187345526,7,157.1175,66.89940754142857,20,55,0.7058823529411765,0.4711168164313222,0.7064166666666668,0.7933793103448276,1.0,0.5,0.0212527187345526,1.4326878730489188,1.0,0.0212527187345526,1.4634542687123775,0.1470588235294118,0.04598308668076105,0.2272727272727273,0.28,1.0,0.5,0.0212527187345526,1.6216929431119569,1.0,0.0212527187345526,1.6565181466130066,1.7315074232149035
2021-12-07,171.18,0.035446406968304,7,158.15449999999998,73.14759085717675,20,55,0.6875,0.4711168164313222,0.7064166666666668,0.7933793103448276,1.0,0.0,0.035446406968304,1.4834715104555647,1.0,0.035446406968304,1.5153284643006582,0.3469387755102041,0.04598308668076105,0.2272727272727273,0.28,1.0,0.0,0.035446406968304,1.67917613115113,1.0,0.035446406968304,1.715235762988232,1.7928831400068184
2021-12-08,175.08,0.0227830354013318,7,159.368,76.34755889062747,20,55,0.625,0.4711168164313222,0.7064166666666668,0.7933793103448276,0.5,0.5,0.0111415177006659,1.499999634547739,0.5,0.0111415177006659,1.532211523207987,0.024390243902439,0.04598308668076105,0.2272727272727273,0.28,0.5,0.5,0.0111415177006659,1.697884701738886,0.5,0.0111415177006659,1.7343460926023806,1.8337304600560447
2021-12-09,174.56,-0.0029700708247658,8,160.70000000000002,75.06312299732609,20,40,0.36363636363636365,0.4001322751322751,0.6930769230769231,0.76993006993007,0.5,0.0,-0.0014850354123829,1.4977720819718743,0.5,-0.0014850354123829,1.529936134836762,0.0303030303030303,0.0476190476190476,0.207487684729064,0.26844444444444443,0.5,0.0,-0.0014850354123829,1.6953632828306606,0.5,-0.0014850354123829,1.731770527237538,1.828284150716148
2021-12-10,179.45,0.0280132905591199,8,162.279,78.69327047804211,20,40,0.6190476190476191,0.4001322751322751,0.6930769230769231,0.76993006993007,0.5,0.0,0.01400664527955995,1.5187508442336823,0.5,0.01400664527955995,1.5513654075778014,0.1428571428571428,0.0476190476190476,0.207487684729064,0.26844444444444443,1.0,0.5,0.0277632905591199,1.7424321462551515,1.0,0.0277632905591199,1.779850175566954,1.8795004058547933
2021-12-13,175.74,-0.0206742825299525,8,163.5665,70.32834050296313,20,40,0.7090909090909091,0.4001322751322751,0.6930769230769231,0.76993006993007,1.0,0.5,-0.0209242825299525,1.486972072476333,1.0,-0.0209242825299525,1.5189041994824486,0.25,0.0476190476190476,0.207487684729064,0.26844444444444443,1.0,0.0,-0.0206742825299525,1.706408611774201,1.0,-0.0206742825299525,1.7430530501762973,1.8406430834489909
2021-12-14,174.33,-0.0080232161147149,8,164.78300000000002,67.39616613208482,20,40,0.25925925925925924,0.4001322751322751,0.6930769230769231,0.76993006993007,0.5,0.5,-0.0042616080573574504,1.4806351803112023,0.5,-0.0042616080573574504,1.5124312251075802,0.0555555555555555,0.0476190476190476,0.207487684729064,0.26844444444444443,0.5,0.5,-0.0042616080573574504,1.69913656708512,0.5,-0.0042616080573574504,1.7356248412532647,1.8258752062004244
2021-12-15,179.3,0.0285091493145184,8,166.198,71.85111372600552,20,40,0.45454545454545453,0.4001322751322751,0.6930769230769231,0.76993006993007,0.5,0.0,0.0142545746572592,1.5017410050291127,0.5,0.0142545746572592,1.533990288919846,0.0909090909090909,0.0476190476190476,0.207487684729064,0.26844444444444443,0.5,0.0,0.0142545746572592,1.7233570361335138,0.5,0.0142545746572592,1.7603654351299027,1.8779293550836695
2021-12-16,172.26,-0.0392638036809817,8,167.1365,59.457887987449745,20,40,0.1875,0.4001322751322751,0.6930769230769231,0.76993006993007,1.0,0.5,-0.0395138036809817,1.4424015057767121,1.0,-0.0395138036809817,1.4733764977949348,-0.3125,0.0476190476190476,0.207487684729064,0.26844444444444443,0.5,0.0,-0.01963190184049085,1.6895242599640212,0.5,-0.01963190184049085,1.7258061137040395,1.8041947055589118
2021-12-17,171.14,-0.0065017996052478,8,167.8,57.75124662787942,20,40,0.10714285714285714,0.4001322751322751,0.6930769230769231,0.76993006993007,0.5,0.5,-0.0035008998026238997,1.437351802629834,0.5,-0.0035008998026238997,1.468218354304614,-0.25,0.0476190476190476,0.207487684729064,0.26844444444444443,0.5,0.0,-0.0032508998026239,1.6840317858807758,0.5,-0.0032508998026239,1.7201956909496319,1.7924641931345187
2021-12-20,169.75,-0.0081220053757157,8,168.26,55.617581077037826,20,40,-0.21052631578947367,0.4001322751322751,0.6930769230769231,0.76993006993007,1.0,0.5,-0.0083720053757157,1.4253182856114224,1.0,-0.0083720053757157,1.4559264223496513,-0.3157894736842105,0.0476190476190476,0.207487684729064,0.26844444444444443,1.0,0.5,-0.0083720053757157,1.6699330627165059,1.0,-0.0083720053757157,1.7057942033777185,1.7779057893221022
2021-12-21,172.99,0.0190868924889544,8,168.8585,59.38438416584514,20,40,0.6428571428571429,0.4001322751322751,0.6930769230769231,0.76993006993007,1.0,0.0,0.0190868924889544,1.4525231824914284,1.0,0.0190868924889544,1.4837155334448673,0.3571428571428572,0.0476190476190476,0.207487684729064,0.26844444444444443,1.0,0.0,0.0190868924889544,1.7018068955483263,1.0,0.0190868924889544,1.7383525139458706,1.8118404859783828
2021-12-22,175.64,0.0153188045551764,8,169.57,62.20946293022704,20,40,0.48148148148148145,0.4001322751322751,0.6930769230769231,0.76993006993007,1.0,0.0,0.0153188045551764,1.4747741012358775,1.0,0.0153188045551764,1.5064442817171886,0.2142857142857143,0.0476190476190476,0.207487684729064,0.26844444444444443,1.0,0.0,0.0153188045551764,1.7278765427718827,1.0,0.0153188045551764,1.764981996355007,1.8395957162682415
2021-12-23,176.28,0.0036438168982009,8,170.28699999999998,62.880973539733766,20,40,0.3333333333333333,0.4001322751322751,0.6930769230769231,0.76993006993007,0.5,0.5,0.00157190844910045,1.4770923111061245,0.5,0.00157190844910045,1.5088122742117187,0.2666666666666667,0.0476190476190476,0.207487684729064,0.26844444444444443,0.5,0.5,0.00157190844910045,1.7305926065084682,0.5,0.00157190844910045,1.7677563864675876,1.8462988662250377
2021-12-27,180.33,0.0229748127978217,8,171.46300000000002,66.89041012133566,20,40,0.2727272727272727,0.4001322751322751,0.6930769230769231,0.76993006993007,0.5,0.0,0.01148740639891085,1.4940602707725068,0.5,0.01148740639891085,1.5261446139852535,0.0434782608695652,0.0476190476190476,0.207487684729064,0.26844444444444443,0.5,0.0,0.01148740639891085,1.7504726270903812,0.5,0.01148740639891085,1.7880633224932108,1.8887172370453884
2021-12-28,179.29,-0.0057672045694006,8,172.4155,64.95028026000733,20,40,0.5102040816326531,0.4001322751322751,0.6930769230769231,0.76993006993007,1.0,0.5,-0.0060172045694006,1.4850702044842545,1.0,-0.0060172045694006,1.5169614896404153,0.1428571428571428,0.0476190476190476,0.207487684729064,0.26844444444444443,0.5,0.0,-0.0028836022847003,1.745424960223598,0.5,-0.0028836022847003,1.7829072590112804,1.8778246183655944
2021-12-29,179.38,0.0005019800323498,8,173.1195,65.04476746241099,20,40,0.5,0.4001322751322751,0.6930769230769231,0.76993006993007,1.0,0.0,0.0005019800323498,1.4858156800735434,1.0,0.0005019800323498,1.5177229740180584,-0.03125,0.0476190476190476,0.207487684729064,0.26844444444444443,1.0,0.5,0.0002519800323498,1.7458647724615393,1.0,0.0002519800323498,1.7833565160400826,1.878767248828269
2021-12-30,178.2,-0.0065782138476976,8,173.791,62.65969859480313,20,40,0.5,0.4001322751322751,0.6930769230769231,0.76993006993007,0.5,0.5,-0.0035391069238487997,1.480557219512632,0.5,-0.0035391069238487997,1.5123515901322266,0.0714285714285714,0.0476190476190476,0.207487684729064,0.26844444444444443,0.5,0.5,-0.0035391069238487997,1.739685970357217,0.5,-0.0035391069238487997,1.7770450266464741,1.8664083160954261
2021-12-31,177.57,-0.0035353535353535,8,174.48149999999998,61.36592270843056,20,40,0.5384615384615384,0.4001322751322751,0.6930769230769231,0.76993006993007,0.5,0.0,-0.00176767676767675,1.4779400729124834,0.5,-0.00176767676767675,1.5096782413617909,0.3076923076923077,0.0476190476190476,0.207487684729064,0.26844444444444443,1.0,0.5,-0.0037853535353535002,1.7331006439189205,1.0,-0.0037853535353535002,1.7703182829723756,1.859809902856705
2022-01-03,182.01,0.0250042236864334,8,175.49,66.60004365822158,20,40,0.8285714285714286,0.4001322751322751,0.6930769230769231,0.76993006993007,0.5,0.0,0.0125021118432167,1.4964174450016072,0.5,0.0125021118432167,1.5285524075825667,0.3611111111111111,0.0476190476190476,0.207487684729064,0.26844444444444443,0.5,0.5,0.0122521118432167,1.7543347868437658,0.5,0.0122521118432167,1.7920084205734443,1.906313005681978
2022-01-04,179.7,-0.0126916103510795,8,176.209,61.90125052314123,20,40,0.5263157894736842,0.4001322751322751,0.6930769230769231,0.76993006993007,0.5,0.0,-0.00634580517553975,1.4869214714343482,0.5,-0.00634580517553975,1.5188525118034455,0.1578947368421053,0.0476190476190476,0.207487684729064,0.26844444444444443,0.5,0.0,-0.00634580517553975,1.7432021200737833,0.5,-0.00634580517553975,1.7806366842635586,1.882118823806667
2022-01-05,174.92,-0.0265998887033945,8,176.39600000000002,53.49126446244984,20,40,0.68,0.4001322751322751,0.6930769230769231,0.76993006993007,0.5,0.0,-0.01329994435169725,1.4671454986089276,0.5,-0.01329994435169725,1.4986518579180241,0.2,0.0476190476190476,0.207487684729064,0.26844444444444443,0.5,0.0,-0.01329994435169725,1.7200176288830413,0.5,-0.01329994435169725,1.7569543154522627,1.832054672566846
2022-01-06,172.0,-0.0166933455293848,8,176.24200000000002,49.1025294785558,20,40,0.76,0.4001322751322751,0.6930769230769231,0.76993006993007,0.5,0.0,-0.0083466727646924,1.4548997152338474,0.5,-0.0083466727646924,1.486143101271784,0.2307692307692308,0.0476190476190476,0.207487684729064,0.26844444444444443,0.5,0.0,-0.0083466727646924,1.7056612045852526,0.5,-0.0083466727646924,1.7422895927186686,1.8014715508889636
2022-01-07,172.17,0.0009883720930232,8,176.1225,49.36300992553249,20,40,0.6666666666666666,0.4001322751322751,0.6930769230769231,0.76993006993007,0.5,0.0,0.0004941860465116,1.4556187063721895,0.5,0.0004941860465116,1.4868775324555519,0.0588235294117647,0.0476190476190476,0.207487684729064,0.26844444444444443,0.5,0.0,0.0004941860465116,1.7065041185526346,0.5,0.0004941860465116,1.7431506079243724,1.8032520750962375
2022-01-10,172.19,0.0001161642562583,8,175.7595,49.39582180163515,20,40,0.6363636363636364,0.4001322751322751,0.6930769230769231,0.76993006993007,-1.0,1.5,-0.0008661642562583001,1.454357901477989,-1.0,-0.0008661642562583001,1.4855896522835053,0.0909090909090909,0.0476190476190476,0.207487684729064,0.26844444444444443,-1.0,1.5,-0.0008661642562583001,1.7050260056819868,-1.0,-0.0008661642562583001,1.7416407531745133,1.8034615485323875
2022-01-11,175.08,0.0167837853533887,8,175.7265,54.03113895310886,20,40,0.8260869565217391,0.4001322751322751,0.6930769230769231,0.76993006993007,0.5,1.5,0.00764189267669435,1.4654719484745862,0.5,0.00764189267669435,1.4969423689678636,0.3478260869565217,0.0476190476190476,0.207487684729064,0.26844444444444443,0.5,1.5,0.00764189267669435,1.7180556314283815,0.5,0.00764189267669435,1.75495018489163,1.8337304600560451
2022-01-12,175.53,0.0025702535983549,8,175.7865,54.72654122775399,20,40,0.7894736842105263,0.4001322751322751,0.6930769230769231,0.76993006993007,0.5,0.0,0.00128512679917745,1.4673552657490134,0.5,0.00128512679917745,1.4988661297230483,0.0,0.0476190476190476,0.207487684729064,0.26844444444444443,0.5,0.0,0.00128512679917745,1.7202635507628077,0.5,0.00128512679917745,1.7572055184054556,1.8384436123694172
2022-01-13,172.19,-0.0190280863670028,8,175.43099999999998,48.82296530400488,20,40,0.5121951219512195,0.4001322751322751,0.6930769230769231,0.76993006993007,-1.0,1.5,0.0182780863670028,1.4941757120274504,-1.0,0.0182780863670028,1.5262625342947016,0.1219512195121951,0.0476190476190476,0.207487684729064,0.26844444444444443,-1.0,1.5,0.0182780863670028,1.7517066765176574,-1.0,0.0182780863670028,1.7893238726354446,1.8034615485323873
2022-01-14,173.07,0.0051106336024158,8,175.4715,50.34288120252953,20,40,0.4166666666666667,0.4001322751322751,0.6930769230769231,0.76993006993007,-1.0,0.0,-0.0051106336024158,1.4865395274256492,-1.0,-0.0051106336024158,1.5184623657008267,0.12,0.0476190476190476,0.207487684729064,0.26844444444444443,-1.0,0.0,-0.0051106336024158,1.7427543455150702,-1.0,-0.0051106336024158,1.780179293926349,1.8126783797229817
2022-01-18,169.8,-0.0188940890968971,8,175.4045,44.99525634096117,20,40,0.5526315789473685,0.4001322751322751,0.6930769230769231,0.76993006993007,-1.0,0.0,0.0188940890968971,1.5146263377028888,-1.0,0.0188940890968971,1.5471523289286633,0.0,0.0476190476190476,0.207487684729064,0.26844444444444443,-1.0,0.0,0.0188940890968971,1.7756821013932367,-1.0,0.0188940890968971,1.813814160114245,1.7784294729124768
2022-01-19,166.23,-0.0210247349823322,8,175.2285,39.99969094070709,20,40,0.75,0.4001322751322751,0.6930769230769231,0.76993006993007,-1.0,0.0,0.0210247349823322,1.5464709550503526,-1.0,0.0210247349823322,1.5796807966216866,0.0625,0.0476190476190476,0.207487684729064,0.26844444444444443,0.5,1.5,-0.011262367491166101,1.75568371701986,0.5,-0.011262367491166101,1.7933863184823577,1.7410384645597232
2022-01-20,164.51,-0.0103471094266979,8,174.8045,37.82099899068748,20,40,0.4358974358974359,0.4001322751322751,0.6930769230769231,0.76993006993007,0.5,1.5,-0.0059235547133489495,1.537310349735507,0.5,-0.0059235547133489495,1.5703234709932714,0.1282051282051282,0.0476190476190476,0.207487684729064,0.26844444444444443,0.5,0.0,-0.00517355471334895,1.746600591250522,0.5,-0.00517355471334895,1.7841081362415179,1.7230237490508336
2022-01-21,162.41,-0.0127651814479362,8,174.14299999999997,35.29339973284732,20,40,0.4523809523809524,0.4001322751322751,0.6930769230769231,0.76993006993007,-1.0,1.5,0.0120151814479362,1.5557814125293692,-1.0,0.0120151814479362,1.5891911924292084,0.1666666666666667,0.0476190476190476,0.207487684729064,0.26844444444444443,0.5,0.0,-0.0063825907239681,1.7354527545183294,0.5,-0.0063825907239681,1.7727209042005867,1.7010290382550965
2022-01-24,161.62,-0.0048642324979988,8,173.41000000000005,34.36302253058699,20,40,0.38,0.4001322751322751,0.6930769230769231,0.76993006993007,0.5,1.5,-0.0031821162489993997,1.5508307352166681,0.5,-0.0031821162489993997,1.5841342013130126,-0.1,0.0476190476190476,0.207487684729064,0.26844444444444443,0.5,0.0,-0.0024321162489994,1.7312319316746945,0.5,-0.0024321162489994,1.7684094408845394,1.6927548375271764
2022-01-25,159.78,-0.0113847296126716,8,172.3825,32.23181500122152,20,40,0.45714285714285713,0.4001322751322751,0.6930769230769231,0.76993006993007,0.5,0.0,-0.0056923648063358,1.5420028409189368,0.5,-0.0056923648063358,1.5751167315369454,0.0277777777777777,0.0476190476190476,0.207487684729064,0.26844444444444443,0.5,0.0,-0.0056923648063358,1.7213771279552246,0.5,-0.0056923648063358,1.7583430092200563,1.6734832814013876
2022-01-26,159.69,-0.0005632745024408,8,171.40249999999995,32.12685785674411,20,40,0.5277777777777778,0.4001322751322751,0.6930769230769231,0.76993006993007,0.5,0.0,-0.0002816372512204,1.5415685554774463,0.5,-0.0002816372512204,1.574673119990324,0.1944444444444444,0.0476190476190476,0.207487684729064,0.26844444444444443,0.5,0.0,-0.0002816372512204,1.7208923240325935,0.5,-0.0002816372512204,1.757847794328237,1.6725406509387133
2022-01-27,159.22,-0.002943202454756,8,170.39450000000002,31.549089037351663,20,40,0.5925925925925926,0.4001322751322751,0.6930769230769231,0.76993006993007,0.5,0.0,-0.001471601227378,1.5392999812991184,0.5,-0.001471601227378,1.5723558290942272,0.1111111111111111,0.0476190476190476,0.207487684729064,0.26844444444444443,0.5,0.0,-0.001471601227378,1.7183598567763618,0.5,-0.001471601227378,1.7552609433565598,1.6676180251891912
2022-01-28,170.33,0.0697776661223466,8,170.001,53.045431995098795,20,40,0.524390243902439,0.4001322751322751,0.6930769230769231,0.76993006993007,0.5,0.0,0.0348888330611733,1.5930043613777307,0.5,0.0348888330611733,1.6272134891282586,0.0963855421686747,0.0476190476190476,0.207487684729064,0.26844444444444443,0.5,0.0,0.0348888330611733,1.7783114269584541,0.5,0.0348888330611733,1.8164999493881246,1.7839805189704496
2022-01-31,174.78,0.0261257558856335,8,169.8615,58.647152150517094,20,40,0.6976744186046512,0.4001322751322751,0.6930769230769231,0.76993006993007,0.5,0.0,0.01306287794281675,1.6138135829127829,1.0,0.0258757558856335,1.6693188681467515,0.2093023255813954,0.0476190476190476,0.207487684729064,0.26844444444444443,0.5,0.0,0.01306287794281675,1.8015412920731289,1.0,0.0258757558856335,1.8635032586447573,1.8305883585137974
2022-02-01,174.61,-0.0009726513331044,8,169.4915,58.36070947843149,20,40,0.5789473684210527,0.4001322751322751,0.6930769230769231,0.76993006993007,0.5,0.0,-0.0004863256665522,1.613028743946382,1.0,-0.0009726513331044,1.6676952029242722,0.3157894736842105,0.0476190476190476,0.207487684729064,0.26844444444444443,0.5,0.0,-0.0004863256665522,1.8006651563034402,1.0,-0.0009726513331044,1.861690719715992,1.8288078343065235
2022-02-02,175.84,0.0070442700876238,8,169.29850000000002,59.88726950964498,20,40,0.425,0.4001322751322751,0.6930769230769231,0.76993006993007,0.5,0.0,0.0035221350438119,1.6187100490121114,1.0,0.0070442700876238,1.6794428983575054,0.05,0.0476190476190476,0.207487684729064,0.26844444444444443,0.5,0.0,0.0035221350438119,1.8070073421526276,1.0,0.0070442700876238,1.8748049719652944,1.8416904506297411
2022-02-03,172.9,-0.0167197452229299,8,169.1975,54.72301664824751,20,40,0.24193548387096775,0.4001322751322751,0.6930769230769231,0.76993006993007,0.5,0.0,-0.00835987261146495,1.6051778392074718,0.5,-0.008609872611464951,1.6649831089444178,-0.0634920634920634,0.0476190476190476,0.207487684729064,0.26844444444444443,0.5,0.0,-0.00835987261146495,1.7919009909642498,0.5,-0.008609872611464951,1.8586631399853322,1.810897855515709
2022-02-04,172.39,-0.0029496818970504,8,169.217,53.85543559629441,20,40,0.813953488372093,0.4001322751322751,0.6930769230769231,0.76993006993007,0.5,0.0,-0.0014748409485252,1.6028104572005433,0.5,-0.0014748409485252,1.6625275236767438,0.2558139534883721,0.0476190476190476,0.207487684729064,0.26844444444444443,0.5,0.0,-0.0014748409485252,1.7892582220070727,0.5,-0.0014748409485252,1.8559219074769673,1.805556282893887
2022-02-07,171.66,-0.0042345843726433,8,169.1915,52.57067863658612,20,40,0.6410256410256411,0.4001322751322751,0.6930769230769231,0.76993006993007,1.0,0.5,-0.0044845843726433006,1.5956225184718724,1.0,-0.0044845843726433006,1.6550717787249738,0.3,0.0476190476190476,0.207487684729064,0.26844444444444443,1.0,0.5,-0.0044845843726433006,1.7812341425460363,1.0,-0.0044845843726433006,1.8475988690938496,1.7979105024744164
2022-02-08,174.83,0.0184667365722941,8,169.3235,57.33088870987449,20,40,0.7954545454545454,0.4001322751322751,0.6930769230769231,0.76993006993007,0.5,0.5,0.008983368286147049,1.6099565832009748,0.5,0.008983368286147049,1.6699398980532687,0.2045454545454546,0.0476190476190476,0.207487684729064,0.26844444444444443,0.5,0.5,0.008983368286147049,1.7972356248523869,0.5,0.008983368286147049,1.8641965301799885,1.8311120421041724
2022-02-09,176.28,0.0082937710919177,8,169.3835,59.341040672988214,20,40,0.5531914893617021,0.4001322751322751,0.6930769230769231,0.76993006993007,0.5,0.0,0.00414688554595885,1.6166328888854722,0.5,0.00414688554595885,1.6768649476791258,0.2553191489361702,0.0476190476190476,0.207487684729064,0.26844444444444443,0.5,0.0,0.00414688554595885,1.8046885552877694,0.5,0.00414688554595885,1.8719271398258184,1.8462988662250386
2022-02-10,172.12,-0.023598820058997,8,169.21300000000002,51.801155194710105,20,40,0.53125,0.4001322751322751,0.6930769230769231,0.76993006993007,0.5,0.0,-0.0117994100294985,1.5975575745623398,0.5,-0.0117994100294985,1.6570789305973663,0.0303030303030303,0.0476190476190476,0.207487684729064,0.26844444444444443,0.5,0.0,-0.0117994100294985,1.7833942950483859,0.5,-0.0117994100294985,1.8498395039576672,1.8027283915058636
2022-02-11,168.64,-0.0202184522426215,8,169.0355,46.480655396843616,20,40,0.6153846153846154,0.4001322751322751,0.6930769230769231,0.76993006993007,0.5,0.0,-0.01010922612131075,1.5814075037992765,0.5,-0.01010922612131075,1.6403271449870978,0.2692307692307692,0.0476190476190476,0.207487684729064,0.26844444444444443,0.5,0.0,-0.01010922612131075,1.7653655588562862,0.5,-0.01010922612131075,1.8311390581240259,1.7662800136157844
2022-02-14,168.88,0.0014231499051233,8,168.826,46.88582801040968,20,40,0.5555555555555556,0.4001322751322751,0.6930769230769231,0.76993006993007,0.5,0.0,0.00071157495256165,1.5825327937687732,0.5,0.00071157495256165,1.6414943606974777,0.1111111111111111,0.0476190476190476,0.207487684729064,0.26844444444444443,0.5,0.0,0.00071157495256165,1.7666217487700835,0.5,0.00071157495256165,1.8324420508124444,1.768793694849583
2022-02-15,172.79,0.0231525343439127,8,168.97549999999998,53.11351999730772,20,40,0.6190476190476191,0.4001322751322751,0.6930769230769231,0.76993006993007,0.5,0.0,0.01157626717195635,1.6008526161978232,0.5,0.01157626717195635,1.6604967379781714,0.2380952380952381,0.0476190476190476,0.207487684729064,0.26844444444444443,0.5,0.0,0.01157626717195635,1.7870726341256347,0.5,0.01157626717195635,1.8536548895697769,1.8097457516168842
2022-02-16,172.55,-0.0013889692690548,8,169.29149999999998,52.70502391880779,20,40,0.29411764705882354,0.4001322751322751,0.6930769230769231,0.76993006993007,0.5,0.0,-0.0006944846345274,1.5997408486537308,0.5,-0.0006944846345274,1.6593435485079628,0.2222222222222222,0.0476190476190476,0.207487684729064,0.26844444444444443,0.5,0.0,-0.0006944846345274,1.78583153964045,0.5,-0.0006944846345274,1.8523675547312541,1.8072320703830858
2022-02-17,168.88,-0.0212691973341061,8,169.51,46.78009175283182,20,40,0.40540540540540543,0.4001322751322751,0.6930769230769231,0.76993006993007,0.5,0.0,-0.01063459866705305,1.5827282467570074,0.5,-0.01063459866705305,1.6416970958188168,0.1621621621621622,0.0476190476190476,0.207487684729064,0.26844444444444443,0.5,0.0,-0.01063459866705305,1.7668399379294084,0.5,-0.01063459866705305,1.8326683692028167,1.7687936948495826
2022-02-18,167.3,-0.0093557555660823,8,169.7545,44.46268251039279,20,40,0.4166666666666667,0.4001322751322751,0.6930769230769231,0.76993006993007,0.5,0.0,-0.00467787778304115,1.5753244374549111,0.5,-0.00467787778304115,1.6340174374478027,0.0,0.0476190476190476,0.207487684729064,0.26844444444444443,-1.0,1.5,0.008605755566082299,1.782044930559621,-1.0,0.008605755566082299,1.848439865221867,1.7522452933937425
2022-02-22,164.32,-0.0178123132098028,9,169.8895,40.39784045155441,20,40,0.43478260869565216,0.38047619047619047,0.6261363636363637,0.7198156682027651,0.5,0.0,-0.0089061566049014,1.5612943513114095,0.5,-0.0089061566049014,1.619464622254753,-0.0869565217391304,0.024390243902439,0.17411764705882354,0.25,0.5,1.5,-0.0096561566049014,1.7648372256331668,0.5,-0.0096561566049014,1.830591040408542,1.7210337514074103
2022-02-23,160.07,-0.0258641674780915,9,169.904,35.42388839381911,20,40,0.5,0.38047619047619047,0.6261363636363637,0.7198156682027651,0.5,0.0,-0.01293208373904575,1.5411035620189513,0.5,-0.01293208373904575,1.5985215701473325,0.1481481481481481,0.024390243902439,0.17411764705882354,0.25,0.5,0.0,-0.01293208373904575,1.7420142028454935,0.5,-0.01293208373904575,1.8069176837820318,1.676520646225561
2022-02-24,162.74,0.0166802024114451,9,170.0565,40.38950503593123,20,40,0.3333333333333333,0.38047619047619047,0.6261363636363637,0.7198156682027651,0.5,0.0,0.00834010120572255,1.5539565216946887,0.5,0.00834010120572255,1.6118534018218917,0.074074074074074,0.024390243902439,0.17411764705882354,0.25,0.5,0.0,0.00834010120572255,1.7565427775990308,0.5,0.00834010120572255,1.8219875601351836,1.7044853499515704
2022-02-25,164.85,0.0129654663881035,9,170.338,44.05092927265411,20,40,0.625,0.38047619047619047,0.6261363636363637,0.7198156682027651,0.5,0.0,0.00648273319405175,1.5640304072199922,0.5,0.00648273319405175,1.6223026173738277,0.3125,0.024390243902439,0.17411764705882354,0.25,0.5,0.0,0.00648273319405175,1.7679299757701439,0.5,0.00648273319405175,1.8337990193704214,1.7265847974653825
2022-02-28,165.12,0.0016378525932667,9,170.0775,44.52052663216143,20,40,0.0,0.38047619047619047,0.6261363636363637,0.7198156682027651,0.5,0.0,0.00081892629663335,1.565311232849199,0.5,0.00081892629663335,1.6236311636482923,-0.1724137931034483,0.024390243902439,0.17411764705882354,0.25,0.5,0.0,0.00081892629663335,1.7693777801179085,0.5,0.00081892629663335,1.8353007656101243,1.7294126888534063
2022-03-01,163.2,-0.0116279069767443,9,169.4985,41.83171378851577,20,40,0.26666666666666666,0.38047619047619047,0.6261363636363637,0.7198156682027651,0.5,0.0,-0.00581395348837215,1.5562105861465874,0.5,-0.00581395348837215,1.6141914475805696,0.0666666666666666,0.024390243902439,0.17411764705882354,0.25,-1.0,1.5,0.0108779069767443,1.7886249070167497,-1.0,0.0108779069767443,1.855264996612779,1.7093032389830176
2022-03-02,166.56,0.0205882352941177,9,169.096,47.775919310428776,20,40,0.5652173913043478,0.38047619047619047,0.6261363636363637,0.7198156682027651,0.5,0.0,0.01029411764705885,1.5722304010039787,0.5,0.01029411764705885,1.6308081242468402,-0.0217391304347826,0.024390243902439,0.17411764705882354,0.25,-1.0,0.0,-0.0205882352941177,1.7518002765781695,-1.0,-0.0205882352941177,1.8170683643295746,1.7444947762561975
2022-03-03,166.23,-0.0019812680115274,9,168.6155,47.26505325637895,20,40,0.375,0.38047619047619047,0.6261363636363637,0.7198156682027651,0.5,0.0,-0.0009906340057637,1.5706728961038487,0.5,-0.0009906340057637,1.6291925902620856,0.125,0.024390243902439,0.17411764705882354,0.25,-1.0,0.0,0.0019812680115274,1.7552710624287386,-1.0,0.0019812680115274,1.8206684637545794,1.7410384645597243
2022-03-04,163.17,-0.018408229561451,9,168.129,42.7050097282976,20,40,0.4444444444444444,0.38047619047619047,0.6261363636363637,0.7198156682027651,0.5,0.0,-0.0092041147807255,1.5562162424851345,0.5,-0.0092041147807255,1.614197314661406,-0.0833333333333333,0.024390243902439,0.17411764705882354,0.25,0.5,1.5,-0.0099541147807255,1.737798892802037,0.5,-0.0099541147807255,1.8025453208887192,1.7089890288287926
2022-03-07,159.3,-0.0237175951461664,9,167.47449999999998,37.74520228733105,20,40,0.12195121951219512,0.38047619047619047,0.6261363636363637,0.7198156682027651,0.5,0.0,-0.0118587975730832,1.537761389085559,0.5,-0.0118587975730832,1.5950548754638219,-0.2380952380952381,0.024390243902439,0.17411764705882354,0.25,0.5,0.0,-0.0118587975730832,1.7171906875095695,0.5,-0.0118587975730832,1.7811693008119915,1.668455918933791
2022-03-08,157.44,-0.0116760828625236,9,166.7635,35.6048660265611,20,40,0.8507462686567164,0.38047619047619047,0.6261363636363637,0.7198156682027651,0.5,0.0,-0.0058380414312618,1.5287838743846829,0.5,-0.0058380414312618,1.585742879015728,0.2686567164179104,0.024390243902439,0.17411764705882354,0.25,0.5,0.0,-0.0058380414312618,1.7071656571305118,0.5,-0.0058380414312618,1.7707707606377596,1.648974889371852
2022-03-09,162.95,0.0349974593495934,9,166.1695,45.469540284895686,20,40,0.8461538461538461,0.38047619047619047,0.6261363636363637,0.7198156682027651,0.5,0.0,0.0174987296747967,1.5555356501337287,0.5,0.0174987296747967,1.6134913649893579,0.3076923076923077,0.024390243902439,0.17411764705882354,0.25,0.5,0.0,0.0174987296747967,1.7370388874747351,0.5,0.0174987296747967,1.8017569994941938,1.7066848210311438
2022-03-10,158.52,-0.027186253451979,9,165.2815,40.14482838910956,20,40,0.5897435897435898,0.38047619047619047,0.6261363636363637,0.7198156682027651,-1.0,1.5,0.026436253451979,1.5966581848342531,-1.0,0.026436253451979,1.6561460316567962,0.1025641025641026,0.024390243902439,0.17411764705882354,0.25,-1.0,1.5,0.026436253451979,1.782959687759961,-1.0,0.026436253451979,1.8493887041916997,1.6602864549239458
2022-03-11,154.73,-0.0239086550592986,9,164.41199999999998,36.23527393114025,20,40,0.5714285714285714,0.38047619047619047,0.6261363636363637,0.7198156682027651,-1.0,0.0,0.0239086550592986,1.6348321346230612,-1.0,0.0239086550592986,1.6957422558555049,-0.103448275862069,0.024390243902439,0.17411764705882354,0.25,-1.0,0.0,0.0239086550592986,1.8255878559192487,-1.0,0.0239086550592986,1.8936051007907821,1.6205912387735435
2022-03-14,150.62,-0.0265623990176435,9,163.51100000000002,32.53498552939966,20,40,0.12195121951219512,0.38047619047619047,0.6261363636363637,0.7198156682027651,-1.0,0.0,0.0265623990176435,1.678257198109785,-1.0,0.0265623990176435,1.7407852382866178,-0.2195121951219512,0.024390243902439,0.17411764705882354,0.25,-1.0,0.0,0.0265623990176435,1.8740798489899402,-1.0,0.0265623990176435,1.9439037950598321,1.5775444476447436
2022-03-15,155.09,0.0296773336874252,9,162.8215,39.74220349762652,20,40,0.5333333333333333,0.38047619047619047,0.6261363636363637,0.7198156682027651,-1.0,0.0,-0.0296773336874252,1.6284509992281575,-1.0,-0.0296773336874252,1.6891233738918419,0.2333333333333333,0.024390243902439,0.17411764705882354,0.25,-1.0,0.0,-0.0296773336874252,1.8184621559545864,-1.0,-0.0296773336874252,1.8862139134775893,1.6243617606242415
2022-03-16,159.59,0.0290154104068605,9,162.1615,45.996785933973825,20,40,0.5833333333333334,0.38047619047619047,0.6261363636363637,0.7198156682027651,0.5,1.5,0.013757705203430249,1.65085474801377,0.5,0.013757705203430249,1.7123618353220695,-0.0833333333333333,0.024390243902439,0.17411764705882354,0.25,0.5,1.5,0.013757705203430249,1.843480022219804,0.5,0.013757705203430249,1.9121638884498227,1.6714932837579644
2022-03-17,160.62,0.0064540384735884,9,161.565,47.34401731712721,20,40,0.4411764705882353,0.38047619047619047,0.6261363636363637,0.7198156682027651,0.5,0.0,0.0032270192367942,1.6561820880427636,0.5,0.0032270192367942,1.7178876599050061,0.1714285714285714,0.024390243902439,0.17411764705882354,0.25,-1.0,1.5,-0.0072040384735884,1.8301995212144408,-1.0,-0.0072040384735884,1.8983885862296237,1.682281165719683
2022-03-18,163.98,0.020918939110945,9,161.32,51.587000493529885,20,40,0.8333333333333334,0.38047619047619047,0.6261363636363637,0.7198156682027651,0.5,0.0,0.0104594695554725,1.6735048741709657,0.5,0.0104594695554725,1.7358558535835045,0.3333333333333333,0.024390243902439,0.17411764705882354,0.25,0.5,1.5,0.0097094695554725,1.8479697877461128,0.5,0.0097094695554725,1.9168209324120766,1.7174727029928627
2022-03-21,165.38,0.008537626539822,9,161.224,53.276403617684835,20,40,0.20833333333333334,0.38047619047619047,0.6261363636363637,0.7198156682027651,0.5,0.0,0.004268813269911,1.6806487539850874,0.5,0.004268813269911,1.7432658980859344,-0.25,0.024390243902439,0.17411764705882354,0.25,0.5,0.0,0.004268813269911,1.8558584256984378,0.5,0.004268813269911,1.9250034830444003,1.7321358435233545
2022-03-22,168.82,0.0208005804813158,9,161.449,57.226112737676,20,40,0.5833333333333334,0.38047619047619047,0.6261363636363637,0.7198156682027651,0.5,0.0,0.0104002902406579,1.6981279888191323,0.5,0.0104002902406579,1.7613963693926693,0.04,0.024390243902439,0.17411764705882354,0.25,0.5,0.0,0.0104002902406579,1.875159891971272,0.5,0.0104002902406579,1.9450240779823396,1.7681652745411338
2022-03-23,170.21,0.0082336216088141,9,161.95600000000002,58.74372188719365,20,40,0.6896551724137931,0.38047619047619047,0.6261363636363637,0.7198156682027651,1.0,0.5,0.0079836216088141,1.7116852001252008,1.0,0.0079836216088141,1.7754586915090393,0.2068965517241379,0.024390243902439,0.17411764705882354,0.25,1.0,0.5,0.0079836216088141,1.8901304590047951,1.0,0.0079836216088141,1.960552414240983,1.7827236783535505
2022-03-24,174.07,0.0226778685153632,9,162.52249999999998,62.7013214474682,20,40,0.7428571428571429,0.38047619047619047,0.6261363636363637,0.7198156682027651,0.5,0.5,0.0110889342576816,1.7306659647792357,0.5,0.0110889342576816,1.7951466362164126,0.1714285714285714,0.024390243902439,0.17411764705882354,0.25,0.5,0.5,0.0110889342576816,1.911089991403141,0.5,0.0110889342576816,1.9822928510712403,1.823152051530477
2022-03-25,174.72,0.0037341299477222,9,163.01600000000002,63.339079431866615,20,40,0.6666666666666666,0.38047619047619047,0.6261363636363637,0.7198156682027651,0.5,0.0,0.0018670649738611,1.7338972305835285,0.5,0.0018670649738611,1.7984982916238366,0.1666666666666667,0.024390243902439,0.17411764705882354,0.25,0.5,0.0,0.0018670649738611,1.914658120587986,0.5,0.0018670649738611,1.9859939206214106,1.8299599382053484
2022-03-28,175.6,0.00503663003663,9,163.54000000000002,64.2307937911965,20,40,0.6071428571428571,0.38047619047619047,0.6261363636363637,0.7198156682027651,0.5,0.0,0.002518315018315,1.7382637300195218,0.5,0.002518315018315,1.8030274768820467,0.2982456140350877,0.024390243902439,0.17411764705882354,0.25,0.5,0.0,0.002518315018315,1.9194798328880016,0.5,0.002518315018315,1.9909952789379937,1.839176769395943
2022-03-29,178.96,0.0191343963553531,9,164.328,67.48297330845772,20,40,0.8064516129032258,0.38047619047619047,0.6261363636363637,0.7198156682027651,0.5,0.0,0.00956719817767655,1.7548940436096858,0.5,0.00956719817767655,1.8202773980731735,0.21875,0.024390243902439,0.17411764705882354,0.25,0.5,0.0,0.00956719817767655,1.9378438768472948,0.5,0.00956719817767655,2.010043525342412,1.874368306669123
2022-03-30,177.77,-0.0066495306213678,9,164.8885,65.22121366187888,20,40,0.64,0.38047619047619047,0.6261363636363637,0.7198156682027651,0.5,0.0,-0.0033247653106839,1.7490594327695665,0.5,-0.0033247653106839,1.8142254029242377,0.2549019607843137,0.024390243902439,0.17411764705882354,0.25,0.5,0.0,-0.0033247653106839,1.9314010007480316,0.5,-0.0033247653106839,2.0033606023563886,1.8619046372182055
2022-03-31,174.61,-0.0177757776902739,9,165.3075,59.516732782951614,20,40,0.47368421052631576,0.38047619047619047,0.6261363636363637,0.7198156682027651,0.5,0.0,-0.00888788884513695,1.7335139869475724,0.5,-0.00888788884513695,1.7981007692030233,0.1538461538461539,0.024390243902439,0.17411764705882354,0.25,0.5,0.0,-0.00888788884513695,1.914234923337997,0.5,-0.00888788884513695,1.9855549560059185,1.8288078343065246
2022-04-01,174.31,-0.001718114655518,9,165.8645,58.98923712650793,20,40,0.5675675675675675,0.38047619047619047,0.6261363636363637,0.7198156682027651,0.5,0.0,-0.000859057327759,1.7320247990543123,0.5,-0.000859057327759,1.7965560975611903,-0.054054054054054,0.024390243902439,0.17411764705882354,0.25,0.5,0.0,-0.000859057327759,1.912590485800051,0.5,-0.000859057327759,1.9838492504712932,1.8256657327642765
2022-04-04,178.44,0.0236934197693763,9,166.8215,63.75217811789487,20,40,0.8333333333333334,0.38047619047619047,0.6261363636363637,0.7198156682027651,0.5,0.0,0.01184670988468815,1.752543594361794,0.5,0.01184670988468815,1.8178393764405651,0.3666666666666666,0.024390243902439,0.17411764705882354,0.25,0.5,0.0,0.01184670988468815,1.9352483904135391,0.5,0.01184670988468815,2.0073513369965825,1.8689219973292266
2022-04-05,175.06,-0.0189419412687738,9,167.7025,57.83246835957935,20,40,0.6086956521739131,0.38047619047619047,0.6261363636363637,0.7198156682027651,0.5,0.0,-0.0094709706343869,1.7359453054441105,0.5,-0.0094709706343869,1.8006226730882642,0.0869565217391304,0.024390243902439,0.17411764705882354,0.25,1.0,0.5,-0.0191919412687738,1.8981072169642335,1.0,-0.0191919412687738,1.9688263680311495,1.833520986619897
2022-04-06,171.83,-0.0184508168627898,9,168.1465,52.78804561237394,20,40,0.38461538461538464,0.38047619047619047,0.6261363636363637,0.7198156682027651,0.5,0.0,-0.0092254084313949,1.7199305009868262,0.5,-0.0092254084313949,1.784011193498195,-0.1851851851851852,0.024390243902439,0.17411764705882354,0.25,0.5,0.5,-0.0094754084313949,1.880121875836919,0.5,-0.0094754084313949,1.9501709340635545,1.7996910266816915
2022-04-07,172.14,0.001804108712099,9,168.8275,53.20987593788639,20,40,0.9565217391304348,0.38047619047619047,0.6261363636363637,0.7198156682027651,0.5,0.0,0.0009020543560495,1.7214819717873435,0.5,0.0009020543560495,1.785620468566531,0.391304347826087,0.024390243902439,0.17411764705882354,0.25,0.5,0.0,0.0009020543560495,1.8818178479649215,0.5,0.0009020543560495,1.9519300942496673,1.8029378649420142
2022-04-08,170.09,-0.0119089113512256,9,169.59550000000002,50.02667324708754,20,40,0.4230769230769231,0.38047619047619047,0.6261363636363637,0.7198156682027651,0.5,0.0,-0.0059544556756128,1.7112314836899691,0.5,-0.0059544556756128,1.7749880706329846,0.1153846153846154,0.024390243902439,0.17411764705882354,0.25,1.0,0.5,-0.0121589113512256,1.858936991572362,1.0,-0.0121589113512256,1.9281967492698961,1.7814668377366518
2022-04-11,165.75,-0.0255159033452878,9,170.352,44.02232863247065,20,40,0.2777777777777778,0.38047619047619047,0.6261363636363637,0.7198156682027651,0.5,0.0,-0.0127579516726439,1.6893996751203457,0.5,-0.0127579516726439,1.7523428586083294,0.0,0.024390243902439,0.17411764705882354,0.25,0.5,0.5,-0.013007951672643901,1.8347560290234985,0.5,-0.013007951672643901,1.9031148591400442,1.736011102092128
2022-04-12,167.66,0.0115233785822019,9,170.9805,47.035193793484424,20,40,0.3870967741935484,0.38047619047619047,0.6261363636363637,0.7198156682027651,0.5,0.0,0.00576168929110095,1.6991334711368762,0.5,0.00576168929110095,1.7624393136911103,-0.0967741935483871,0.024390243902439,0.17411764705882354,0.25,0.5,0.0,0.00576168929110095,1.8453273231877063,0.5,0.00576168929110095,1.9140800156436866,1.7560158152444414
2022-04-13,170.4,0.0163425981152331,9,171.52100000000002,51.10117329601819,20,40,0.5757575757575758,0.38047619047619047,0.6261363636363637,0.7198156682027651,0.5,0.0,0.00817129905761655,1.7130175988683418,0.5,0.00817129905761655,1.7768407323941808,0.0606060606060606,0.024390243902439,0.17411764705882354,0.25,0.5,0.0,0.00817129905761655,1.8604060446046642,0.5,0.00817129905761655,1.9297205358717187,1.7847136759969748
2022-04-14,165.29,-0.0299882629107981,9,171.7545,44.27480827490441,20,40,0.41935483870967744,0.38047619047619047,0.6261363636363637,0.7198156682027651,0.5,0.0,-0.01499413145539905,1.6873323878054978,0.5,-0.01499413145539905,1.7501985488773548,0.064516129032258,0.024390243902439,0.17411764705882354,0.25,0.5,0.0,-0.01499413145539905,1.832510871811443,0.5,-0.01499413145539905,1.900786052484675,1.7311932130606806
2022-04-18,165.07,-0.0013309940105269,9,171.80900000000003,44.00227456623358,20,40,0.75,0.38047619047619047,0.6261363636363637,0.7198156682027651,0.5,0.0,-0.00066549700526345,1.6862094731545292,0.5,-0.00066549700526345,1.7490337969844605,0.3333333333333333,0.024390243902439,0.17411764705882354,0.25,0.5,0.0,-0.00066549700526345,1.8312913413141398,0.5,-0.00066549700526345,1.8995210850591,1.728889005263032
2022-04-19,167.4,0.0141152238444297,9,171.91,47.67580795513328,20,40,0.5517241379310345,0.38047619047619047,0.6261363636363637,0.7198156682027651,0.5,0.0,0.00705761192221485,1.6981100852356161,0.5,0.00705761192221485,1.7613777987624146,0.1379310344827586,0.024390243902439,0.17411764705882354,0.25,0.5,0.0,0.00705761192221485,1.844215884917647,0.5,0.00705761192221485,1.9129271677155115,1.7532926605744932
2022-04-20,167.23,-0.001015531660693,9,171.83049999999997,47.431320542489864,20,40,-0.3,0.38047619047619047,0.6261363636363637,0.7198156682027651,-1.0,1.5,0.00026553166069299993,1.6985609872265883,-1.0,0.00026553166069299993,1.7618455003344278,-0.2,0.024390243902439,0.17411764705882354,0.25,-1.0,1.5,0.00026553166069299993,1.8447055826242456,-1.0,0.00026553166069299993,1.9134351104431397,1.751512136367219
2022-04-21,166.42,-0.0048436285355498,9,171.641,46.21523427960095,20,40,0.4838709677419355,0.38047619047619047,0.6261363636363637,0.7198156682027651,-1.0,0.0,0.0048436285355498,1.7067881856936906,-1.0,0.0048436285355498,1.7703792254750776,0.032258064516129,0.024390243902439,0.17411764705882354,0.25,-1.0,0.0,0.0048436285355498,1.8536406512239323,-1.0,0.0048436285355498,1.9227030793450048,1.743028462203149
2022-04-22,161.79,-0.0278211753395024,9,171.027,39.915510468387694,20,40,0.3333333333333333,0.38047619047619047,0.6261363636363637,0.7198156682027651,-1.0,0.0,0.0278211753395024,1.7542730390752659,-1.0,0.0278211753395024,1.8196332563244322,-0.0277777777777777,0.024390243902439,0.17411764705882354,0.25,-1.0,0.0,0.0278211753395024,1.9052111127980627,-1.0,0.0278211753395024,1.9761949388412634,1.694535361734452
2022-04-25,162.88,0.0067371283762902,9,170.435,41.92263109599366,20,40,0.4482758620689655,0.38047619047619047,0.6261363636363637,0.7198156682027651,0.5,1.5,0.0026185641881450996,1.758866715631617,0.5,0.0026185641881450996,1.8243980828050013,0.0,0.024390243902439,0.17411764705882354,0.25,0.5,1.5,0.0026185641881450996,1.9102000303888917,0.5,0.0026185641881450996,1.9813697321369068,1.7059516640046206
2022-04-26,156.8,-0.0373280943025539,9,169.495,34.91615995468254,20,40,0.391304347826087,0.38047619047619047,0.6261363636363637,0.7198156682027651,0.5,0.0,-0.01866404715127695,1.7260391443182568,0.5,-0.01866404715127695,1.7903474309648295,0.0425531914893617,0.024390243902439,0.17411764705882354,0.25,0.5,0.0,-0.01866404715127695,1.874547966953343,0.5,-0.01866404715127695,1.9443893540321908,1.6422717394150574
2022-04-27,156.57,-0.0014668367346939,9,168.3755,34.680036411767304,20,40,0.5833333333333334,0.38047619047619047,0.6261363636363637,0.7198156682027651,0.5,0.0,-0.00073341836734695,1.724773235507054,0.5,-0.00073341836734695,1.7890343572750274,0.027027027027027,0.024390243902439,0.17411764705882354,0.25,0.5,0.0,-0.00073341836734695,1.8731731390439064,0.5,-0.00073341836734695,1.9429633031666698,1.6398627948993336
2022-04-28,163.64,0.0451555214919843,9,167.669,46.62819477481758,20,40,0.5254237288135594,0.38047619047619047,0.6261363636363637,0.7198156682027651,0.5,0.0,0.02257776074599215,1.7637147529594228,0.5,0.02257776074599215,1.8294267469599426,0.2333333333333333,0.024390243902439,0.17411764705882354,0.25,0.5,0.0,0.02257776074599215,1.9154651940130585,0.5,0.02257776074599215,1.9868310637638094,1.713911654578316
2022-04-29,157.65,-0.0366047421168417,9,166.82099999999997,39.959153468483834,20,40,0.013157894736842105,0.38047619047619047,0.6261363636363637,0.7198156682027651,0.5,0.0,-0.01830237105842085,1.7314345911095486,0.5,-0.01830237105842085,1.795943899812882,-0.2987012987012987,0.024390243902439,0.17411764705882354,0.25,0.5,0.0,-0.01830237105842085,1.8804076392827416,0.5,-0.01830237105842085,1.9504673444044072,1.6511743604514273
2022-05-02,157.96,0.0019663812242309,9,166.00349999999997,40.433977793219945,20,40,-0.045454545454545456,0.38047619047619047,0.6261363636363637,0.7198156682027651,0.5,0.0,0.00098319061211545,1.7331369213450194,1.0,0.0017163812242309,1.7990264242022929,-0.2272727272727273,0.024390243902439,0.17411764705882354,0.25,-1.0,1.5,-0.0027163812242309,1.8752997352774936,-1.0,-0.0027163812242309,1.9451691315315915,1.6544211987117505
2022-05-03,159.48,0.0096226892884272,9,165.0555,42.82170089893917,20,40,0.42857142857142855,0.38047619047619047,0.6261363636363637,0.7198156682027651,0.5,0.0,0.0048113446442136,1.7414756403892215,1.0,0.0096226892884272,1.8163378965040617,0.0,0.024390243902439,0.17411764705882354,0.25,0.5,1.5,0.004061344644213601,1.8829159738136583,1.0,0.008622689288427202,1.9619417205662282,1.670341179859141
2022-05-04,166.02,0.0410082768999249,10,160.921,51.77836240644358,10,40,0.48148148148148145,0.40822072072072074,0.6190476190476191,0.710961038961039,0.5,0.0,0.02050413844996245,1.7771830980269991,1.0,0.0410082768999249,1.8908227839077274,0.1481481481481481,0.02840909090909085,0.1986111111111111,0.2692307692307692,0.5,0.0,0.02050413844996245,1.9215235436303795,1.0,0.0410082768999249,2.042397569904723,1.738838993480152
2022-05-05,156.77,-0.0557161787736417,10,159.95600000000002,41.804068745774195,10,40,0.2,0.40822072072072074,0.6190476190476191,0.710961038961039,0.5,0.0,-0.02785808938682085,1.7276741724254157,0.5,-0.02810808938682085,1.8376753680830116,-0.1,0.02840909090909085,0.1986111111111111,0.2692307692307692,0.5,0.0,-0.02785808938682085,1.8679935689930436,0.5,-0.02810808938682085,1.9849896764464154,1.6419575292608328
2022-05-06,157.28,0.0032531734387957,10,159.505,42.4621815760089,10,40,0.08333333333333333,0.40822072072072074,0.6190476190476191,0.710961038961039,0.5,0.0,0.00162658671939785,1.7304843842897295,0.5,0.00162658671939785,1.8406645064313,-0.2083333333333333,0.02840909090909085,0.1986111111111111,0.2692307692307692,0.5,0.0,0.00162658671939785,1.8710320225242882,0.5,0.00162658671939785,1.988218434292265,1.6472991018826548
2022-05-09,152.06,-0.0331892166836215,10,158.423,37.75590322279235,10,40,0.1,0.40822072072072074,0.6190476190476191,0.710961038961039,0.5,0.0,-0.01659460834181075,1.701767673690822,0.5,-0.01659460834181075,1.8101193998584004,-0.1666666666666667,0.02840909090909085,0.1986111111111111,0.2692307692307692,0.5,0.0,-0.01659460834181075,1.8399829789155118,0.5,-0.01659460834181075,1.9552247280772168,1.5926265350475364
2022-05-10,154.51,0.0161120610285412,10,158.19400000000002,41.057932625739106,10,40,-0.12,0.40822072072072074,0.6190476190476191,0.710961038961039,0.5,0.0,0.0080560305142706,1.7154771659982744,0.5,0.0080560305142706,1.8247017769781326,-0.08,0.02840909090909085,0.1986111111111111,0.2692307692307692,0.5,0.0,0.0080560305142706,1.8548059379393935,0.5,0.0080560305142706,1.9709760781488632,1.6182870309758965
2022-05-11,146.5,-0.0518413047699177,10,157.18699999999998,34.596033289696194,10,40,0.4166666666666667,0.40822072072072074,0.6190476190476191,0.710961038961039,0.5,0.0,-0.02592065238495885,1.6710108787040987,0.5,-0.02592065238495885,1.7774043165108657,-0.0833333333333333,0.02840909090909085,0.1986111111111111,0.2692307692307692,0.5,0.0,-0.02592065238495885,1.8067281579805088,0.5,-0.02592065238495885,1.919887092368097,1.5343929197978698
2022-05-12,142.56,-0.0268941979522183,10,155.079,31.93370951719081,10,40,0.25,0.40822072072072074,0.6190476190476191,0.710961038961039,0.5,0.0,-0.01344709897610915,1.6485406300280094,0.5,-0.01344709897610915,1.7535033847461805,-0.1666666666666667,0.02840909090909085,0.1986111111111111,0.2692307692307692,0.5,0.0,-0.01344709897610915,1.7824329056172215,0.5,-0.01344709897610915,1.8940701806140687,1.4931266528763438
2022-05-13,147.11,0.0319163860830529,10,154.025,37.87899726862409,10,40,0.5526315789473685,0.40822072072072074,0.6190476190476191,0.710961038961039,0.5,0.0,0.01595819304152645,1.674848359638796,0.5,0.01595819304152645,1.78148613025893,-0.0769230769230769,0.02840909090909085,0.1986111111111111,0.2692307692307692,0.5,0.0,0.01595819304152645,1.81087731400863,0.5,0.01595819304152645,1.924296118190507,1.5407818596004417
2022-05-16,145.54,-0.0106722860444566,10,152.783,36.68819386354172,10,40,0.5555555555555556,0.40822072072072074,0.6190476190476191,0.710961038961039,0.5,0.0,-0.0053361430222283,1.665911129251219,0.5,-0.0053361430222283,1.7719798654757524,-0.0526315789473684,0.02840909090909085,0.1986111111111111,0.2692307692307692,0.5,0.0,-0.0053361430222283,1.8012142136653715,0.5,-0.0053361430222283,1.9140277988867236,1.524338194862676
2022-05-17,149.24,0.025422564243507,10,151.759,41.366355653380104,10,40,0.52,0.40822072072072074,0.6190476190476191,0.710961038961039,0.5,0.0,0.0127112821217535,1.6870869956049002,0.5,0.0127112821217535,1.7945040014598814,0.2307692307692308,0.02840909090909085,0.1986111111111111,0.2692307692307692,0.5,0.0,0.0127112821217535,1.8241099556969842,0.5,0.0127112821217535,1.9383575462272515,1.563090780550404
2022-05-18,140.82,-0.0564191905655321,10,149.239,35.02399088100644,10,40,0.27586206896551724,0.40822072072072074,0.6190476190476191,0.710961038961039,0.5,0.0,-0.02820959528276605,1.6394949542520683,0.5,-0.02820959528276605,1.7438817698453941,-0.0689655172413793,0.02840909090909085,0.1986111111111111,0.2692307692307692,0.5,0.0,-0.02820959528276605,1.772652552095508,0.5,-0.02820959528276605,1.8836772643348854,1.4749024639313044
2022-05-19,137.35,-0.0246413861667377,10,147.29699999999997,32.792570082338585,10,40,0.5,0.40822072072072074,0.6190476190476191,0.710961038961039,0.5,0.0,-0.01232069308336885,1.6192952401089968,0.5,-0.01232069308336885,1.722395937785447,-0.0303030303030303,0.02840909090909085,0.1986111111111111,0.2692307692307692,-1.0,1.5,0.0238913861667377,1.8150036787570751,-1.0,0.0238913861667377,1.9286809252706143,1.4385588227593002
2022-05-20,137.59,0.0017473607571896,10,145.328,33.10999682494334,10,40,0.3125,0.40822072072072074,0.6190476190476191,0.710961038961039,0.5,0.0,0.0008736803785948,1.620709986587432,0.5,0.0008736803785948,1.7239007613204613,0.125,0.02840909090909085,0.1986111111111111,0.2692307692307692,0.5,1.5,0.00012368037859479997,1.815228159099215,0.5,0.00012368037859479997,1.9289194652576405,1.4410725039930987
2022-05-23,143.11,0.0401191947089178,10,144.433,40.11569983580104,10,40,0.78125,0.40822072072072074,0.6190476190476191,0.710961038961039,0.5,0.0,0.0200595973544589,1.6532207763467262,0.5,0.0200595973544589,1.7584815164715948,0.1515151515151515,0.02840909090909085,0.1986111111111111,0.2692307692307692,0.5,0.0,0.0200595973544589,1.8516409050772207,0.5,0.0200595973544589,1.967612813059887,1.4988871723704658
2022-05-24,140.36,-0.0192159877017679,10,143.018,37.98147284835791,10,40,-0.03333333333333333,0.40822072072072074,0.6190476190476191,0.710961038961039,0.5,0.0,-0.00960799385088395,1.6373366412934331,0.5,-0.00960799385088395,1.7415860368744427,-0.1666666666666667,0.02840909090909085,0.1986111111111111,0.2692307692307692,0.5,0.0,-0.00960799385088395,1.8338503506471935,0.5,-0.00960799385088395,1.9487080012510871,1.4700845748998572
2022-05-25,140.52,0.0011399259048161,10,142.42000000000002,38.18752366925083,10,40,0.2857142857142857,0.40822072072072074,0.6190476190476191,0.710961038961039,-1.0,1.5,-0.0018899259048161,1.6342421963601481,-1.0,-0.0018899259048161,1.7382945683078876,-0.103448275862069,0.02840909090909085,0.1986111111111111,0.2692307692307692,0.5,0.0,0.00056996295240805,1.834895577407323,0.5,0.00056996295240805,1.9498186926168615,1.4717603623890563
2022-05-26,143.78,0.0231995445488186,10,142.542,42.38754578892856,10,40,0.4186046511627907,0.40822072072072074,0.6190476190476191,0.710961038961039,-1.0,0.0,-0.0231995445488186,1.5963285217221317,-1.0,-0.0231995445488186,1.6979669260314594,0.1590909090909091,0.02840909090909085,0.1986111111111111,0.2692307692307692,0.5,0.0,0.0115997722744093,1.8561799482525685,0.5,0.0115997722744093,1.9724361454276034,1.5059045324814868
2022-05-27,149.64,0.0407567116427873,10,142.79500000000002,49.08467468005238,10,40,0.25,0.40822072072072074,0.6190476190476191,0.710961038961039,-1.0,0.0,-0.0407567116427873,1.531267420475146,-1.0,-0.0407567116427873,1.6287633776482053,-0.2083333333333333,0.02840909090909085,0.1986111111111111,0.2692307692307692,1.0,0.5,0.040506711642787296,1.9313676941735591,1.0,0.040506711642787296,2.0523330476042503,1.5672802492734013
2022-05-31,148.84,-0.0053461641272385,10,143.125,48.25989919075133,10,40,0.25,0.40822072072072074,0.6190476190476191,0.710961038961039,0.5,1.5,-0.0034230820636192497,1.5260257664335128,0.5,-0.0034230820636192497,1.6231879869442978,0.25,0.02840909090909085,0.1986111111111111,0.2692307692307692,0.5,0.5,-0.00292308206361925,1.9257221479084667,0.5,-0.00292308206361925,2.0463339096842255,1.5589013118274064
2022-06-01,148.71,-0.0008734211233538,10,143.072,48.11840484038275,10,40,0.5789473684210527,0.40822072072072074,0.6190476190476191,0.710961038961039,1.0,0.5,-0.0011234211233538001,1.524311396852719,1.0,-0.0011234211233538001,1.6213644632725903,-0.0526315789473684,0.02840909090909085,0.1986111111111111,0.2692307692307692,1.0,0.5,-0.0011234211233538001,1.923558750969796,1.0,-0.0011234211233538001,2.044035014944651,1.5575397344924324
2022-06-02,151.21,0.0168112433595588,10,144.11100000000002,51.08833654177605,10,40,0.5454545454545454,0.40822072072072074,0.6190476190476191,0.710961038961039,1.0,0.0,0.0168112433595588,1.5499369667009593,1.0,0.0168112433595588,1.6486216158392064,0.2727272727272727,0.02840909090909085,0.1986111111111111,0.2692307692307692,0.5,0.5,0.0081556216797794,1.9392465684215345,0.5,0.0081556216797794,2.0607053912267617,1.5837239140111674
2022-06-03,145.38,-0.0385556510812777,10,144.91400000000002,44.66690015142548,10,40,0.21428571428571427,0.40822072072072074,0.6190476190476191,0.710961038961039,0.5,0.5,-0.019527825540638852,1.519670068016236,0.5,-0.019527825540638852,1.6164276205425723,0.032258064516129,0.02840909090909085,0.1986111111111111,0.2692307692307692,1.0,0.5,-0.0388056510812777,1.8639928427268033,1.0,-0.0388056510812777,1.980738376833508,1.5226624073734774
2022-06-06,146.14,0.0052276791855825,10,145.769,45.62636379048294,10,40,0.7419354838709677,0.40822072072072074,0.6190476190476191,0.710961038961039,0.5,0.0,0.00261383959279125,1.5236422418079967,0.5,0.00261383959279125,1.6206527030560278,0.4193548387096774,0.02840909090909085,0.1986111111111111,0.2692307692307692,0.5,0.5,0.0023638395927912496,1.8683990228091203,0.5,0.0023638395927912496,1.985420524631628,1.5306223979471727
2022-06-07,148.71,0.0175858765567265,10,146.329,48.855921801465726,10,40,0.53125,0.40822072072072074,0.6190476190476191,0.710961038961039,1.0,0.5,0.0173358765567265,1.550055915628594,1.0,0.0173358765567265,1.6487481382575322,0.0,0.02840909090909085,0.1986111111111111,0.2692307692307692,0.5,0.0,0.00879293827836325,1.884827740096035,0.5,0.00879293827836325,2.002878204761309,1.5575397344924324
2022-06-08,147.96,-0.0050433730078676,10,147.089,47.96065467281214,10,40,0.6129032258064516,0.40822072072072074,0.6190476190476191,0.710961038961039,0.5,0.5,-0.0027716865039338,1.5457596465669035,0.5,-0.0027716865039338,1.6441783252943378,0.1818181818181818,0.02840909090909085,0.1986111111111111,0.2692307692307692,0.5,0.0,-0.0025216865039338,1.8800747954215946,0.5,-0.0025216865039338,1.9978275738233393,1.549684480636812
2022-06-09,142.64,-0.0359556636928901,10,147.301,42.071434398124346,10,40,0.4358974358974359,0.40822072072072074,0.6190476190476191,0.710961038961039,0.5,0.0,-0.01797783184644505,1.5179702395659034,0.5,-0.01797783184644505,1.6146195638366265,0.05,0.02840909090909085,0.1986111111111111,0.2692307692307692,0.5,0.0,-0.01797783184644505,1.8462751268907656,0.5,-0.01797783184644505,1.9619109656429519,1.4939645466209437
2022-06-10,137.13,-0.0386287156477845,10,146.63600000000002,37.003405929573795,10,40,0.3191489361702128,0.40822072072072074,0.6190476190476191,0.710961038961039,0.5,0.0,-0.01931435782389225,1.488651619192908,0.5,-0.01931435782389225,1.5834342238312291,-0.0416666666666666,0.02840909090909085,0.1986111111111111,0.2692307692307692,0.5,0.0,-0.01931435782389225,1.8106155084486453,0.5,-0.01931435782389225,1.9240179152339059,1.436254614961652
2022-06-13,131.88,-0.0382848392036753,10,144.86,32.93268562990019,10,40,-0.034482758620689655,0.40822072072072074,0.6190476190476191,0.710961038961039,0.5,0.0,-0.01914241960183765,1.4601552252573624,0.5,-0.01914241960183765,1.5531234615067417,-0.1935483870967742,0.02840909090909085,0.1986111111111111,0.2692307692307692,0.5,0.0,-0.01914241960183765,1.7759559466483268,0.5,-0.01914241960183765,1.8871875569790457,1.3812678379723085
2022-06-14,132.76,0.0066727327873823,10,143.252,34.2385822051768,10,40,0.5714285714285714,0.40822072072072074,0.6190476190476191,0.710961038961039,0.5,0.0,0.00333636639369115,1.4650268380804836,0.5,0.00333636639369115,1.558305250428966,0.0238095238095238,0.02840909090909085,0.1986111111111111,0.2692307692307692,0.5,0.0,0.00333636639369115,1.7818811863854003,0.5,0.00333636639369115,1.8934839061227426,1.390484669162903
2022-06-15,135.43,0.0201114793612535,10,141.924,38.172223614956465,10,40,0.5,0.40822072072072074,0.6190476190476191,0.710961038961039,0.5,0.0,0.01005573968062675,1.4797587665893526,0.5,0.01005573968062675,1.5739751623702336,0.075,0.02840909090909085,0.1986111111111111,0.2692307692307692,0.5,0.0,0.01005573968062675,1.7997993197374982,0.5,0.01005573968062675,1.912524287372169,1.418449372888912
2022-06-16,130.06,-0.0396514804696153,10,139.809,33.793884263349696,10,40,-0.058823529411764705,0.40822072072072074,0.6190476190476191,0.710961038961039,0.5,0.0,-0.01982574023480765,1.4504214536727726,0.5,-0.01982574023480765,1.542769939665042,-0.2941176470588235,0.02840909090909085,0.1986111111111111,0.2692307692307692,0.5,0.0,-0.01982574023480765,1.764116965949599,0.5,-0.01982574023480765,1.8746070776579677,1.3622057552826692
2022-06-17,131.56,0.0115331385514378,10,138.427,36.00204023300745,10,40,0.5,0.40822072072072074,0.6190476190476191,0.710961038961039,0.5,0.0,0.0057665692757189,1.4587854094643657,0.5,0.0057665692757189,1.5516664293986173,0.2307692307692308,0.02840909090909085,0.1986111111111111,0.2692307692307692,0.5,0.0,0.0057665692757189,1.7742898686442186,0.5,0.0057665692757189,1.8854171292360355,1.3779162629939103
2022-06-21,135.87,0.0327607175433262,10,137.4,41.98907927089222,10,40,0.8571428571428571,0.40822072072072074,0.6190476190476191,0.710961038961039,0.5,0.0,0.0163803587716631,1.4826808378422596,0.5,0.0163803587716631,1.577083282206112,0.1785714285714286,0.02840909090909085,0.1986111111111111,0.2692307692307692,0.5,0.0,0.0163803587716631,1.803353373257538,0.5,0.0163803587716631,1.916300938247161,1.4230577884842095
2022-06-22,135.35,-0.0038271877529992,10,136.064,41.48482913558358,10,40,0.3684210526315789,0.40822072072072074,0.6190476190476191,0.710961038961039,0.5,0.0,-0.0019135938764996,1.4798435888701613,0.5,-0.0019135938764996,1.5740653852945525,0.0526315789473684,0.02840909090909085,0.1986111111111111,0.2692307692307692,-1.0,1.5,0.0030771877529991998,1.8089026301720557,-1.0,0.0030771877529991998,1.922197756025396,1.4176114791443126
2022-06-23,138.27,0.0215736978204654,10,135.09499999999997,45.44665385250988,10,40,0.4074074074074074,0.40822072072072074,0.6190476190476191,0.710961038961039,-1.0,1.5,-0.0223236978204654,1.4468080077706709,-1.0,-0.0223236978204654,1.5389264252835826,0.0714285714285714,0.02840909090909085,0.1986111111111111,0.2692307692307692,0.5,1.5,0.0100368489102327,1.827058312564415,0.5,0.0100368489102327,1.9414905644782112,1.448194600822195
2022-06-24,141.66,0.0245172488609242,10,134.997,49.70420602091681,10,40,0.4642857142857143,0.40822072072072074,0.6190476190476191,0.710961038961039,-1.0,0.0,-0.0245172488609242,1.4113362557901794,-1.0,-0.0245172488609242,1.5011961831362526,0.0,0.02840909090909085,0.1986111111111111,0.2692307692307692,0.5,0.0,0.0122586244304621,1.8494555342306962,0.5,0.0122586244304621,1.9652905681434354,1.4837003482495996
2022-06-27,141.66,0.0,10,135.45,49.70420602091681,10,40,0.41379310344827586,0.40822072072072074,0.6190476190476191,0.710961038961039,-1.0,0.0,-0.0,1.4113362557901794,-1.0,-0.0,1.5011961831362526,0.1,0.02840909090909085,0.1986111111111111,0.2692307692307692,0.5,0.0,0.0,1.8494555342306962,0.5,0.0,1.9652905681434354,1.4837003482495996
2022-06-28,137.44,-0.0297896371593957,10,136.006,44.670982598223645,10,40,0.6216216216216216,0.40822072072072074,0.6190476190476191,0.710961038961039,0.5,1.5,-0.01564481857969785,1.389256156113392,0.5,-0.01564481857969785,1.4777102411985512,0.1351351351351351,0.02840909090909085,0.1986111111111111,0.2692307692307692,0.5,0.0,-0.01489481857969785,1.8219082295771118,0.5,-0.01489481857969785,1.9360179216745474,1.439501453221975
2022-06-29,139.23,0.0130238649592548,10,136.653,47.117187736843285,10,40,0.4473684210526316,0.40822072072072074,0.6190476190476191,0.710961038961039,0.5,0.0,0.0065119324796274,1.3983028983989092,0.5,0.0065119324796274,1.48733299051369,0.1282051282051282,0.02840909090909085,0.1986111111111111,0.2692307692307692,0.5,0.0,0.0065119324796274,1.8337723729521955,0.5,0.0065119324796274,1.9486251396598409,1.4582493257573892
2022-06-30,136.72,-0.0180277239100767,10,136.78199999999998,44.16831441705939,10,40,0.0,0.40822072072072074,0.6190476190476191,0.710961038961039,0.5,0.0,-0.00901386195503835,1.3856987891014114,0.5,-0.00901386195503835,1.4739263762560253,-0.3181818181818182,0.02840909090909085,0.1986111111111111,0.2692307692307692,0.5,0.0,-0.00901386195503835,1.8172430019254413,0.5,-0.00901386195503835,1.9310605016488296,1.4319604095205796
2022-07-01,138.93,0.0161644236395552,10,137.669,47.296003263108126,10,40,0.6470588235294118,0.40822072072072074,0.6190476190476191,0.710961038961039,0.5,0.0,0.0080822118197776,1.3968983002333384,0.5,0.0080822118197776,1.4858389614356837,0.1142857142857143,0.02840909090909085,0.1986111111111111,0.2692307692307692,0.5,0.0,0.0080822118197776,1.8319303447950113,0.5,0.0080822118197776,1.9466677416599616,1.4551072242151413
2022-07-05,141.56,0.0189303966026055,10,138.669,50.8263958364973,10,40,0.14285714285714285,0.40822072072072074,0.6190476190476191,0.710961038961039,0.5,0.0,0.00946519830130275,1.4101202196517997,0.5,0.00946519830130275,1.4999027218494743,-0.25,0.02840909090909085,0.1986111111111111,0.2692307692307692,1.0,0.5,0.0186803966026055,1.8661515301841298,1.0,0.0186803966026055,1.983032267127668,1.4826529810688505
2022-07-06,142.92,0.0096072336818309,10,139.374,52.59476760714835,10,40,0.5862068965517241,0.40822072072072074,0.6190476190476191,0.710961038961039,0.5,0.0,0.00480361684091545,1.4168938968866343,0.5,0.00480361684091545,1.5071076798238852,0.1724137931034483,0.02840909090909085,0.1986111111111111,0.2692307692307692,0.5,0.5,0.00455361684091545,1.8746492692196766,0.5,0.00455361684091545,1.9920622362553393,1.496897174727042
2022-07-07,146.35,0.0239994402462917,10,140.474,56.81303505650593,10,40,0.6896551724137931,0.40822072072072074,0.6190476190476191,0.710961038961039,1.0,0.5,0.0237494402462917,1.4505443338260786,1.0,0.0237494402462917,1.5429006436105899,0.4482758620689655,0.02840909090909085,0.1986111111111111,0.2692307692307692,1.0,0.5,0.0237494402462917,1.9191711400217637,1.0,0.0237494402462917,2.0393725993021796,1.5328218690267468
2022-07-08,147.04,0.0047147249743764,10,141.351,57.62982013174927,10,40,0.3,0.40822072072072074,0.6190476190476191,0.710961038961039,0.5,0.5,0.0021073624871882,1.453601156541187,0.5,0.0021073624871882,1.5461520945483933,0.1,0.02840909090909085,0.1986111111111111,0.2692307692307692,0.5,0.5,0.0021073624871882,1.9232155292887396,0.5,0.0021073624871882,2.0436702966153484,1.5400487025739176
2022-07-11,144.87,-0.0147578890097931,10,141.672,54.160584649148234,10,40,0.18181818181818182,0.40822072072072074,0.6190476190476191,0.710961038961039,0.5,0.0,-0.00737894450489655,1.4428751142748162,0.5,-0.00737894450489655,1.5347431240465912,-0.1515151515151515,0.02840909090909085,0.1986111111111111,0.2692307692307692,0.5,0.0,-0.00737894450489655,1.9090242286271628,0.5,-0.00737894450489655,2.0285901669103183,1.5173208347516558
2022-07-12,145.86,0.0068337129840547,10,142.09199999999998,55.4774067644703,10,40,0.5925925925925926,0.40822072072072074,0.6190476190476191,0.710961038961039,1.0,0.5,0.0065837129840547,1.4523745898990368,1.0,0.0065837129840547,1.5448474322795653,0.1111111111111111,0.02840909090909085,0.1986111111111111,0.2692307692307692,0.5,0.0,0.00341685649202735,1.915547090456185,0.5,0.00341685649202735,2.035521568391789,1.527689769841075
2022-07-13,145.49,-0.0025366790072672,10,142.897,54.84329935405098,10,40,0.32,0.40822072072072074,0.6190476190476191,0.710961038961039,1.0,0.0,-0.0025366790072672,1.4486903817661516,1.0,-0.0025366790072672,1.5409286502286712,-0.24,0.02840909090909085,0.1986111111111111,0.2692307692307692,1.0,0.5,-0.0027866790072672,1.910209075591779,1.0,-0.0027866790072672,2.029849223168312,1.5238145112723023
2022-07-14,148.47,0.0204825073888239,10,143.821,58.91630827669404,10,40,0.52,0.40822072072072074,0.6190476190476191,0.710961038961039,0.5,0.5,0.00999125369441195,1.463164614895032,0.5,0.00999125369441195,1.5563244592980938,0.28,0.02840909090909085,0.1986111111111111,0.2692307692307692,0.5,0.5,0.00999125369441195,1.9292944590753849,0.5,0.00999125369441195,2.0501299617183917,1.5550260532586344
2022-07-15,150.17,0.011450124604297,10,145.166,61.07334521803767,10,40,0.5,0.40822072072072074,0.6190476190476191,0.710961038961039,1.0,0.5,0.011200124604297,1.4795522408984545,1.0,0.011200124604297,1.5737554871669477,0.2222222222222222,0.02840909090909085,0.1986111111111111,0.2692307692307692,1.0,0.5,0.011200124604297,1.950902797415409,1.0,0.011200124604297,2.0730916727446402,1.5728312953313741
2022-07-18,147.07,-0.020643270959579,11,145.98,55.36487308110803,10,40,0.05,0.38814866760168304,0.5771291866028708,0.6834758620689656,0.5,0.5,-0.010571635479789501,1.4639109539343704,0.5,-0.010571635479789501,1.5571183178223003,-0.2,-0.0529871977240398,0.1640090090090091,0.25156862745098035,0.5,0.5,-0.010571635479789501,1.9302785641846316,0.5,-0.010571635479789501,2.051175703264197,1.540362912728143
2022-07-19,151.0,0.0267219691303461,11,146.924,60.416155892569336,10,40,0.37735849056603776,0.38814866760168304,0.5771291866028708,0.6834758620689656,0.5,0.0,0.01336098456517305,1.483470245594675,0.5,0.01336098456517305,1.577922951632872,0.0566037735849056,-0.0529871977240398,0.1640090090090091,0.25156862745098035,0.5,0.0,0.01336098456517305,1.9560689862871867,0.5,0.01336098456517305,2.0785814301759675,1.5815244429315947
2022-07-20,153.04,0.0135099337748343,11,147.93599999999998,62.77133874231594,10,40,0.4,0.38814866760168304,0.5771291866028708,0.6834758620689656,1.0,0.5,0.013259933774834299,1.5031409628081975,1.0,0.013259933774834299,1.598846105473315,0.1,-0.0529871977240398,0.1640090090090091,0.25156862745098035,1.0,0.5,0.013259933774834299,1.982006331504362,1.0,0.013259933774834299,2.106143282285701,1.6028907334188822
2022-07-21,155.35,0.0150940930475693,11,148.83599999999998,65.2897729676204,10,40,0.5806451612903226,0.38814866760168304,0.5771291866028708,0.6834758620689656,1.0,0.0,0.0150940930475693,1.5258295123644374,1.0,0.0150940930475693,1.6229792373580731,0.0,-0.0529871977240398,0.1640090090090091,0.25156862745098035,0.5,0.5,0.00729704652378465,1.996469123915785,0.5,0.00729704652378465,2.1215119078022964,1.6270849152941935
2022-07-22,154.09,-0.0081107177341486,11,149.541,62.79450007143973,10,40,0.4117647058823529,0.38814866760168304,0.5771291866028708,0.6834758620689656,0.5,0.5,-0.0043053588670743,1.5192602687437355,0.5,-0.0043053588670743,1.6159917293074362,0.0294117647058823,-0.0529871977240398,0.1640090090090091,0.25156862745098035,0.5,0.0,-0.0040553588670743,1.988372725151273,0.5,-0.0040553588670743,2.1129084156753866,1.6138880888167513
2022-07-25,152.95,-0.0073982737361283,11,150.349,60.54007985692768,10,40,0.2982456140350877,0.38814866760168304,0.5771291866028708,0.6834758620689656,0.5,0.0,-0.00369913686806415,1.5136403170714405,0.5,-0.00369913686806415,1.6100139547230683,-0.1551724137931035,-0.0529871977240398,0.1640090090090091,0.25156862745098035,0.5,0.0,-0.00369913686806415,1.981017462296213,0.5,-0.00369913686806415,2.1050924782561187,1.601948102956208
2022-07-26,151.6,-0.0088264138607387,11,150.923,57.889583053227746,10,40,0.3,0.38814866760168304,0.5771291866028708,0.6834758620689656,0.5,0.0,-0.00441320693036935,1.5069603091340544,0.5,-0.00441320693036935,1.602908629980093,-0.1,-0.0529871977240398,0.1640090090090091,0.25156862745098035,0.5,0.0,-0.00441320693036935,1.9722748223024245,0.5,-0.00441320693036935,2.0958022695420104,1.5878086460160912
2022-07-27,156.79,0.0342348284960423,11,152.053,64.35127903048146,10,40,0.15151515151515152,0.38814866760168304,0.5771291866028708,0.6834758620689656,1.0,0.5,0.0339848284960423,1.5581740967903182,1.0,0.0339848284960423,1.6573832048647925,-0.1212121212121212,-0.0529871977240398,0.1640090090090091,0.25156862745098035,1.0,0.5,0.0339848284960423,2.0393022438854347,1.0,0.0339848284960423,2.167027750234012,1.6421670026969852
2022-07-28,157.35,0.0035716563556349,11,152.94099999999997,64.97577673209554,10,40,0.45454545454545453,0.38814866760168304,0.5771291866028708,0.6834758620689656,1.0,0.0,0.0035716563556349,1.5637393592063051,1.0,0.0035716563556349,1.6633028081221706,0.2142857142857143,-0.0529871977240398,0.1640090090090091,0.25156862745098035,1.0,0.0,0.0035716563556349,2.0465859307058687,1.0,0.0035716563556349,2.1747676286709723,1.6480322589091818
2022-07-29,162.51,0.0327931363203051,11,154.17499999999998,70.16252649915317,10,40,0.7142857142857143,0.38814866760168304,0.5771291866028708,0.6834758620689656,1.0,0.0,0.0327931363203051,1.615019277182184,1.0,0.0327931363203051,1.7178477238508671,0.4,-0.0529871977240398,0.1640090090090091,0.25156862745098035,1.0,0.0,0.0327931363203051,2.113699902122725,1.0,0.0327931363203051,2.2460850799829664,1.702076405435851
2022-08-01,161.51,-0.0061534674789244,11,155.61899999999997,68.05900309436163,10,40,0.5151515151515151,0.38814866760168304,0.5771291866028708,0.6834758620689656,0.5,0.5,-0.0033267337394622,1.6096465380629001,0.5,-0.0033267337394622,1.712132901868674,0.1176470588235294,-0.0529871977240398,0.1640090090090091,0.25156862745098035,0.5,0.5,-0.0033267337394622,2.1066681853432354,0.5,-0.0033267337394622,2.2386129529656844,1.691602733628357
2022-08-02,160.01,-0.0092873506284441,11,156.51999999999998,64.91513693299179,10,40,0.42105263157894735,0.38814866760168304,0.5771291866028708,0.6834758620689656,0.5,0.0,-0.00464367531422205,1.6021718621694745,0.5,-0.00464367531422205,1.704182312577599,0.0526315789473684,-0.0529871977240398,0.1640090090090091,0.25156862745098035,0.5,0.0,-0.00464367531422205,2.0968855022957,0.5,-0.00464367531422205,2.2282175612579,1.6758922259171158
2022-08-03,166.13,0.0382476095244046,11,157.829,70.83470122877674,10,40,0.8076923076923077,0.38814866760168304,0.5771291866028708,0.6834758620689656,0.5,0.0,0.0191238047622023,1.6328114840570975,0.5,0.0191238047622023,1.7367727624025313,0.3846153846153846,-0.0529871977240398,0.1640090090090091,0.25156862745098035,0.5,0.0,0.0191238047622023,2.1369859312502952,0.5,0.0191238047622023,2.2708295588671064,1.739991097378979
2022-08-04,165.81,-0.0019262023716366,11,158.875,70.16805924615724,10,40,0.1875,0.38814866760168304,0.5771291866028708,0.6834758620689656,0.5,0.0,-0.0009631011858183,1.6312389213805845,0.5,-0.0009631011858183,1.7351000744955645,-0.1875,-0.0529871977240398,0.1640090090090091,0.25156862745098035,0.5,0.0,-0.0009631011858183,2.134927797565831,0.5,-0.0009631011858183,2.26864252022617,1.7366395224005808
2022-08-05,165.35,-0.0027742596948314,11,160.00099999999998,69.16043903013521,10,40,0.5,0.38814866760168304,0.5771291866028708,0.6834758620689656,0.5,0.0,-0.0013871298474157,1.6289761811844712,0.5,-0.0013871298474157,1.7326932653939784,0.2272727272727273,-0.0529871977240398,0.1640090090090091,0.25156862745098035,0.5,0.0,-0.0013871298474157,2.13196637549575,0.5,-0.0013871298474157,2.2654956184732478,1.7318216333691336
2022-08-08,164.87,-0.0029029331720592,11,161.193,68.0621138763598,10,40,0.6,0.38814866760168304,0.5771291866028708,0.6834758620689656,1.0,0.5,-0.0031529331720592003,1.6238401281463204,1.0,-0.0031529331720592003,1.7272301993205141,0.05,-0.0529871977240398,0.1640090090090091,0.25156862745098035,1.0,0.5,-0.0031529331720592003,2.1252444279887346,1.0,-0.0031529331720592003,2.2583526621866086,1.7267942709015365
2022-08-09,164.92,0.0003032692424334,11,162.525,68.11891014413449,10,40,0.4594594594594595,0.38814866760168304,0.5771291866028708,0.6834758620689656,0.5,0.5,-9.83653787833e-05,1.6236803984970318,0.5,-9.83653787833e-05,1.727060299667712,0.0263157894736842,-0.0529871977240398,0.1640090090090091,0.25156862745098035,0.5,0.5,-9.83653787833e-05,2.1250353775155686,0.5,-9.83653787833e-05,2.2581305184715665,1.727317954491911
2022-08-10,169.24,0.0261945185544507,11,163.77,72.64522895344479,10,40,0.6153846153846154,0.38814866760168304,0.5771291866028708,0.6834758620689656,0.5,0.0,0.01309725927722535,1.644946161659496,0.5,0.01309725927722535,1.7496800561998627,0.3076923076923077,-0.0529871977240398,0.1640090090090091,0.25156862745098035,0.5,0.0,0.01309725927722535,2.1528675168281666,0.5,0.01309725927722535,2.287705839353804,1.7725642167002853
2022-08-11,168.49,-0.0044315764594659,11,164.884,70.76676222786081,10,40,0.5238095238095238,0.38814866760168304,0.5771291866028708,0.6834758620689656,0.5,0.0,-0.00221578822973295,1.6413013093159465,0.5,-0.00221578822973295,1.7458031357255366,0.2272727272727273,-0.0529871977240398,0.1640090090090091,0.25156862745098035,0.5,0.0,-0.00221578822973295,2.1480972183242044,0.5,-0.00221578822973295,2.282636767681873,1.7647089628446646
2022-08-12,172.1,0.0214256038934059,11,165.84300000000002,74.22198815922064,10,40,0.65625,0.38814866760168304,0.5771291866028708,0.6834758620689656,0.5,0.0,0.01071280194670295,1.6588842451775123,0.5,0.01071280194670295,1.7645055789564972,0.2727272727272727,-0.0529871977240398,0.1640090090090091,0.25156862745098035,0.5,0.0,0.01071280194670295,2.171109358386375,0.5,0.01071280194670295,2.307090203290311,1.8025189180697176
2022-08-15,173.19,0.0063335270191748,11,167.01100000000002,75.1760454998713,10,40,0.6666666666666666,0.38814866760168304,0.5771291866028708,0.6834758620689656,0.5,0.0,0.0031667635095874,1.6641375392717699,0.5,0.0031667635095874,1.7700933508363998,0.0512820512820512,-0.0529871977240398,0.1640090090090091,0.25156862745098035,0.5,0.0,0.0031667635095874,2.177984748277837,0.5,0.0031667635095874,2.314396212359417,1.8139352203398862
2022-08-16,173.03,-0.0009238408684103,11,168.31300000000002,74.73877597799458,10,40,0.475,0.38814866760168304,0.5771291866028708,0.6834758620689656,0.5,0.0,-0.00046192043420515,1.6633688401370523,0.5,-0.00046192043420515,1.769275708547198,-0.119047619047619,-0.0529871977240398,0.1640090090090091,0.25156862745098035,0.5,0.0,-0.00046192043420515,2.17697869261722,0.5,-0.00046192043420515,2.313327145456081,1.8122594328506874
2022-08-17,174.55,0.0087846038259262,11,169.155,76.1575983241866,10,40,0.5185185185185185,0.38814866760168304,0.5771291866028708,0.6834758620689656,0.5,0.0,0.0043923019129631,1.6706748582755493,0.5,0.0043923019129631,1.7770469016264088,-0.1071428571428571,-0.0529871977240398,0.1640090090090091,0.25156862745098035,0.5,0.0,0.0043923019129631,2.1865406402932823,0.5,0.0043923019129631,2.3234879767023773,1.8281794139980785
2022-08-18,174.15,-0.0022916069894013,11,169.989,74.96435361608019,10,40,0.3076923076923077,0.38814866760168304,0.5771291866028708,0.6834758620689656,0.5,0.0,-0.00114580349470065,1.6687605931844287,0.5,-0.00114580349470065,1.7750107550762784,-0.0769230769230769,-0.0529871977240398,0.1640090090090091,0.25156862745098035,1.0,0.5,-0.0025416069894012997,2.180983313319303,1.0,-0.0025416069894012997,2.3175825834210007,1.8239899452750807
2022-08-19,171.52,-0.0151019236290553,11,170.606,67.47817715685102,10,40,0.16,0.38814866760168304,0.5771291866028708,0.6834758620689656,0.5,0.0,-0.00755096181452765,1.6561598456677047,0.5,-0.00755096181452765,1.7616077166443216,-0.08,-0.0529871977240398,0.1640090090090091,0.25156862745098035,1.0,0.0,-0.0151019236290553,2.148046269885311,1.0,-0.0151019236290553,2.282582628242148,1.7964441884213718
2022-08-22,167.57,-0.0230293843283583,11,170.876,58.09462555642729,10,40,0.3333333333333333,0.38814866760168304,0.5771291866028708,0.6834758620689656,1.0,0.5,-0.0232793843283583,1.6176054641112116,1.0,-0.0232793843283583,1.7205985735727567,-0.0416666666666666,-0.0529871977240398,0.1640090090090091,0.25156862745098035,1.0,0.0,-0.0230293843283583,2.0985780867810258,1.0,-0.0230293843283583,2.2300161556351257,1.7550731847817702
2022-08-23,167.23,-0.002029002804798,11,171.107,57.35528614069316,10,40,0.46153846153846156,0.38814866760168304,0.5771291866028708,0.6834758620689656,0.5,0.5,-0.001264501402399,1.6155599997333148,0.5,-0.001264501402399,1.7184228742635084,0.0,-0.0529871977240398,0.1640090090090091,0.25156862745098035,0.5,0.5,-0.001264501402399,2.0959244318472474,0.5,-0.001264501402399,2.2271962970789527,1.7515121363672221
2022-08-24,167.53,0.0017939364946482,11,170.93599999999998,57.86482780035997,10,40,0.717948717948718,0.38814866760168304,0.5771291866028708,0.6834758620689656,0.5,0.0,0.0008969682473241,1.6170091057547225,0.5,0.0008969682473241,1.7199642450171981,0.175,-0.0529871977240398,0.1640090090090091,0.25156862745098035,0.5,0.0,0.0008969682473241,2.0978044095114052,0.5,0.0008969682473241,2.22919402143799,1.7546542379094705
2022-08-25,170.03,0.0149227004118666,11,171.08999999999995,61.945434154575594,10,40,0.5714285714285714,0.38814866760168304,0.5771291866028708,0.6834758620689656,0.5,0.0,0.0074613502059333,1.6290741769789414,0.5,0.0074613502059333,1.732797500590955,0.2857142857142857,-0.0529871977240398,0.1640090090090091,0.25156862745098035,0.5,0.0,0.0074613502059333,2.113456862874321,0.5,0.0074613502059333,2.245826818708912,1.7808384174282057
2022-08-26,163.62,-0.0376992295477268,11,170.24200000000002,48.87548940454298,10,40,0.34615384615384615,0.38814866760168304,0.5771291866028708,0.6834758620689656,0.5,0.0,-0.0188496147738634,1.5983667563048398,0.5,-0.0188496147738634,1.7001349352237023,-0.0384615384615384,-0.0529871977240398,0.1640090090090091,0.25156862745098035,0.5,0.0,-0.0188496147738634,2.0736190151679623,0.5,-0.0188496147738634,2.203493848327438,1.7137021811421693
2022-08-29,161.38,-0.0136902579146803,11,169.06099999999998,45.28009566009072,10,40,0.2647058823529412,0.38814866760168304,0.5771291866028708,0.6834758620689656,0.5,0.0,-0.00684512895734015,1.5874257297368077,0.5,-0.00684512895734015,1.688497292347217,-0.1176470588235294,-0.0529871977240398,0.1640090090090091,0.25156862745098035,-1.0,1.5,0.012940257914680299,2.100452180041021,-1.0,0.012940257914680299,2.2320076270382065,1.690241156293383
2022-08-30,158.91,-0.0153054901474779,11,167.649,41.64241273196901,10,40,0.5,0.38814866760168304,0.5771291866028708,0.6834758620689656,0.5,0.0,-0.00765274507373895,1.575277565303638,0.5,-0.00765274507373895,1.6755756530111854,-0.0588235294117647,-0.0529871977240398,0.1640090090090091,0.25156862745098035,-1.0,0.0,0.0153054901474779,2.1326006301878873,-1.0,0.0153054901474779,2.2661695977829353,1.6643711869288729
2022-08-31,157.22,-0.010634950600969,11,165.916,39.31511730188506,10,40,0.1111111111111111,0.38814866760168304,0.5771291866028708,0.6834758620689656,0.5,0.0,-0.0053174753004845,1.5669010657587283,0.5,-0.0053174753004845,1.6666658208622052,0.1111111111111111,-0.0529871977240398,0.1640090090090091,0.25156862745098035,-1.0,0.0,0.010634950600969,2.155280732541531,-1.0,0.010634950600969,2.290270199508775,1.6466706815742083
2022-09-01,157.96,0.0047067803078488,11,164.297,40.873337033884006,10,40,0.37037037037037035,0.38814866760168304,0.5771291866028708,0.6834758620689656,0.5,0.0,0.0023533901539244,1.5705885952990584,0.5,0.0023533901539244,1.6705881357949044,0.037037037037037,-0.0529871977240398,0.1640090090090091,0.25156862745098035,0.5,1.5,0.0016033901539244,2.1587364884470306,0.5,0.0016033901539244,2.2939423961964933,1.6544211987117539
2022-09-02,155.81,-0.0136110407698152,11,162.726,37.833721411493855,10,40,0.6774193548387096,0.38814866760168304,0.5771291866028708,0.6834758620689656,0.5,0.0,-0.0068055203849076,1.5598999225974473,0.5,-0.0068055203849076,1.6592189141819675,-0.0606060606060606,-0.0529871977240398,0.1640090090090091,0.25156862745098035,0.5,0.0,-0.0068055203849076,2.1440451632692605,0.5,-0.0068055203849076,2.278330924457374,1.6319028043256416
2022-09-06,154.53,-0.0082151338168281,11,161.422,36.111911354014275,10,40,0.375,0.38814866760168304,0.5771291866028708,0.6834758620689656,0.5,0.0,-0.00410756690841405,1.5534925292949484,0.5,-0.00410756690841405,1.6524035614762589,-0.15625,-0.0529871977240398,0.1640090090090091,0.25156862745098035,0.5,0.0,-0.00410756690841405,2.1352383543064706,0.5,-0.00410756690841405,2.2689725277456567,1.6184965044120494
2022-09-07,155.96,0.0092538665631269,11,160.29500000000002,39.42845401705889,10,40,0.7164179104477612,0.38814866760168304,0.5771291866028708,0.6834758620689656,-1.0,1.5,-0.010003866563126901,1.5379515973250673,-1.0,-0.010003866563126901,1.6358731367388146,0.1911764705882353,-0.0529871977240398,0.1640090090090091,0.25156862745098035,0.5,0.0,0.00462693328156345,2.1451179597120817,0.5,0.00462693328156345,2.279470912249236,1.633473855096766
2022-09-08,154.46,-0.0096178507309566,11,158.988,37.24438477608753,10,40,0.5344827586206896,0.38814866760168304,0.5771291866028708,0.6834758620689656,0.5,1.5,-0.0055589253654783,1.529402239179819,0.5,-0.0055589253654783,1.6267794400642928,0.1186440677966102,-0.0529871977240398,0.1640090090090091,0.25156862745098035,0.5,0.0,-0.0048089253654783,2.1348022475436794,0.5,-0.0048089253654783,2.268509106759451,1.617763347385525
2022-09-09,157.37,0.0188398290819629,11,157.722,43.7537231400695,10,40,0.7692307692307693,0.38814866760168304,0.5771291866028708,0.6834758620689656,-1.0,1.5,-0.0195898290819629,1.499441510716715,-1.0,-0.0195898290819629,1.594911108879382,0.3333333333333333,-0.0529871977240398,0.1640090090090091,0.25156862745098035,-1.0,1.5,-0.0195898290819629,2.0929818363905084,-1.0,-0.0195898290819629,2.224069401087157,1.6482417323453327
2022-09-12,163.43,0.0385079748363728,11,157.703,54.3685485902892,10,40,0.8709677419354839,0.38814866760168304,0.5771291866028708,0.6834758620689656,-1.0,0.0,-0.0385079748363728,1.4417010547534228,-1.0,-0.0385079748363728,1.5334943120324032,0.4375,-0.0529871977240398,0.1640090090090091,0.25156862745098035,0.5,1.5,0.018503987418186398,2.131710345957571,0.5,0.018503987418186398,2.265223553302047,1.7117121834987463
2022-09-13,153.84,-0.0586795569968794,11,156.949,41.13765273649465,10,40,0.5555555555555556,0.38814866760168304,0.5771291866028708,0.6834758620689656,-1.0,0.0,0.0586795569968794,1.5262994339682874,-1.0,0.0586795569968794,1.623479078919699,0.1666666666666667,-0.0529871977240398,0.1640090090090091,0.25156862745098035,0.5,0.0,-0.0293397784984397,2.0691664365843434,0.5,-0.0293397784984397,2.1987623959987164,1.6112696708648786
2022-09-14,155.31,0.0095553822152885,11,156.589,43.41095551833754,10,40,0.5,0.38814866760168304,0.5771291866028708,0.6834758620689656,-1.0,0.0,-0.0095553822152885,1.511715059501742,-1.0,-0.0095553822152885,1.6079661158020966,0.032258064516129,-0.0529871977240398,0.1640090090090091,0.25156862745098035,-1.0,1.5,-0.0103053822152885,2.0478428855882953,-1.0,-0.0103053822152885,2.176103309107346,1.6266659684218947
2022-09-15,152.37,-0.0189298821711415,11,156.10399999999998,40.077214101484785,10,40,0.5294117647058824,0.38814866760168304,0.5771291866028708,0.6834758620689656,-1.0,0.0,0.0189298821711415,1.54033164745445,-1.0,0.0189298821711415,1.6384047249094182,0.0588235294117647,-0.0529871977240398,0.1640090090090091,0.25156862745098035,-1.0,0.0,0.0189298821711415,2.086608310117492,-1.0,0.0189298821711415,2.217296688340979,1.5958733733078625
2022-09-16,150.7,-0.0109601627616986,11,155.378,38.27897795541064,10,40,0.20833333333333334,0.38814866760168304,0.5771291866028708,0.6834758620689656,-1.0,0.0,0.0109601627616986,1.557213933017546,-1.0,0.0109601627616986,1.6563619073639615,-0.1666666666666667,-0.0529871977240398,0.1640090090090091,0.25156862745098035,-1.0,0.0,0.0109601627616986,2.109477876816293,-1.0,0.0109601627616986,2.2415986209361716,1.5783823413893472
2022-09-19,154.48,0.0250829462508295,11,155.245,44.36403729661185,10,40,1.0,0.38814866760168304,0.5771291866028708,0.6834758620689656,0.5,1.5,0.01179147312541475,1.5755757792592437,0.5,0.01179147312541475,1.6758928542806044,0.4705882352941176,-0.0529871977240398,0.1640090090090091,0.25156862745098035,0.5,1.5,0.01179147312541475,2.1343517285094293,0.5,0.01179147312541475,2.268030370832907,1.6179728208216746
2022-09-20,156.9,0.0156654583117556,11,155.482,47.90511183335443,10,40,0.6470588235294118,0.38814866760168304,0.5771291866028708,0.6834758620689656,0.5,0.0,0.0078327291558778,1.5879168376027424,0.5,0.0078327291558778,1.6890196691024553,0.0857142857142857,-0.0529871977240398,0.1640090090090091,0.25156862745098035,0.5,0.0,0.0078327291558778,2.1510695275222234,0.5,0.0078327291558778,2.2857952384449463,1.6433191065958104
2022-09-21,153.72,-0.0202676864244741,11,155.25799999999998,43.94685726526432,10,40,0.6666666666666666,0.38814866760168304,0.5771291866028708,0.6834758620689656,0.5,0.0,-0.01013384321223705,1.571825137336405,0.5,-0.01013384321223705,1.6719034085933864,0.2222222222222222,-0.0529871977240398,0.1640090090090091,0.25156862745098035,0.5,0.0,-0.01013384321223705,2.1292709261916922,0.5,-0.01013384321223705,2.262631347883267,1.6100128302479797
2022-09-22,152.74,-0.006375227686703,11,155.08599999999998,42.77389431523664,10,40,0.23333333333333334,0.38814866760168304,0.5771291866028708,0.6834758620689656,-1.0,1.5,0.005625227686703,1.5806670116176056,-1.0,0.005625227686703,1.681308245936899,0.0333333333333333,-0.0529871977240398,0.1640090090090091,0.25156862745098035,0.5,0.0,-0.0031876138433515,2.1224836327111176,0.5,-0.0031876138433515,2.255418952876353,1.5997486318766359
2022-09-23,150.43,-0.0151237396883593,11,154.392,40.05973620188138,10,40,0.2647058823529412,0.38814866760168304,0.5771291866028708,0.6834758620689656,-1.0,0.0,0.0151237396883593,1.604572608035287,-1.0,0.0151237396883593,1.7067359141843406,-0.1470588235294118,-0.0529871977240398,0.1640090090090091,0.25156862745098035,-1.0,1.5,0.0143737396883593,2.1529916599405103,-1.0,0.0143737396883593,2.2878377577931897,1.5755544500013245
2022-09-26,150.77,0.0022601874626071,11,153.126,40.656607019834794,10,40,0.3902439024390244,0.38814866760168304,0.5771291866028708,0.6834758620689656,0.5,1.5,0.00038009373130355,1.6051824960250227,0.5,0.00038009373130355,1.7073846338063128,-0.0476190476190476,-0.0529871977240398,0.1640090090090091,0.25156862745098035,0.5,1.5,0.00038009373130355,2.153809998574003,0.5,0.00038009373130355,2.2887073505831665,1.5791154984158724
2022-09-27,151.76,0.006566293029117,12,152.918,42.45349743113816,10,40,0.375,0.3158244680851064,0.5555555555555556,0.6488970588235294,0.5,0.0,0.0032831465145585,1.6104525453420775,0.5,0.0032831465145585,1.7129902277158047,0.1875,-0.0833333333333333,0.13874840357598975,0.2311794871794872,0.5,0.0,0.0032831465145585,2.160881272363842,0.5,0.0032831465145585,2.296221512144078,1.5894844335052911
2022-09-28,149.84,-0.0126515550869793,12,152.371,39.92837975276523,10,40,0.20408163265306123,0.3158244680851064,0.5555555555555556,0.6488970588235294,0.5,0.0,-0.00632577754348965,1.600265180795897,0.5,-0.00632577754348965,1.7021542326011028,-0.0588235294117647,-0.0833333333333333,0.13874840357598975,0.2311794871794872,0.5,0.0,-0.00632577754348965,2.1472120181369756,0.5,-0.00632577754348965,2.281696125667679,1.5693749836349027
2022-09-29,142.48,-0.0491190603310198,12,151.382,32.05697920722861,10,40,-0.10810810810810811,0.3158244680851064,0.5555555555555556,0.6488970588235294,0.5,0.0,-0.0245595301655099,1.5609634198153248,0.5,-0.0245595301655099,1.6603501243791856,-0.1351351351351351,-0.0833333333333333,0.13874840357598975,0.2311794871794872,-1.0,1.5,0.0483690603310198,2.2510706457857337,-1.0,0.0483690603310198,2.392059623227153,1.4922887591317469
2022-09-30,138.2,-0.0300393037619315,12,150.132,28.534191048174392,10,40,0.10256410256410256,0.3158244680851064,0.5555555555555556,0.6488970588235294,0.5,0.0,-0.01501965188096575,1.5375182926507769,0.5,-0.01501965188096575,1.635412243510492,-0.15,-0.0833333333333333,0.13874840357598975,0.2311794871794872,0.5,1.5,-0.01576965188096575,2.2155720453422316,0.5,-0.01576965188096575,2.354337675690347,1.4474614437956723
2022-10-03,142.45,0.030752532561505,12,148.929,36.04935881283562,10,40,0.5238095238095238,0.3158244680851064,0.5555555555555556,0.6488970588235294,0.5,0.0,0.0153762662807525,1.561159583330103,0.5,0.0153762662807525,1.6605587776455122,0.1428571428571428,-0.0833333333333333,0.13874840357598975,0.2311794871794872,0.5,0.0,0.0153762662807525,2.249639271075605,0.5,0.0153762662807525,2.3905385987065695,1.4919745489775218
2022-10-04,146.1,0.0256230256230256,12,147.849,41.71781517392459,10,40,0.5135135135135135,0.3158244680851064,0.5555555555555556,0.6488970588235294,0.5,0.0,0.0128115128115128,1.5811603993327525,0.5,0.0128115128115128,1.6818330476995875,0.1081081081081081,-0.0833333333333333,0.13874840357598975,0.2311794871794872,0.5,0.0,0.0128115128115128,2.278460553418272,0.5,0.0128115128115128,2.4211650145903145,1.530203451074875
2022-10-05,146.4,0.002053388090349,12,147.11700000000002,42.17152140586306,10,40,0.68,0.3158244680851064,0.5555555555555556,0.6488970588235294,0.5,0.0,0.0010266940451745,1.582783767299213,0.5,0.0010266940451745,1.6835597756746383,0.28,-0.0833333333333333,0.13874840357598975,0.2311794871794872,-1.0,1.5,-0.0028033880903490004,2.2720731442384894,-1.0,-0.0028033880903490004,2.4143775494236426,1.5333455526171231
2022-10-06,145.43,-0.0066256830601092,12,146.38600000000002,41.05856575625845,10,40,0.5714285714285714,0.3158244680851064,0.5555555555555556,0.6488970588235294,0.5,0.0,-0.0033128415300546,1.5775402555018079,0.5,-0.0033128415300546,1.677982408931454,-0.0666666666666666,-0.0833333333333333,0.13874840357598975,0.2311794871794872,0.5,1.5,-0.0040628415300546,2.2628420711087553,0.5,-0.0040628415300546,2.4045683160466127,1.523186090963854
2022-10-07,140.09,-0.0367186962799972,12,145.352,35.50355795714145,10,40,0.4090909090909091,0.3158244680851064,0.5555555555555556,0.6488970588235294,-1.0,1.5,0.0359686962799972,1.6342823218214215,-1.0,0.0359686962799972,1.7383372485614874,-0.0454545454545454,-0.0833333333333333,0.13874840357598975,0.2311794871794872,-1.0,1.5,0.0359686962799972,2.344233550294066,-1.0,0.0359686962799972,2.491057503490998,1.467256683511836
2022-10-10,140.42,0.0023556285245198,12,144.317,36.079105374189766,10,40,0.32142857142857145,0.3158244680851064,0.5555555555555556,0.6488970588235294,-1.0,0.0,-0.0023556285245198,1.6304325597670206,-1.0,-0.0023556285245198,1.7342423717535407,0.0,-0.0833333333333333,0.13874840357598975,0.2311794871794872,-1.0,0.0,-0.0023556285245198,2.338711406874857,-1.0,-0.0023556285245198,2.4851894973795554,1.470712995208309
2022-10-11,138.98,-0.010254949437402,12,143.039,34.627015012824614,10,40,0.4166666666666667,0.3158244680851064,0.5555555555555556,0.6488970588235294,-1.0,0.0,0.010254949437402,1.6471525632285253,-1.0,0.010254949437402,1.7520269395880734,-0.0833333333333333,-0.0833333333333333,0.13874840357598975,0.2311794871794872,-1.0,0.0,0.010254949437402,2.362694774101034,-1.0,0.010254949437402,2.510674990017545,1.4556309078055176
2022-10-12,138.34,-0.0046049791336881,12,141.88899999999998,33.97257696715823,10,40,0.7407407407407407,0.3158244680851064,0.5555555555555556,0.6488970588235294,0.5,1.5,-0.0030524895668440502,1.6421246472142699,0.5,-0.0030524895668440502,1.7466788956341512,0.1071428571428571,-0.0833333333333333,0.13874840357598975,0.2311794871794872,0.5,1.5,-0.0030524895668440502,2.3554826729534537,0.5,-0.0030524895668440502,2.5030111808047804,1.4489277578487219
2022-10-13,142.99,0.0336128379355211,12,141.94,42.478839552805546,10,40,0.5172413793103449,0.3158244680851064,0.5555555555555556,0.6488970588235294,0.5,0.0,0.01680641896776055,1.6697228820326389,0.5,0.01680641896776055,1.776034312956324,0.2413793103448276,-0.0833333333333333,0.13874840357598975,0.2311794871794872,0.5,0.0,0.01680641896776055,2.39506990162641,0.5,0.01680641896776055,2.5450778353903747,1.497630331753569
2022-10-14,138.38,-0.0322400167843905,12,141.958,37.34253371989946,10,40,0.5333333333333333,0.3158244680851064,0.5555555555555556,0.6488970588235294,0.5,0.0,-0.01612000839219525,1.6428069351616321,0.5,-0.01612000839219525,1.7474046249266413,0.3333333333333333,-0.0833333333333333,0.13874840357598975,0.2311794871794872,0.5,0.0,-0.01612000839219525,2.3564613547122977,0.5,-0.01612000839219525,2.504051159325092,1.4493467047210218
2022-10-17,142.41,0.0291227055932938,12,141.954,43.74607038710975,10,40,0.6,0.3158244680851064,0.5555555555555556,0.6488970588235294,0.5,0.0,0.0145613527966469,1.6667284265212987,0.5,0.0145613527966469,1.7728492001486904,0.2,-0.0833333333333333,0.13874840357598975,0.2311794871794872,-1.0,1.5,-0.029872705593293802,2.286067478421003,-1.0,-0.029872705593293802,2.429248376252027,1.4915556021052228
2022-10-18,143.75,0.0094094515834561,12,141.719,45.732050606473976,10,40,0.7058823529411765,0.3158244680851064,0.5555555555555556,0.6488970588235294,0.5,0.0,0.00470472579172805,1.67456992673736,0.5,0.00470472579172805,1.7811899695054745,0.1176470588235294,-0.0833333333333333,0.13874840357598975,0.2311794871794872,-1.0,0.0,-0.0094094515834561,2.2645568371662868,-1.0,-0.0094094515834561,2.4063904812714942,1.5055903223272646
2022-10-19,143.86,0.0007652173913044,12,141.465,45.900894247777,10,40,0.3684210526315789,0.3158244680851064,0.5555555555555556,0.6488970588235294,0.5,0.0,0.0003826086956522,1.6752106317528073,0.5,0.0003826086956522,1.7818714682764158,0.0,-0.0833333333333333,0.13874840357598975,0.2311794871794872,-1.0,0.0,-0.0007652173913044,2.26282395889089,-1.0,-0.0007652173913044,2.404549069424956,1.5067424262260891
2022-10-20,143.39,-0.0032670652022801,12,141.261,45.25303764208788,10,40,0.3333333333333333,0.3158244680851064,0.5555555555555556,0.6488970588235294,0.5,0.0,-0.00163353260114005,1.6724741205720626,0.5,-0.00163353260114005,1.778960723141945,0.0,-0.0833333333333333,0.13874840357598975,0.2311794871794872,0.5,1.5,-0.00238353260114005,2.2574304442142323,0.5,-0.00238353260114005,2.39881774832694,1.5018198004765666
2022-10-21,147.27,0.0270590696701304,12,141.97899999999998,51.356810195539474,10,40,0.3684210526315789,0.3158244680851064,0.5555555555555556,0.6488970588235294,0.5,0.0,0.0135295348350652,1.6951019174470874,0.5,0.0135295348350652,1.8030292342159069,0.1025641025641026,-0.0833333333333333,0.13874840357598975,0.2311794871794872,0.5,0.0,0.0135295348350652,2.2879724280469658,0.5,0.0135295348350652,2.431272636615902,1.5424576470896434
2022-10-24,149.45,0.0148027432606774,12,142.882,54.430911052655254,10,40,0.65625,0.3158244680851064,0.5555555555555556,0.6488970588235294,0.5,0.0,0.0074013716303387,1.707647996689413,0.5,0.0074013716303387,1.8163741236387039,0.03125,-0.0833333333333333,0.13874840357598975,0.2311794871794872,0.5,0.0,0.0074013716303387,2.30490656226691,0.5,0.0074013716303387,2.4492673889341696,1.56529025162998
2022-10-25,152.34,0.0193375710940115,12,144.21800000000002,58.20208620883079,10,40,0.6578947368421053,0.3158244680851064,0.5555555555555556,0.6488970588235294,0.5,0.0,0.00966878554700575,1.7241588789591766,0.5,0.00966878554700575,1.833936255513297,0.0,-0.0833333333333333,0.13874840357598975,0.2311794871794872,0.5,0.0,0.00966878554700575,2.327192209523355,0.5,0.00966878554700575,2.472948830065049,1.595559163153638
2022-10-26,149.35,-0.0196271497965079,12,145.31900000000002,53.28850722406614,10,40,0.32142857142857145,0.3158244680851064,0.5555555555555556,0.6488970588235294,0.5,0.0,-0.00981357489825395,1.7072387166640213,0.5,-0.00981357489825395,1.8159387847111939,-0.2142857142857143,-0.0833333333333333,0.13874840357598975,0.2311794871794872,0.5,0.0,-0.00981357489825395,2.304354134472564,0.5,-0.00981357489825395,2.448680361501656,1.5642428844492309
2022-10-27,144.8,-0.030465349849347,12,145.5,46.81199183149707,10,40,0.4634146341463415,0.3158244680851064,0.5555555555555556,0.6488970588235294,0.5,0.0,-0.0152326749246735,1.6812329042742615,0.5,-0.0152326749246735,1.7882771795205816,0.048780487804878,-0.0833333333333333,0.13874840357598975,0.2311794871794872,0.5,0.0,-0.0152326749246735,2.2692526570308162,0.5,-0.0152326749246735,2.4113804095604694,1.5165876777251333
2022-10-28,155.74,0.0755524861878453,12,147.23600000000002,59.54365411103034,10,40,0.5,0.3158244680851064,0.5555555555555556,0.6488970588235294,0.5,0.0,0.03777624309392265,1.7447435671636276,0.5,0.03777624309392265,1.8558315729734653,0.1666666666666667,-0.0833333333333333,0.13874840357598975,0.2311794871794872,0.5,0.0,0.03777624309392265,2.354976497044342,0.5,0.03777624309392265,2.5024733021039482,1.631169647299118
2022-10-31,153.34,-0.0154102992166431,12,148.329,56.356562956191866,10,40,0.16666666666666666,0.3158244680851064,0.5555555555555556,0.6488970588235294,0.5,0.0,-0.00770514960832155,1.731300056950475,0.5,-0.00770514960832155,1.841532113055858,0.0,-0.0833333333333333,0.13874840357598975,0.2311794871794872,0.5,0.0,-0.00770514960832155,2.336831050810534,0.5,-0.00770514960832155,2.483191370920407,1.6060328349611324
2022-11-01,150.65,-0.0175427155341072,12,149.019,52.936456751837376,10,40,0.782608695652174,0.3158244680851064,0.5555555555555556,0.6488970588235294,0.5,0.0,-0.0087713577670536,1.7161142047488422,0.5,-0.0087713577670536,1.8253793760527268,0.1304347826086956,-0.0833333333333333,0.13874840357598975,0.2311794871794872,0.5,0.0,-0.0087713577670536,2.316333869622715,0.5,-0.0087713577670536,2.461410411002004,1.5778586577989735
2022-11-02,145.03,-0.0373050116163292,12,149.136,46.57680278359293,10,40,-0.14814814814814814,0.3158244680851064,0.5555555555555556,0.6488970588235294,1.0,0.5,-0.0375550116163292,1.651665515854552,1.0,-0.0375550116163292,1.756827232380859,-0.1111111111111111,-0.0833333333333333,0.13874840357598975,0.2311794871794872,0.5,0.0,-0.0186525058081646,2.2731284386659287,0.5,-0.0186525058081646,2.4154989390145123,1.5189966222408573
2022-11-03,138.88,-0.0424050196511066,12,148.685,40.800294520522264,10,40,0.13043478260869565,0.3158244680851064,0.5555555555555556,0.6488970588235294,-1.0,2.0,0.0414050196511066,1.7200527589955648,-1.0,0.0414050196511066,1.8295686984611876,-0.0434782608695652,-0.0833333333333333,0.13874840357598975,0.2311794871794872,0.5,0.0,-0.0212025098255533,2.2249324106103696,0.5,-0.0212025098255533,2.3642842990264437,1.4545835406247694
2022-11-04,138.38,-0.0036002304147465,12,147.796,40.362018035994446,10,40,0.375,0.3158244680851064,0.5555555555555556,0.6488970588235294,-1.0,0.0,0.0036002304147465,1.7262453452534692,-1.0,0.0036002304147465,1.8361555673352556,0.0416666666666666,-0.0833333333333333,0.13874840357598975,0.2311794871794872,0.5,0.0,-0.00180011520737325,2.2209272759426524,0.5,-0.00180011520737325,2.3600283149052124,1.4493467047210222
2022-11-07,138.92,0.003902298019945,12,146.743,41.097926659932895,10,40,-0.09836065573770492,0.3158244680851064,0.5555555555555556,0.6488970588235294,-1.0,0.0,-0.003902298019945,1.7195090214607474,-1.0,-0.003902298019945,1.8289903411005322,-0.2741935483870968,-0.0833333333333333,0.13874840357598975,0.2311794871794872,0.5,0.0,0.0019511490099725,2.2252606359983287,0.5,0.0019511490099725,2.3646330818153465,1.4550024874970688
2022-11-08,139.5,0.0041750647854881,12,145.459,41.926814030988936,10,40,0.56,0.3158244680851064,0.5555555555555556,0.6488970588235294,0.5,1.5,0.00133753239274405,1.7218089204765668,0.5,0.00133753239274405,1.8314366749277702,0.08,-0.0833333333333333,0.13874840357598975,0.2311794871794872,0.5,0.0,0.00208753239274405,2.2299059396582734,0.5,0.00208753239274405,2.36956932997059,1.4610772171454154
2022-11-09,134.87,-0.033189964157706,12,144.011,37.4020305517219,10,40,0.3333333333333333,0.3158244680851064,0.5555555555555556,0.6488970588235294,0.5,0.0,-0.016594982078853,1.6932355322980488,0.5,-0.016594982078853,1.8010440161287897,-0.2857142857142857,-0.0833333333333333,0.13874840357598975,0.2311794871794872,0.5,0.0,-0.016594982078853,2.1929006905521167,0.5,-0.016594982078853,2.3302463694051285,1.4125841166767181
2022-11-10,146.87,0.0889745681026172,12,144.21800000000002,51.89304390696843,10,40,0.3684210526315789,0.3158244680851064,0.5555555555555556,0.6488970588235294,-1.0,1.5,-0.0897245681026172,1.5413107054666013,-1.0,-0.0897245681026172,1.639446119647831,0.2051282051282051,-0.0833333333333333,0.13874840357598975,0.2311794871794872,0.5,0.0,0.0444872840513086,2.2904568864690193,0.5,0.0444872840513086,2.433912701550385,1.5382681783666463
2022-11-11,149.7,0.0192687410635254,12,143.61399999999998,54.5643585655727,10,40,0.75,0.3158244680851064,0.5555555555555556,0.6488970588235294,0.5,1.5,0.008884370531762699,1.5550042808785391,0.5,0.008884370531762699,1.6540115664416428,0.35,-0.0833333333333333,0.13874840357598975,0.2311794871794872,1.0,0.5,0.0190187410635254,2.334018492909942,1.0,0.0190187410635254,2.4802026569923976,1.5679086695818543
2022-11-14,148.28,-0.0094856379425516,12,143.108,52.97481224769362,10,40,0.48,0.3158244680851064,0.5555555555555556,0.6488970588235294,0.5,0.0,-0.0047428189712758,1.5476291770747732,0.5,-0.0047428189712758,1.6461668890056138,-0.0769230769230769,-0.0833333333333333,0.13874840357598975,0.2311794871794872,0.5,0.5,-0.0049928189712758,2.3223651610992326,0.5,-0.0049928189712758,2.4678194541139575,1.553036055615213
2022-11-15,150.04,0.0118694362017803,12,143.047,54.73490898514323,10,40,0.7692307692307693,0.3158244680851064,0.5555555555555556,0.6488970588235294,0.5,0.0,0.00593471810089015,1.5568139199654247,0.5,0.00593471810089015,1.6559364254388815,0.0384615384615384,-0.0833333333333333,0.13874840357598975,0.2311794871794872,0.5,0.0,0.00593471810089015,2.336147743657685,0.5,0.00593471810089015,2.4824652668980165,1.5714697179964023
2022-11-16,148.79,-0.0083311117035457,12,143.423,53.211578373010454,10,40,0.4090909090909091,0.3158244680851064,0.5555555555555556,0.6488970588235294,0.5,0.0,-0.00416555585177285,1.5503289246309915,0.5,-0.00416555585177285,1.649038529771731,-0.0454545454545454,-0.0833333333333333,0.13874840357598975,0.2311794871794872,0.5,0.0,-0.00416555585177285,2.326416389753486,0.5,-0.00416555585177285,2.472124419178667,1.5583776282370347
2022-11-17,150.72,0.0129713018348007,12,144.607,55.28102208164333,10,40,0.42857142857142855,0.3158244680851064,0.5555555555555556,0.6488970588235294,0.5,0.0,0.00648565091740035,1.5603838168432966,0.5,0.00648565091740035,1.6597336180251734,0.0,-0.0833333333333333,0.13874840357598975,0.2311794871794872,0.5,0.0,0.00648565091740035,2.3415047143459455,0.5,0.00648565091740035,2.4881577551858407,1.5785918148254983
2022-11-18,151.29,0.0037818471337578,12,145.898,55.9013801716296,10,40,0.5769230769230769,0.3158244680851064,0.5555555555555556,0.6488970588235294,0.5,0.0,0.0018909235668789,1.563334383375942,0.5,0.0018909235668789,1.6628720474382384,-0.1153846153846154,-0.0833333333333333,0.13874840357598975,0.2311794871794872,0.5,0.0,0.0018909235668789,2.34593232079226,0.5,0.0018909235668789,2.492862671323234,1.5845618077557697
2022-11-21,148.01,-0.021680216802168,12,146.807,51.47610828732262,10,40,0.631578947368421,0.3158244680851064,0.5555555555555556,0.6488970588235294,0.5,0.0,-0.010840108401084,1.5463876691930052,0.5,-0.010840108401084,1.6448463341868753,0.0,-0.0833333333333333,0.13874840357598975,0.2311794871794872,0.5,0.0,-0.010840108401084,2.3205021601332656,0.5,-0.010840108401084,2.4658397697370744,1.5502081642271894
2022-11-22,150.18,0.0146611715424633,12,147.875,54.066794171593266,10,40,0.23809523809523808,0.3158244680851064,0.5555555555555556,0.6488970588235294,0.5,0.0,0.00733058577123165,1.5577235966375993,0.5,0.00733058577123165,1.656904021320128,0.0,-0.0833333333333333,0.13874840357598975,0.2311794871794872,1.0,0.5,0.0144111715424633,2.3539433148276028,1.0,0.0144111715424633,2.5013754096549836,1.5729360320494514
2022-11-23,151.07,0.0059262218670927,12,149.495,55.12502000203126,10,40,0.06451612903225806,0.3158244680851064,0.5555555555555556,0.6488970588235294,0.5,0.0,0.00296311093354635,1.5623393044582394,0.5,0.00296311093354635,1.6618136117415387,-0.1935483870967742,-0.0833333333333333,0.13874840357598975,0.2311794871794872,0.5,0.5,0.00271311093354635,2.36032982417201,0.5,0.00271311093354635,2.5081619186278226,1.582257599958121
2022-11-25,148.11,-0.0195935658966041,12,149.61899999999997,50.92305492957567,10,40,0.24242424242424243,0.3158244680851064,0.5555555555555556,0.6488970588235294,1.0,0.5,-0.0198435658966041,1.5313369215173678,1.0,-0.0198435658966041,1.628837303829072,-0.1212121212121212,-0.0833333333333333,0.13874840357598975,0.2311794871794872,0.5,0.0,-0.00979678294830205,2.337206185198193,0.5,-0.00979678294830205,2.4835900007118292,1.5512555314079388
2022-11-28,144.22,-0.0262642630477348,12,149.071,45.96435918718637,10,40,-0.28846153846153844,0.3158244680851064,0.5555555555555556,0.6488970588235294,0.5,0.5,-0.013382131523867401,1.5108443694262683,0.5,-0.013382131523867401,1.6070399887982498,-0.4230769230769231,-0.0833333333333333,0.13874840357598975,0.2311794871794872,0.5,0.0,-0.0131321315238674,2.306513686175774,0.5,-0.0131321315238674,2.4509751701711195,1.5105129480767872
2022-11-29,141.17,-0.0211482457356816,12,148.36,42.47220996890988,10,40,0.18032786885245902,0.3158244680851064,0.5555555555555556,0.6488970588235294,0.5,0.0,-0.0105741228678408,1.4948685154297696,0.5,-0.0105741228678408,1.5900469505031638,-0.25,-0.0833333333333333,0.13874840357598975,0.2311794871794872,0.5,0.0,-0.0105741228678408,2.282124327061795,0.5,-0.0105741228678408,2.4250582575757034,1.4785682490639303
2022-11-30,148.03,0.0485938938868033,12,148.159,51.413430018858826,10,40,0.09615384615384616,0.3158244680851064,0.5555555555555556,0.6488970588235294,0.5,0.0,0.02429694694340165,1.5311892564365281,0.5,0.02429694694340165,1.6286802368970565,-0.1320754716981132,-0.0833333333333333,0.13874840357598975,0.2311794871794872,0.5,0.0,0.02429694694340165,2.3375729807546612,0.5,0.02429694694340165,2.483979769394678,1.5504176376633394
2022-12-01,148.31,0.0018915084780111,12,148.111,51.74311335110877,10,40,0.4473684210526316,0.3158244680851064,0.5555555555555556,0.6488970588235294,0.5,0.0,0.00094575423900555,1.5326373851665225,0.5,0.00094575423900555,1.6302205681350863,-0.1052631578947368,-0.0833333333333333,0.13874840357598975,0.2311794871794872,0.5,0.0,0.00094575423900555,2.3397837503101946,0.5,0.00094575423900555,2.4863290037911865,1.5533502657694376
2022-12-02,147.81,-0.0033713168363562,12,147.82,51.076614340939805,10,40,0.5,0.3158244680851064,0.5555555555555556,0.6488970588235294,1.0,0.5,-0.0036213168363562,1.52708721959959,1.0,-0.0036213168363562,1.6243170229447246,-0.1153846153846154,-0.0833333333333333,0.13874840357598975,0.2311794871794872,1.0,0.5,-0.0036213168363562,2.3313106520217635,1.0,-0.0036213168363562,2.4773252187090367,1.5481134298656907
2022-12-05,146.63,-0.0079832217035383,12,147.35399999999998,49.457506213048426,10,40,0.2571428571428571,0.3158244680851064,0.5555555555555556,0.6488970588235294,0.5,0.5,-0.00424161085176915,1.5206099098773385,0.5,-0.00424161085176915,1.6174273022334889,0.0285714285714285,-0.0833333333333333,0.13874840357598975,0.2311794871794872,0.5,0.5,-0.00424161085176915,2.321422139461303,0.5,-0.00424161085176915,2.466817369177999,1.5357544971328478
2022-12-06,142.91,-0.0253699788583509,12,146.844,44.65198861222187,10,40,0.4883720930232558,0.3158244680851064,0.5555555555555556,0.6488970588235294,0.5,0.0,-0.01268498942917545,1.501320989244645,0.5,-0.01268498942917545,1.5969102540021973,0.0232558139534883,-0.0833333333333333,0.13874840357598975,0.2311794871794872,0.5,0.0,-0.01268498942917545,2.2919749241615825,0.5,-0.01268498942917545,2.43552581692627,1.49679243800897
2022-12-07,140.94,-0.0137848995871527,13,146.89749999999998,42.307575888194265,20,40,0.09302325581395349,0.31009615384615385,0.533448275862069,0.656578947368421,0.5,0.0,-0.00689244979357635,1.490973209702234,0.5,-0.00689244979357635,1.5859036302516398,-0.2093023255813954,-0.08749999999999998,0.12328389830508478,0.22707070707070706,0.5,0.0,-0.00689244979357635,2.2761776020686626,0.5,-0.00689244979357635,2.4187390775121465,1.476159304548207
2022-12-08,142.65,0.01213282247765,13,147.2865,45.006668948753685,20,40,0.7727272727272727,0.31009615384615385,0.533448275862069,0.656578947368421,0.5,0.0,0.006066411238825,1.5000180663383584,0.5,0.006066411238825,1.5955243738578915,0.1363636363636364,-0.08749999999999998,0.12328389830508478,0.22707070707070706,0.5,0.0,0.006066411238825,2.2899858314554136,0.5,0.006066411238825,2.433412143435751,1.494069283339022
2022-12-09,142.16,-0.003434980722047,13,147.051,44.36614493303414,20,40,0.32,0.31009615384615385,0.533448275862069,0.656578947368421,0.5,0.0,-0.0017174903610235,1.4974417997680611,0.5,-0.0017174903610235,1.5927840761250125,-0.08,-0.08749999999999998,0.12328389830508478,0.22707070707070706,0.5,0.0,-0.0017174903610235,2.2860528028630083,0.5,-0.0017174903610235,2.4292327815350023,1.4889371841533499
2022-12-12,144.49,0.0163899831176139,13,146.7905,48.14527149000067,20,40,0.25,0.31009615384615385,0.533448275862069,0.656578947368421,-1.0,1.5,-0.017139983117613902,1.4717756726004272,-1.0,-0.017139983117613902,1.5654837839502256,0.0,-0.08749999999999998,0.12328389830508478,0.22707070707070706,-1.0,1.5,-0.017139983117613902,2.2468698964159626,-1.0,-0.017139983117613902,2.387595772670738,1.513340839464811
2022-12-13,145.47,0.0067824762959374,13,146.65,49.69314091660041,20,40,0.5925925925925926,0.31009615384615385,0.533448275862069,0.656578947368421,-1.0,0.0,-0.0067824762959374,1.4617933889880774,-1.0,-0.0067824762959374,1.5548659272939087,0.2222222222222222,-0.08749999999999998,0.12328389830508478,0.22707070707070706,0.5,1.5,0.0026412381479687004,2.252804414899899,0.5,0.0026412381479687004,2.393901981707445,1.523605037836155
2022-12-14,143.21,-0.0155358493160101,13,146.3085,46.26347913486489,20,40,0.4375,0.31009615384615385,0.533448275862069,0.656578947368421,-1.0,0.0,0.0155358493160101,1.484503590810536,-1.0,0.0155358493160101,1.5790220900469452,0.0625,-0.08749999999999998,0.12328389830508478,0.22707070707070706,0.5,0.0,-0.00776792465800505,2.2353047999357356,0.5,-0.00776792465800505,2.375306331474893,1.4999345395512185
2022-12-15,136.5,-0.0468542699532156,13,145.69400000000002,37.899907822366615,20,40,0.3333333333333333,0.31009615384615385,0.533448275862069,0.656578947368421,-1.0,0.0,0.0468542699532156,1.5540589228008905,-1.0,0.0468542699532156,1.6530060173160952,-0.0952380952380952,-0.08749999999999998,0.12328389830508478,0.22707070707070706,-1.0,1.5,0.0461042699532156,2.3383618958596917,-1.0,0.0461042699532156,2.484818095802794,1.4296562017229335
2022-12-16,134.51,-0.0145787545787546,13,144.8835,35.83106079354009,20,40,0.6363636363636364,0.31009615384615385,0.533448275862069,0.656578947368421,0.5,1.5,-0.0080393772893773,1.5415652567905709,0.5,-0.0080393772893773,1.63971687828128,0.1818181818181818,-0.08749999999999998,0.12328389830508478,0.22707070707070706,0.5,1.5,-0.0080393772893773,2.319562922339772,0.5,-0.0080393772893773,2.464841705635163,1.4088135948260203
2022-12-19,132.37,-0.01590959779942,13,143.9375,33.70060141522845,20,40,0.30434782608695654,0.31009615384615385,0.533448275862069,0.656578947368421,0.5,0.0,-0.00795479889971,1.5293024151820223,0.5,-0.00795479889971,1.6266732602620924,0.0869565217391304,-0.08749999999999998,0.12328389830508478,0.22707070707070706,0.5,0.0,-0.00795479889971,2.3011112657573354,0.5,-0.00795479889971,2.4452343855472174,1.3863999371579832
2022-12-20,132.3,-0.0005288207297725,13,143.152,33.63016268632927,20,40,0.45,0.31009615384615385,0.533448275862069,0.656578947368421,-1.0,1.5,-0.00022117927022750005,1.528964165189875,-1.0,-0.00022117927022750005,1.6263134738574891,0.1,-0.08749999999999998,0.12328389830508478,0.22707070707070706,-1.0,1.5,-0.00022117927022750005,2.300602307646863,-1.0,-0.00022117927022750005,2.444693550390287,1.3856667801314588
2022-12-21,135.45,0.0238095238095237,13,142.4155,39.73451654586998,20,40,0.9166666666666666,0.31009615384615385,0.533448275862069,0.656578947368421,0.5,1.5,0.01115476190476185,1.5460193964134812,0.5,0.01115476190476185,1.6444546134408755,0.2083333333333333,-0.08749999999999998,0.12328389830508478,0.22707070707070706,0.5,1.5,0.01115476190476185,2.3262649786262095,0.5,0.01115476190476185,2.471963524874998,1.418658846325065
2022-12-22,132.23,-0.0237726098191214,13,141.4735,36.08125638478299,20,40,0.7619047619047619,0.31009615384615385,0.533448275862069,0.656578947368421,0.5,0.0,-0.0118863049095607,1.5276429384716157,0.5,-0.0118863049095607,1.6249081244955836,0.1904761904761905,-0.08749999999999998,0.12328389830508478,0.22707070707070706,0.5,0.0,-0.0118863049095607,2.2986142837898256,0.5,-0.0118863049095607,2.4425810126930214,1.384933623104934
2022-12-23,131.86,-0.0027981547303937,13,140.661,35.675363341099015,20,40,0.23076923076923078,0.31009615384615385,0.533448275862069,0.656578947368421,-1.0,1.5,0.0020481547303937003,1.5307717875823987,-1.0,0.0020481547303937003,1.6282361877572245,0.3076923076923077,-0.08749999999999998,0.12328389830508478,0.22707070707070706,-1.0,1.5,0.0020481547303937003,2.30332220150852,-1.0,0.0020481547303937003,2.4475837965485385,1.3810583645361618
2022-12-27,130.03,-0.013878355831943,13,139.95149999999998,33.65857758958823,20,40,0.038461538461538464,0.31009615384615385,0.533448275862069,0.656578947368421,-1.0,0.0,0.013878355831943,1.5520163831479667,-1.0,0.013878355831943,1.6508334289493658,-0.3333333333333333,-0.08749999999999998,0.12328389830508478,0.22707070707070706,-1.0,0.0,0.013878355831943,2.33528852661667,-1.0,0.013878355831943,2.4815522354055375,1.3618915451284477
2022-12-28,126.04,-0.0306852264861954,13,139.195,29.714333029033284,20,40,0.18518518518518517,0.31009615384615385,0.533448275862069,0.656578947368421,-1.0,0.0,0.0306852264861954,1.5996403573751479,-1.0,0.0306852264861954,1.7014896266076598,-0.037037037037037,-0.08749999999999998,0.12328389830508478,0.22707070707070706,-1.0,0.0,0.0306852264861954,2.406947383966516,-1.0,0.0306852264861954,2.557699227786281,1.3201015946165466
2022-12-29,129.61,0.0283243414788956,13,138.274,36.84537866594633,20,40,0.7241379310344828,0.31009615384615385,0.533448275862069,0.656578947368421,-1.0,0.0,-0.0283243414788956,1.5543315976494316,-1.0,-0.0283243414788956,1.6532960534008259,0.2758620689655172,-0.08749999999999998,0.12328389830508478,0.22707070707070706,-1.0,0.0,-0.0283243414788956,2.338772184341314,-1.0,-0.0283243414788956,2.4852540814581547,1.3574926029693004
2022-12-30,129.93,0.0024689452974306,13,137.355,37.45790576968182,20,40,0.5454545454545454,0.31009615384615385,0.533448275862069,0.656578947368421,0.5,1.5,0.0004844726487152999,1.5550846287955267,0.5,0.0004844726487152999,1.6540970301189273,-0.0454545454545454,-0.08749999999999998,0.12328389830508478,0.22707070707070706,-1.0,0.0,-0.0024689452974306,2.3329978837550227,-1.0,-0.0024689452974306,2.4791181250808183,1.3608441779476985
2023-01-03,125.07,-0.0374047564072963,13,136.21800000000002,32.32942093885262,20,40,-0.05263157894736842,0.31009615384615385,0.533448275862069,0.656578947368421,-1.0,1.5,0.0366547564072963,1.6120858770567574,-1.0,0.0366547564072963,1.7147275538319688,-0.15,-0.08749999999999998,0.12328389830508478,0.22707070707070706,-1.0,0.0,0.0374047564072963,2.420263101295617,-1.0,0.0374047564072963,2.5718489346543794,1.3099421329632774
2023-01-04,126.36,0.0103142240345406,13,135.2045,34.878075258217606,20,40,0.375,0.31009615384615385,0.533448275862069,0.656578947368421,-1.0,0.0,-0.0103142240345406,1.5954584621578751,-1.0,-0.0103142240345406,1.697041469683546,0.0952380952380952,-0.08749999999999998,0.12328389830508478,0.22707070707070706,-1.0,0.0,-0.0103142240345406,2.395299965446322,-1.0,-0.0103142240345406,2.5453223085593595,1.3234531695949447
2023-01-05,125.02,-0.0106046217157328,13,134.31,33.46800535376751,20,40,0.32,0.31009615384615385,0.533448275862069,0.656578947368421,-1.0,0.0,0.0106046217157328,1.612377695612224,-1.0,0.0106046217157328,1.715037952505451,0.0,-0.08749999999999998,0.12328389830508478,0.22707070707070706,-1.0,0.0,0.0106046217157328,2.420701215475588,-1.0,0.0106046217157328,2.572314488786247,1.3094184493729026
2023-01-06,129.62,0.0367941129419293,13,133.744,42.118927773316166,20,40,0.55,0.31009615384615385,0.533448275862069,0.656578947368421,0.5,1.5,0.01764705647096465,1.6408314158592165,0.5,0.01764705647096465,1.7453033241031621,0.0,-0.08749999999999998,0.12328389830508478,0.22707070707070706,0.5,1.5,0.01764705647096465,2.463419466524418,0.5,0.01764705647096465,2.6177082678309382,1.3575973396873753
2023-01-09,130.15,0.0040888751735843,13,133.119,43.03793790145735,20,40,0.4375,0.31009615384615385,0.533448275862069,0.656578947368421,0.5,0.0,0.00204443758679215,1.6441859932793883,0.5,0.00204443758679215,1.7488714878193117,-0.0303030303030303,-0.08749999999999998,0.12328389830508478,0.22707070707070706,0.5,0.0,0.00204443758679215,2.4684557738738158,0.5,0.00204443758679215,2.623060009004948,1.3631483857453472
2023-01-10,130.73,0.0044563964656165,13,132.5475,44.08423449697171,20,40,0.5588235294117647,0.31009615384615385,0.533448275862069,0.656578947368421,-1.0,1.5,-0.0052063964656165,1.6356257091351623,-1.0,-0.0052063964656165,1.7397661694863118,0.1764705882352941,-0.08749999999999998,0.12328389830508478,0.22707070707070706,0.5,0.0,0.00222819823280825,2.4739559826669266,0.5,0.00222819823280825,2.628904706681563,1.3692231153936938
2023-01-11,133.49,0.0211122160177466,13,131.9975,48.89483888346973,20,40,0.5714285714285714,0.31009615384615385,0.533448275862069,0.656578947368421,0.5,1.5,0.009806108008873299,1.6516648315010318,0.5,0.009806108008873299,1.7568265044544784,-0.2285714285714286,-0.08749999999999998,0.12328389830508478,0.22707070707070706,0.5,0.0,0.0105561080088733,2.5000713292291565,0.5,0.0105561080088733,2.6566557087103284,1.3981304495823774
2023-01-12,133.41,-0.0005992958274029,13,131.39450000000002,48.76388173027009,20,40,0.5769230769230769,0.31009615384615385,0.533448275862069,0.656578947368421,0.5,0.0,-0.00029964791370145,1.6511699135801385,0.5,-0.00029964791370145,1.7563000750576834,0.1538461538461539,-0.08749999999999998,0.12328389830508478,0.22707070707070706,0.5,0.0,-0.00029964791370145,2.499322188071248,0.5,-0.00029964791370145,2.6558596473697906,1.3972925558377778
2023-01-13,134.76,0.0101191814706542,13,130.972,51.14198384907688,20,40,0.16666666666666666,0.31009615384615385,0.533448275862069,0.656578947368421,0.5,0.0,0.0050595907353271,1.6595241575773394,0.5,0.0050595907353271,1.7651862346458993,-0.0416666666666666,-0.08749999999999998,0.12328389830508478,0.22707070707070706,1.0,0.5,0.009869181470654199,2.5239884522989557,1.0,0.009869181470654199,2.6820708081902707,1.4114320127778945
2023-01-17,135.94,0.0087563075096468,13,130.94400000000002,53.18725688605315,20,40,0.6923076923076923,0.31009615384615385,0.533448275862069,0.656578947368421,0.5,0.0,0.0043781537548234,1.6667898094990565,0.5,0.0043781537548234,1.7729144913870767,0.1538461538461539,-0.08749999999999998,0.12328389830508478,0.22707070707070706,0.5,0.5,0.0041281537548234,2.534407864705445,0.5,0.0041281537548234,2.6931428088678038,1.4237909455107376
2023-01-18,135.21,-0.0053700161836103,13,130.97899999999998,51.74413784921028,20,40,0.43243243243243246,0.31009615384615385,0.533448275862069,0.656578947368421,1.0,0.5,-0.0056200161836103,1.657422423794995,1.0,-0.0056200161836103,1.7629506832533242,0.1081081081081081,-0.08749999999999998,0.12328389830508478,0.22707070707070706,0.5,0.0,-0.00268500809180515,2.527602959080776,0.5,-0.00268500809180515,2.685911698633607,1.416145165091267
2023-01-19,135.27,0.0004437541601953,13,131.124,51.85975331904265,20,40,0.45454545454545453,0.31009615384615385,0.533448275862069,0.656578947368421,0.5,0.5,-2.8122919902350013e-05,1.6573758122369262,0.5,-2.8122919902350013e-05,1.7629011039324671,0.1818181818181818,-0.08749999999999998,0.12328389830508478,0.22707070707070706,0.5,0.0,0.00022187708009765,2.528163776244983,0.5,0.00022187708009765,2.6865076408787,1.416773585399717
2023-01-20,137.87,0.0192208176240111,13,131.4025,56.70093286602752,20,40,0.5882352941176471,0.31009615384615385,0.533448275862069,0.656578947368421,0.5,0.0,0.00961040881200555,1.6733038713476527,0.5,0.00961040881200555,1.779843304236394,0.0,-0.08749999999999998,0.12328389830508478,0.22707070707070706,0.5,0.0,0.00961040881200555,2.552460463678401,0.5,0.00961040881200555,2.712326077584121,1.4440051320992013
2023-01-23,141.11,0.023500398926525,13,131.6855,61.849636608297814,20,40,0.7857142857142857,0.31009615384615385,0.533448275862069,0.656578947368421,0.5,0.0,0.0117501994632625,1.6929655255986369,0.5,0.0117501994632625,1.8007568180745237,0.2857142857142857,-0.08749999999999998,0.12328389830508478,0.22707070707070706,0.5,0.0,0.0117501994632625,2.5824523832487136,0.5,0.0117501994632625,2.7441964500051426,1.477939828755482
2023-01-24,142.53,0.0100630713627665,13,132.2005,63.87699819640849,20,40,0.8181818181818182,0.31009615384615385,0.533448275862069,0.656578947368421,0.5,0.0,0.00503153568138325,1.7014837420480382,0.5,0.00503153568138325,1.8098173902581598,0.0909090909090909,-0.08749999999999998,0.12328389830508478,0.22707070707070706,0.5,0.0,0.00503153568138325,2.595446084560503,0.5,0.00503153568138325,2.758003972360069,1.4928124427221232
2023-01-25,141.86,-0.0047007647512803,13,132.70049999999998,62.19751105787974,20,40,0.26666666666666666,0.31009615384615385,0.533448275862069,0.656578947368421,0.5,0.0,-0.00235038237564015,1.6974846046482903,0.5,-0.00235038237564015,1.80556362736097,-0.0666666666666666,-0.08749999999999998,0.12328389830508478,0.22707070707070706,0.5,0.0,-0.00235038237564015,2.589345793826428,0.5,-0.00235038237564015,2.751521608431488,1.4857950826111024
2023-01-26,143.96,0.0148033272240235,13,133.397,65.27895418605327,20,40,0.1875,0.31009615384615385,0.533448275862069,0.656578947368421,0.5,0.0,0.00740166361201175,1.7100488146784658,0.5,0.00740166361201175,1.8189278019607797,-0.125,-0.08749999999999998,0.12328389830508478,0.22707070707070706,0.5,0.0,0.00740166361201175,2.608511260367509,0.5,0.00740166361201175,2.7718874457982796,1.5077897934068396
2023-01-27,145.93,0.0136843567657682,13,134.3915,67.92069568133131,20,40,0.76,0.31009615384615385,0.533448275862069,0.656578947368421,1.0,0.5,0.0134343567657682,1.7330222205417354,1.0,0.0134343567657682,1.8433639269834954,0.08,-0.08749999999999998,0.12328389830508478,0.22707070707070706,0.5,0.0,0.0068421783828841,2.626359159724705,0.5,0.0068421783828841,2.790853194159708,1.5284229268676028
2023-01-30,143.0,-0.0200781196464058,13,135.061,60.54259420838584,20,40,0.21153846153846154,0.31009615384615385,0.533448275862069,0.656578947368421,1.0,0.0,-0.0200781196464058,1.6982263930478185,1.0,-0.0200781196464058,1.8063526455056522,-0.0377358490566037,-0.08749999999999998,0.12328389830508478,0.22707070707070706,1.0,0.5,-0.0203281196464058,2.5729702164913872,1.0,-0.0203281196464058,2.734120396513276,1.4977350684716453
2023-01-31,144.29,0.0090209790209789,13,135.77900000000002,62.47530318456262,20,40,0.24242424242424243,0.31009615384615385,0.533448275862069,0.656578947368421,0.5,0.5,0.0042604895104894494,1.705461668781835,0.5,0.0042604895104894494,1.8140485920040739,-0.0303030303030303,-0.08749999999999998,0.12328389830508478,0.22707070707070706,0.5,0.5,0.0042604895104894494,2.5839323291095506,0.5,0.0042604895104894494,2.7457690877830356,1.5112461051033126
2023-02-01,145.43,0.0079007554231063,13,136.797,64.14665339141132,20,40,0.37142857142857144,0.31009615384615385,0.533448275862069,0.656578947368421,1.0,0.5,0.0076507554231063,1.7185097388931674,1.0,0.0076507554231063,1.8279274341071272,0.1142857142857143,-0.08749999999999998,0.12328389830508478,0.22707070707070706,0.5,0.0,0.00395037771155315,2.5941398377906264,0.5,0.00395037771155315,2.7566159127884853,1.523186090963856
2023-02-02,150.82,0.0370625042976,13,138.02,70.77460407174765,20,40,0.13793103448275862,0.31009615384615385,0.533448275862069,0.656578947368421,1.0,0.0,0.0370625042976,1.782202013476363,1.0,0.0370625042976,1.8956750024894236,-0.288135593220339,-0.08749999999999998,0.12328389830508478,0.22707070707070706,0.5,0.0,0.0185312521488,2.6422124972339716,0.5,0.0185312521488,2.807699457345763,1.5796391820062485
2023-02-03,154.5,0.0243999469566371,13,139.494,74.27167767666424,20,40,0.15714285714285714,0.31009615384615385,0.533448275862069,0.656578947368421,0.5,0.5,0.01194997347831855,1.8034992802704115,0.5,0.01194997347831855,1.9183282684926837,-0.0821917808219178,-0.08749999999999998,0.12328389830508478,0.22707070707070706,0.5,0.0,0.01219997347831855,2.6744474196243075,0.5,0.01219997347831855,2.8419533162604704,1.6181822942578268
2023-02-06,151.73,-0.0179288025889968,13,140.5995,67.70450313815815,20,40,0.45,0.31009615384615385,0.533448275862069,0.656578947368421,1.0,0.5,-0.0181788025889968,1.7707138228849777,1.0,-0.0181788025889968,1.883455357598863,-0.2,-0.08749999999999998,0.12328389830508478,0.22707070707070706,1.0,0.5,-0.0181788025889968,2.6258291679483055,1.0,-0.0181788025889968,2.7902900079570263,1.5891702233510683
2023-02-07,154.65,0.0192447109998024,13,141.8245,70.65057100294979,20,40,0.8888888888888888,0.31009615384615385,0.533448275862069,0.656578947368421,1.0,0.0,0.0192447109998024,1.8047906986697544,1.0,0.0192447109998024,1.9197019116368828,0.2222222222222222,-0.08749999999999998,0.12328389830508478,0.22707070707070706,0.5,0.5,0.0093723554999012,2.6504393723923267,0.5,0.0093723554999012,2.8164415978594217,1.619753345028951
2023-02-08,151.92,-0.0176527643064986,13,142.884,64.70738773196078,20,40,0.5833333333333334,0.31009615384615385,0.533448275862069,0.656578947368421,0.5,0.5,-0.0090763821532493,1.7884097285819978,0.5,-0.0090763821532493,1.902277963466543,0.1666666666666667,-0.08749999999999998,0.12328389830508478,0.22707070707070706,1.0,0.5,-0.0179027643064986,2.6029891809997228,1.0,-0.0179027643064986,2.766019507749926,1.5911602209944922
2023-02-09,150.87,-0.0069115323854659,13,143.753,62.52870390847181,20,40,0.38461538461538464,0.31009615384615385,0.533448275862069,0.656578947368421,0.5,0.0,-0.00345576619273295,1.7822294027032095,0.5,-0.00345576619273295,1.8957041355912145,0.0,-0.08749999999999998,0.12328389830508478,0.22707070707070706,0.5,0.5,-0.0037057661927329504,2.5933431116927244,0.5,-0.0037057661927329504,2.7557692861696665,1.5801628655966236
2023-02-10,151.01,0.0009279512162787,13,144.63299999999998,62.70899234811806,20,40,0.8095238095238095,0.31009615384615385,0.533448275862069,0.656578947368421,0.5,0.0,0.00046397560813935,1.7830563136741724,0.5,0.00046397560813935,1.8965836960703777,0.2380952380952381,-0.08749999999999998,0.12328389830508478,0.22707070707070706,0.5,0.0,0.00046397560813935,2.594546359640086,0.5,0.00046397560813935,2.757047895900109,1.5816291796496724
2023-02-13,153.85,0.0188067015429442,13,145.5875,66.2558417714031,20,40,0.7142857142857143,0.31009615384615385,0.533448275862069,0.656578947368421,0.5,0.0,0.0094033507714721,1.7998230176369387,0.5,0.0094033507714721,1.9144179378319826,0.5714285714285714,-0.08749999999999998,0.12328389830508478,0.22707070707070706,0.5,0.0,0.0094033507714721,2.618943789152628,0.5,0.0094033507714721,2.7829733843590065,1.6113744075829557
2023-02-14,153.2,-0.0042248943776406,13,146.4505,64.73816694368715,20,40,0.391304347826087,0.31009615384615385,0.533448275862069,0.656578947368421,0.5,0.0,-0.0021124471888203,1.7960209865629575,0.5,-0.0021124471888203,1.9103738310409821,0.0434782608695652,-0.08749999999999998,0.12328389830508478,0.22707070707070706,0.5,0.0,-0.0021124471888203,2.613411408707554,0.5,-0.0021124471888203,2.7770945000566556,1.6045665209080844
2023-02-15,155.33,0.0139033942558748,13,147.4565,67.37541219163128,20,40,0.6923076923076923,0.31009615384615385,0.533448275862069,0.656578947368421,0.5,0.0,0.0069516971279374,1.8085063804969623,0.5,0.0069516971279374,1.9236541713155164,0.1538461538461539,-0.08749999999999998,0.12328389830508478,0.22707070707070706,0.5,0.0,0.0069516971279374,2.6315790532915853,0.5,0.0069516971279374,2.79640001991671,1.626875441858047
2023-02-16,153.71,-0.0104294083564024,13,148.3785,63.48633988455579,20,40,0.6111111111111112,0.31009615384615385,0.533448275862069,0.656578947368421,0.5,0.0,-0.0052147041782012,1.7990755547182813,0.5,-0.0052147041782012,1.913622883870943,0.2222222222222222,-0.08749999999999998,0.12328389830508478,0.22707070707070706,0.5,0.0,-0.0052147041782012,2.6178561470071187,0.5,-0.0052147041782012,2.781817621048928,1.6099080935299068
2023-02-17,152.55,-0.0075466788107474,13,149.1125,60.780891179474274,20,40,0.3125,0.31009615384615385,0.533448275862069,0.656578947368421,0.5,0.0,-0.0037733394053737,1.7922870320344182,0.5,-0.0037733394053737,1.906402135236208,-0.0625,-0.08749999999999998,0.12328389830508478,0.22707070707070706,0.5,0.0,-0.0037733394053737,2.6079780872500167,0.5,-0.0037733394053737,2.771320879000861,1.597758634233214
2023-02-21,148.48,-0.0266797771222551,14,149.481,52.35128201554912,20,40,-0.07692307692307693,0.2661764705882353,0.5542777777777779,0.6775225806451612,0.5,0.0,-0.01333988856112755,1.768378122757525,0.5,-0.01333988856112755,1.8809709431994612,-0.2307692307692308,-0.08304794520547942,0.11559663865546219,0.2122222222222222,0.5,0.0,-0.01333988856112755,2.573187950196239,0.5,-0.01333988856112755,2.7343517673078637,1.555130789976713
2023-02-22,148.91,0.0028960129310344,14,149.8,53.09148492976806,20,40,0.1875,0.2661764705882353,0.5542777777777779,0.6775225806451612,0.5,0.0,0.0014480064655172,1.770938745712757,0.5,0.0014480064655172,1.883694601286664,0.1875,-0.08304794520547942,0.11559663865546219,0.2122222222222222,0.5,0.0,0.0014480064655172,2.576913942985114,0.5,0.0014480064655172,2.7383111263459234,1.5596344688539354
2023-02-23,149.4,0.0032905782015983,14,150.177,53.96901527602932,20,40,1.0,0.2661764705882353,0.5542777777777779,0.6775225806451612,0.5,0.0,0.00164528910079915,1.773852451929261,0.5,0.00164528910079915,1.8867938234833952,0.2777777777777778,-0.08304794520547942,0.11559663865546219,0.2122222222222222,0.5,0.0,0.00164528910079915,2.5811537114092045,0.5,0.00164528910079915,2.7428164397966976,1.5647665680396077
2023-02-24,146.71,-0.0180053547523426,14,150.3145,48.594509378057374,20,40,0.5789473684210527,0.2661764705882353,0.5542777777777779,0.6775225806451612,0.5,0.0,-0.0090026773761713,1.7578830305916116,0.5,-0.0090026773761713,1.8698076274152213,-0.1052631578947368,-0.08304794520547942,0.11559663865546219,0.2122222222222222,-1.0,1.5,0.0172553547523426,2.625692434369896,-1.0,0.0172553547523426,2.790144710485947,1.536592390877449
2023-02-27,147.92,0.0082475632199576,14,150.414,50.96021333231051,20,40,0.47619047619047616,0.2661764705882353,0.5542777777777779,0.6775225806451612,-1.0,1.5,-0.0089975632199576,1.742066366890573,-1.0,-0.0089975632199576,1.852983915078394,0.0952380952380952,-0.08304794520547942,0.11559663865546219,0.2122222222222222,-1.0,0.0,-0.0082475632199576,2.604036870021266,-1.0,-0.0082475632199576,2.767132815593384,1.5492655337645167
2023-02-28,147.41,-0.0034478096268252,14,150.63449999999995,49.917480534983106,20,40,0.18181818181818182,0.2661764705882353,0.5542777777777779,0.6775225806451612,-1.0,0.0,0.0034478096268252,1.7480726800809065,-1.0,0.0034478096268252,1.8593726508591533,-0.2173913043478261,-0.08304794520547942,0.11559663865546219,0.2122222222222222,-1.0,0.0,0.0034478096268252,2.6130150934103327,-1.0,0.0034478096268252,2.776673362753691,1.543923961142695
2023-03-01,145.31,-0.0142459805983311,14,150.6855,45.76498720427696,20,40,0.5714285714285714,0.2661764705882353,0.5542777777777779,0.6775225806451612,-1.0,0.0,0.0142459805983311,1.7729756895658118,-1.0,0.0142459805983311,1.88586123756836,0.1904761904761905,-0.08304794520547942,0.11559663865546219,0.2122222222222222,-1.0,0.0,0.0142459805983311,2.6502400557342023,-1.0,0.0142459805983311,2.8162297976073827,1.5219292503469575
2023-03-02,145.91,0.0041291032964008,14,150.7095,47.118543531786706,20,40,0.3181818181818182,0.2661764705882353,0.5542777777777779,0.6775225806451612,0.5,1.5,0.0013145516482004,1.77530635768075,0.5,0.0013145516482004,1.888340299566483,-0.1304347826086956,-0.08304794520547942,0.11559663865546219,0.2122222222222222,0.5,1.5,0.0013145516482004,2.6537239331675946,0.5,0.0013145516482004,2.8199318771295387,1.528213453431454
2023-03-03,151.03,0.0350901240490713,14,150.71999999999997,56.98423687992208,20,40,0.6764705882352942,0.2661764705882353,0.5542777777777779,0.6775225806451612,-1.0,1.5,-0.035840124049071304,1.7116791575963668,-1.0,-0.035840124049071304,1.82066194898316,0.1764705882352941,-0.08304794520547942,0.11559663865546219,0.2122222222222222,-1.0,1.5,-0.035840124049071304,2.5586141382108787,-1.0,-0.035840124049071304,2.7188651688432857,1.5818386530858233
2023-03-06,153.83,0.0185393630404555,14,150.6865,61.24267863923981,20,40,0.6976744186046512,0.2661764705882353,0.5542777777777779,0.6775225806451612,0.5,1.5,0.00851968152022775,1.7262621188838996,0.5,0.00851968152022775,1.8361734089444937,0.5116279069767442,-0.08304794520547942,0.11559663865546219,0.2122222222222222,1.0,2.0,0.0175393630404555,2.6034906004614013,1.0,0.0175393630404555,2.7665523320976773,1.6111649341468066
2023-03-07,151.6,-0.0144965221348242,14,150.68,56.44959074695759,20,40,0.5625,0.2661764705882353,0.5542777777777779,0.6775225806451612,0.5,0.0,-0.0072482610674121,1.7137497203754453,0.5,-0.0072482610674121,1.8228643447114241,0.1875,-0.08304794520547942,0.11559663865546219,0.2122222222222222,0.5,0.5,-0.0074982610674121,2.583968948252588,0.5,-0.0074982610674121,2.745808000454951,1.5878086460160947
2023-03-08,152.87,0.0083773087071241,14,150.591,58.4442814025684,20,40,0.7058823529411765,0.2661764705882353,0.5542777777777779,0.6775225806451612,0.5,0.0,0.00418865435356205,1.7209280256026116,0.5,0.00418865435356205,1.8304996933848527,0.0,-0.08304794520547942,0.11559663865546219,0.2122222222222222,0.5,0.0,0.00418865435356205,2.5947923010371556,0.5,0.00418865435356205,2.7573092410901023,1.6011102092116123
2023-03-09,150.59,-0.0149146333485968,14,150.52450000000002,53.689923143924574,20,40,0.6363636363636364,0.2661764705882353,0.5542777777777779,0.6775225806451612,0.5,0.0,-0.0074573166742984,1.708094520342018,0.5,-0.0074573166742984,1.8168490774990758,0.1818181818181818,-0.08304794520547942,0.11559663865546219,0.2122222222222222,0.5,0.0,-0.0074573166742984,2.57544211314429,0.5,-0.0074573166742984,2.736747112910324,1.577230237490526
2023-03-10,148.5,-0.0138787436084734,14,150.406,49.69882740556996,20,40,-0.05,0.2661764705882353,0.5542777777777779,0.6775225806451612,0.5,0.0,-0.0069393718042367,1.6962414173885854,0.5,-0.0069393718042367,1.8042412862381254,-0.1,-0.08304794520547942,0.11559663865546219,0.2122222222222222,0.5,0.0,-0.0069393718042367,2.557570162760893,0.5,-0.0069393718042367,2.717755807159668,1.5553402634128635
2023-03-13,150.47,0.0132659932659933,14,150.379,53.228128680891146,20,40,0.7142857142857143,0.2661764705882353,0.5542777777777779,0.6775225806451612,-1.0,1.5,-0.014015993265993301,1.672466909104968,-1.0,-0.014015993265993301,1.7789530525199846,0.2727272727272727,-0.08304794520547942,0.11559663865546219,0.2122222222222222,-1.0,1.5,-0.014015993265993301,2.5217232765823305,-1.0,-0.014015993265993301,2.679663760067904,1.5759733968736267
2023-03-14,152.59,0.0140891872133981,14,150.316,56.74533537493665,20,40,0.2,0.2661764705882353,0.5542777777777779,0.6775225806451612,1.0,2.0,0.0130891872133981,1.6943581415864561,1.0,0.0130891872133981,1.8022381020682645,0.0666666666666666,-0.08304794520547942,0.11559663865546219,0.2122222222222222,1.0,2.0,0.0130891872133981,2.5547305846499,1.0,0.0130891872133981,2.7147383806923906,1.5981775811055143
2023-03-15,152.99,0.0026214037617144,14,150.3055,57.39631755086083,20,40,0.36363636363636365,0.2661764705882353,0.5542777777777779,0.6775225806451612,0.5,0.5,0.0010607018808572,1.6961553504540827,0.5,0.0010607018808572,1.804149739412881,0.0,-0.08304794520547942,0.11559663865546219,0.2122222222222222,0.5,0.5,0.0010607018808572,2.557440392186122,0.5,0.0010607018808572,2.7176179087988266,1.602367049828512
2023-03-16,155.85,0.018694032289692,14,150.3315,61.82071985129113,20,40,0.5555555555555556,0.2661764705882353,0.5542777777777779,0.6775225806451612,1.0,0.5,0.018444032289692,1.7274392945061916,1.0,0.018444032289692,1.8374255354620515,0.1481481481481481,-0.08304794520547942,0.11559663865546219,0.2122222222222222,0.5,0.0,0.009347016144846,2.5813448288213667,0.5,0.009347016144846,2.7430195272678914,1.6323217511979449
2023-03-17,155.0,-0.0054539621430862,14,150.39600000000002,59.831978027450496,20,40,0.9375,0.2661764705882353,0.5542777777777779,0.6775225806451612,0.5,0.5,-0.0029769810715430996,1.7222967404242069,0.5,-0.0029769810715430996,1.831955554422611,0.5625,-0.08304794520547942,0.11559663865546219,0.2122222222222222,0.5,0.0,-0.0027269810715431,2.5743055503340453,0.5,-0.0027269810715431,2.7355393649381585,1.623419130161575
2023-03-20,157.4,0.015483870967742,14,150.6385,63.411056482867814,20,40,1.0,0.2661764705882353,0.5542777777777779,0.6775225806451612,0.5,0.0,0.007741935483871,1.7356306506726524,0.5,0.007741935483871,1.8461384361342699,0.5,-0.08304794520547942,0.11559663865546219,0.2122222222222222,0.5,0.0,0.007741935483871,2.5942356578205024,0.5,0.007741935483871,2.7567177342150995,1.6485559424995608
2023-03-21,159.28,0.0119440914866582,14,151.1785,65.96903190498969,20,40,1.0,0.2661764705882353,0.5542777777777779,0.6775225806451612,0.5,0.0,0.0059720457433291,1.7459959163119934,0.5,0.0059720457433291,1.8571636593233816,0.3333333333333333,-0.08304794520547942,0.11559663865546219,0.2122222222222222,0.5,0.0,0.0059720457433291,2.6097285518379816,0.5,0.0059720457433291,2.773180978625278,1.6682464454976496
2023-03-22,157.83,-0.0091034655951782,14,151.62449999999998,62.34853967413511,20,40,0.4666666666666667,0.2661764705882353,0.5542777777777779,0.6775225806451612,0.5,0.0,-0.0045517327975891,1.7380486094352594,0.5,-0.0045517327975891,1.8487103465847488,-0.2666666666666667,-0.08304794520547942,0.11559663865546219,0.2122222222222222,0.5,0.0,-0.0045517327975891,2.5978497647957757,0.5,-0.0045517327975891,2.760558199811219,1.6530596213767834
2023-03-23,158.93,0.006969524171577,14,152.101,63.96427471153479,20,40,0.6756756756756757,0.2661764705882353,0.5542777777777779,0.6775225806451612,0.5,0.0,0.0034847620857885,1.7441052953326768,0.5,0.0034847620857885,1.8551526623081322,0.1891891891891892,-0.08304794520547942,0.11559663865546219,0.2122222222222222,0.5,0.0,0.0034847620857885,2.6069026531607107,0.5,0.0034847620857885,2.770178088361534,1.6645806603650268
2023-03-24,160.25,0.0083055433209588,14,152.778,65.85769524112209,20,40,0.3,0.2661764705882353,0.5542777777777779,0.6775225806451612,0.5,0.0,0.0041527716604794,1.7513481663760264,0.5,0.0041527716604794,1.8628566877100285,0.15,-0.08304794520547942,0.11559663865546219,0.2122222222222222,1.0,0.5,0.0080555433209588,2.6279026704167694,1.0,0.0080555433209588,2.7924933779591012,1.678405907150919
2023-03-27,158.28,-0.0122932917316692,14,153.296,60.72921746895949,20,40,0.9230769230769231,0.2661764705882353,0.5542777777777779,0.6775225806451612,0.5,0.0,-0.0061466458658346,1.7405832494095343,0.5,-0.0061466458658346,1.8514063673518735,0.3076923076923077,-0.08304794520547942,0.11559663865546219,0.2122222222222222,0.5,0.5,-0.0063966458658346005,2.6110929076642324,0.5,-0.0063966458658346005,2.774630786737609,1.657772773690156
2023-03-28,157.65,-0.0039802880970432,14,153.80800000000002,59.14306552635145,20,40,0.5238095238095238,0.2661764705882353,0.5542777777777779,0.6775225806451612,0.5,0.0,-0.0019901440485216,1.7371192380147655,0.5,-0.0019901440485216,1.8477218019884931,0.0476190476190476,-0.08304794520547942,0.11559663865546219,0.2122222222222222,0.5,0.0,-0.0019901440485216,2.6058964566539076,0.5,-0.0019901440485216,2.769108871790538,1.6511743604514348
2023-03-29,160.77,0.019790675547098,14,154.58100000000002,64.13851024604293,20,40,0.68,0.2661764705882353,0.5542777777777779,0.6775225806451612,0.5,0.0,0.009895337773549,1.7543086196278515,0.5,0.009895337773549,1.8660056333307198,0.04,-0.08304794520547942,0.11559663865546219,0.2122222222222222,0.5,0.0,0.009895337773549,2.6316826822953923,0.5,0.009895337773549,2.7965101394086362,1.6838522164908163
2023-03-30,162.36,0.0098899048329912,14,155.4035,66.39356960459395,20,40,0.72,0.2661764705882353,0.5542777777777779,0.6775225806451612,0.5,0.0,0.0049449524164956,1.762983592275759,0.5,0.0049449524164956,1.8752329423964527,0.2,-0.08304794520547942,0.11559663865546219,0.2122222222222222,0.5,0.0,0.0049449524164956,2.6446962279346584,0.5,0.0049449524164956,2.8103387489802594,1.7005053546647317
2023-03-31,164.9,0.0156442473515643,14,156.097,69.67424014123291,20,40,0.7857142857142857,0.2661764705882353,0.5542777777777779,0.6775225806451612,0.5,0.0,0.00782212367578215,1.7767738679729146,0.5,0.00782212367578215,1.8899012463927785,0.2142857142857143,-0.08304794520547942,0.11559663865546219,0.2122222222222222,0.5,0.0,0.00782212367578215,2.6653833689144375,0.5,0.00782212367578215,2.8323215662456254,1.7271084810557664
2023-04-03,166.17,0.0077016373559732,14,156.714,71.18870002920974,20,40,0.45454545454545453,0.2661764705882353,0.5542777777777779,0.6775225806451612,0.5,0.0,0.0038508186779866,1.7836159019702633,0.5,0.0038508186779866,1.8971789134119381,0.0909090909090909,-0.08304794520547942,0.11559663865546219,0.2122222222222222,0.5,0.0,0.0038508186779866,2.675647276975448,0.5,0.0038508186779866,2.8432283230349884,1.7404100442512838
2023-04-04,165.63,-0.0032496840584942,14,157.4155,69.59717878188006,20,40,0.6,0.2661764705882353,0.5542777777777779,0.6775225806451612,0.5,0.0,-0.0016248420292471,1.7807178078887087,0.5,-0.0016248420292471,1.894096297376425,0.2,-0.08304794520547942,0.11559663865546219,0.2122222222222222,0.5,0.0,-0.0016248420292471,2.6712997728243777,0.5,-0.0016248420292471,2.8386085261569756,1.7347542614752371
2023-04-05,163.76,-0.0112902252007487,14,157.95999999999998,64.241100898784,20,40,0.5483870967741935,0.2661764705882353,0.5542777777777779,0.6775225806451612,0.5,0.0,-0.00564511260037435,1.7706654553536851,0.5,-0.00564511260037435,1.883403910501783,0.125,-0.08304794520547942,0.11559663865546219,0.2122222222222222,0.5,0.0,-0.00564511260037435,2.6562199848174295,0.5,-0.00564511260037435,2.8225842613984367,1.715168495195223
2023-04-06,164.66,0.0054958475818271,14,158.6635,65.61273559559879,20,40,0.6,0.2661764705882353,0.5542777777777779,0.6775225806451612,0.5,0.0,0.00274792379091355,1.7755311090842003,0.5,0.00274792379091355,1.8885793609153505,0.12,-0.08304794520547942,0.11559663865546219,0.2122222222222222,0.5,0.0,0.00274792379091355,2.6635190749076094,0.5,0.00274792379091355,2.8303405078421915,1.724594799821968
2023-04-10,162.03,-0.0159723065711162,14,159.33999999999995,58.54555524719009,20,40,0.03125,0.2661764705882353,0.5542777777777779,0.6775225806451612,0.5,0.0,-0.0079861532855581,1.7613514454837769,0.5,-0.0079861532855581,1.8734968766471392,-0.28125,-0.08304794520547942,0.11559663865546219,0.2122222222222222,0.5,0.0,-0.0079861532855581,2.642247803296389,0.5,-0.0079861532855581,2.8077369746962395,1.6970490429682588
2023-04-11,160.8,-0.007591186817256,14,159.8565,55.53294610656348,20,40,0.5,0.2661764705882353,0.5542777777777779,0.6775225806451612,0.5,0.0,-0.003795593408628,1.7546660715470213,0.5,-0.003795593408628,1.8663858442510521,0.0,-0.08304794520547942,0.11559663865546219,0.2122222222222222,0.5,0.0,-0.003795593408628,2.6322189049502356,0.5,-0.003795593408628,2.7970799467419214,1.6841664266450411
2023-04-12,160.1,-0.0043532338308458,14,160.232,53.83512397772952,20,40,0.045454545454545456,0.2661764705882353,0.5542777777777779,0.6775225806451612,1.0,0.5,-0.0046032338308458,1.7465889333246387,1.0,-0.0046032338308458,1.8577944337913839,-0.1818181818181818,-0.08304794520547942,0.11559663865546219,0.2122222222222222,1.0,0.5,-0.0046032338308458,2.620102185836777,1.0,-0.0046032338308458,2.7842043337034985,1.6768348563797952
2023-04-13,165.56,0.034103685196752,14,160.8605,63.26836657093035,20,40,0.6333333333333333,0.2661764705882353,0.5542777777777779,0.6775225806451612,0.5,0.5,0.016801842598376,1.7759348456664248,0.5,0.016801842598376,1.8890088034480859,0.1,-0.08304794520547942,0.11559663865546219,0.2122222222222222,0.5,0.5,0.016801842598376,2.6641247303548674,0.5,0.016801842598376,2.830984096680101,1.7340211044487126
2023-04-14,165.21,-0.0021140372070548,14,161.3285,62.388305911226695,20,40,0.7333333333333333,0.2661764705882353,0.5542777777777779,0.6775225806451612,1.0,0.5,-0.0023640372070547998,1.7717364696139641,1.0,-0.0023640372070547998,1.8845431163522806,0.0666666666666666,-0.08304794520547942,0.11559663865546219,0.2122222222222222,1.0,0.5,-0.0023640372070547998,2.6578266403680737,1.0,-0.0023640372070547998,2.824291544942969,1.7303553193160897
2023-04-17,165.23,0.0001210580473336,14,161.83999999999995,62.42047390079257,20,40,0.9047619047619048,0.2661764705882353,0.5542777777777779,0.6775225806451612,0.5,0.5,-0.0001894709763332,1.7714007769752613,0.5,-0.0001894709763332,1.8841860501280834,0.2790697674418605,-0.08304794520547942,0.11559663865546219,0.2122222222222222,0.5,0.5,-0.0001894709763332,2.657323059359599,0.5,-0.0001894709763332,2.823756423666499,1.7305647927522394
2023-04-18,166.47,0.0075046904315196,14,162.29350000000002,64.45054100045132,20,40,0.6756756756756757,0.2661764705882353,0.5542777777777779,0.6775225806451612,0.5,0.0,0.0037523452157598,1.7780476842059376,0.5,0.0037523452157598,1.8912561666388827,0.1351351351351351,-0.08304794520547942,0.11559663865546219,0.2122222222222222,0.5,0.0,0.0037523452157598,2.667294252828115,0.5,0.0037523452157598,2.834352132573315,1.743552145793532
2023-04-19,167.63,0.0069682225025529,14,162.71099999999998,66.28538155378838,20,40,0.8928571428571429,0.2661764705882353,0.5542777777777779,0.6775225806451612,0.5,0.0,0.00348411125127645,1.7842426001477856,0.5,0.00348411125127645,1.8978455135281151,0.1428571428571428,-0.08304794520547942,0.11559663865546219,0.2122222222222222,0.5,0.0,0.00348411125127645,2.6765874027448584,0.5,0.00348411125127645,2.844227330728493,1.7557016050902248
2023-04-20,166.65,-0.0058462089124857,14,163.152,63.31230410236405,20,40,0.5789473684210527,0.2661764705882353,0.5542777777777779,0.6775225806451612,0.5,0.0,-0.00292310445624285,1.7790270726522752,0.5,-0.00292310445624285,1.8922979128502606,0.0526315789473684,-0.08304794520547942,0.11559663865546219,0.2122222222222222,0.5,0.0,-0.00292310445624285,2.668763458180371,0.5,-0.00292310445624285,2.8359133571434727,1.745437406718881
2023-04-21,165.02,-0.0097809780978097,14,163.4565,58.604025801498715,20,40,0.5714285714285714,0.2661764705882353,0.5542777777777779,0.6775225806451612,0.5,0.0,-0.00489048904890485,1.770326760235764,0.5,-0.00489048904890485,1.8830436506302008,-0.0476190476190476,-0.08304794520547942,0.11559663865546219,0.2122222222222222,0.5,0.0,-0.00489048904890485,2.6557118997140226,0.5,-0.00489048904890485,2.8220443539267195,1.7283653216726658
2023-04-24,165.33,0.0018785601745243,14,163.7105,59.22507492209028,20,40,0.6470588235294118,0.2661764705882353,0.5542777777777779,0.6775225806451612,0.5,0.0,0.00093928008726215,1.7719895929096006,0.5,0.00093928008726215,1.884812356034683,0.2352941176470588,-0.08304794520547942,0.11559663865546219,0.2122222222222222,0.5,0.0,0.00093928008726215,2.658206357018929,0.5,0.00093928008726215,2.8246950439937333,1.731612159932989
2023-04-25,163.77,-0.0094356741063328,14,163.985,54.7718669679423,20,40,0.7222222222222222,0.2661764705882353,0.5542777777777779,0.6775225806451612,0.5,0.0,-0.0047178370531664,1.7636296347503464,0.5,-0.0047178370531664,1.8759201184631167,0.1578947368421053,-0.08304794520547942,0.11559663865546219,0.2122222222222222,0.5,0.0,-0.0047178370531664,2.6456653725728225,0.5,-0.0047178370531664,2.811368593051284,1.7152732319132982
2023-04-26,163.76,-6.106124442828431e-05,14,164.2905,54.74345118573519,20,40,0.4666666666666667,0.2661764705882353,0.5542777777777779,0.6775225806451612,-1.0,1.5,-0.0006889387555717157,1.762414601944492,-1.0,-0.0006889387555717157,1.8746277243911507,0.1333333333333333,-0.08304794520547942,0.11559663865546219,0.2122222222222222,-1.0,1.5,-0.0006889387555717157,2.643842671163383,-1.0,-0.0006889387555717157,2.809431732271334,1.715168495195223
2023-04-27,168.41,0.0283952125061064,14,164.6725,64.07641151543413,20,40,0.7142857142857143,0.2661764705882353,0.5542777777777779,0.6775225806451612,-1.0,0.0,-0.0283952125061064,1.712370464798413,-1.0,-0.0283952125061064,1.821397271787225,0.2142857142857143,-0.08304794520547942,0.11559663865546219,0.2122222222222222,-1.0,0.0,-0.0283952125061064,2.5687701966829866,-1.0,-0.0283952125061064,2.7296573212120907,1.7638710691000703
2023-04-28,169.68,0.0075411198859924,14,165.0385,66.13078129307031,20,40,0.8571428571428571,0.2661764705882353,0.5542777777777779,0.6775225806451612,-1.0,0.0,-0.0075411198859924,1.6994572738341358,-1.0,-0.0075411198859924,1.8076618966006581,0.1428571428571428,-0.08304794520547942,0.11559663865546219,0.2122222222222222,-1.0,0.0,-0.0075411198859924,2.5493987926702357,-1.0,-0.0075411198859924,2.7090726481051535,1.7771726322955876
2023-05-01,169.59,-0.0005304101838755,14,165.273,65.84341572573283,20,40,0.16666666666666666,0.2661764705882353,0.5542777777777779,0.6775225806451612,-1.0,0.0,0.0005304101838755,1.7003586832792386,-1.0,0.0005304101838755,1.8086206988796187,0.0833333333333333,-0.08304794520547942,0.11559663865546219,0.2122222222222222,0.5,1.5,-0.00101520509193775,2.546810630034537,0.5,-0.00101520509193775,2.706322383758368,1.7762300018329134
2023-05-02,168.54,-0.0061914027949762,14,165.3915,62.43471642265858,20,40,0.34782608695652173,0.2661764705882353,0.5542777777777779,0.6775225806451612,0.5,1.5,-0.0038457013974880997,1.6938196115147206,0.5,-0.0038457013974880997,1.8016652837304115,0.0869565217391304,-0.08304794520547942,0.11559663865546219,0.2122222222222222,0.5,0.0,-0.0030957013974881,2.5389264648080014,0.5,-0.0030957013974881,2.6979444177729137,1.7652326464350445
2023-05-03,167.45,-0.0064673074641035,15,166.82,59.01893858544141,10,40,0.5,0.31046195652173914,0.5982962962962963,0.7201655172413792,1.0,0.5,-0.0067173074641035,1.6824417043954478,1.0,-0.0067173074641035,1.789562944072193,-0.0666666666666666,-0.08,0.1538461538461539,0.2222222222222222,0.5,0.0,-0.00323365373205175,2.53071645576967,0.5,-0.00323365373205175,2.6892201997375142,1.753816344164876
2023-05-04,165.79,-0.0099134069871603,15,166.734,54.15931214588936,10,40,0.3888888888888889,0.31046195652173914,0.5982962962962963,0.7201655172413792,0.5,0.5,-0.00520670349358015,1.6736817292954271,0.5,-0.00520670349358015,1.7802452204393109,0.0925925925925925,-0.08,0.1538461538461539,0.2222222222222222,0.5,0.0,-0.00495670349358015,2.518172444672096,0.5,-0.00495670349358015,2.675890532578469,1.736430048964436
2023-05-05,173.57,0.0469268351529041,15,167.589,67.61731331535165,10,40,0.7941176470588235,0.31046195652173914,0.5982962962962963,0.7201655172413792,0.5,0.0,0.02346341757645205,1.7129520225999642,0.5,0.02346341757645205,1.8220158574349614,0.3088235294117647,-0.08,0.1538461538461539,0.2222222222222222,0.5,0.0,0.02346341757645205,2.5772573762709525,0.5,0.02346341757645205,2.738676069533233,1.8179152156267395
2023-05-08,173.5,-0.0004032955003744,15,168.406,67.42550969493482,10,40,0.7368421052631579,0.31046195652173914,0.5982962962962963,0.7201655172413792,0.5,0.0,-0.0002016477501872,1.7126066096784283,0.5,-0.0002016477501872,1.8216484520365044,0.1052631578947368,-0.08,0.1538461538461539,0.2222222222222222,0.5,0.0,-0.0002016477501872,2.576737678119374,0.5,-0.0002016477501872,2.73812382166532,1.817182058600215
2023-05-09,171.77,-0.0099711815561959,15,169.206,62.69240038114625,10,40,0.7894736842105263,0.31046195652173914,0.5982962962962963,0.7201655172413792,0.5,0.0,-0.00498559077809795,1.704068253958706,0.5,-0.00498559077809795,1.812566458313095,0.2631578947368421,-0.08,0.1538461538461539,0.2222222222222222,0.5,0.0,-0.00498559077809795,2.5638911185137645,0.5,-0.00498559077809795,2.724472656790735,1.7990626063732504
2023-05-10,173.555,0.0103918029923735,15,170.1855,65.39186300467617,10,40,0.47368421052631576,0.31046195652173914,0.5982962962962963,0.7201655172413792,0.5,0.0,0.00519590149618675,1.7129224247490542,0.5,0.00519590149618675,1.8219843750857816,-0.0526315789473684,-0.08,0.1538461538461539,0.2222222222222222,0.5,0.0,0.00519590149618675,2.57721284421251,0.5,0.00519590149618675,2.738628748344474,1.8177581105496272
2023-05-11,173.75,0.0011235631356054,15,170.71949999999998,65.68398078232761,10,40,0.4,0.31046195652173914,0.5982962962962963,0.7201655172413792,0.5,0.0,0.0005617815678027,1.7138847129943542,0.5,0.0005617815678027,1.8230079323245294,-0.05,-0.08,0.1538461538461539,0.2222222222222222,0.5,0.0,0.0005617815678027,2.578660674884693,0.5,0.0005617815678027,2.7401672594963484,1.8198004765520885
2023-05-12,172.57,-0.0067913669064748,15,171.0085,62.25933002621314,10,40,0.5,0.31046195652173914,0.5982962962962963,0.7201655172413792,0.5,0.0,-0.0033956834532374,1.7080649030336827,0.5,-0.0033956834532374,1.8168175744536146,0.125,-0.08,0.1538461538461539,0.2222222222222222,0.5,0.0,-0.0033956834532374,2.5699043594994735,0.5,-0.0033956834532374,2.730862518874174,1.8074415438192457
2023-05-15,172.07,-0.0028973749782696,15,171.2565,60.81248422273583,10,40,0.7142857142857143,0.31046195652173914,0.5982962962962963,0.7201655172413792,0.5,0.0,-0.0014486874891348,1.7055904507780275,0.5,-0.0014486874891348,1.8141855735634633,-0.1428571428571428,-0.08,0.1538461538461539,0.2222222222222222,0.5,0.0,-0.0014486874891348,2.5661813712055936,0.5,-0.0014486874891348,2.7269063525085335,1.8022047079154988
2023-05-16,172.07,0.0,15,171.6095,60.81248422273583,10,40,0.42857142857142855,0.31046195652173914,0.5982962962962963,0.7201655172413792,0.5,0.0,0.0,1.7055904507780275,0.5,0.0,1.8141855735634633,-0.0714285714285714,-0.08,0.1538461538461539,0.2222222222222222,0.5,0.0,0.0,2.5661813712055936,0.5,0.0,2.7269063525085335,1.8022047079154988
2023-05-17,172.69,0.0036031847503923,15,172.13349999999997,62.07978485248796,10,40,0.6666666666666666,0.31046195652173914,0.5982962962962963,0.7201655172413792,0.5,0.0,0.00180159237519615,1.7086632295293567,0.5,0.00180159237519615,1.817453996459986,-0.0416666666666666,-0.08,0.1538461538461539,0.2222222222222222,1.0,0.5,0.0033531847503923,2.5747862514462607,1.0,0.0033531847503923,2.7360501733055127,1.8086983844361453
2023-05-18,175.05,0.0136661068967514,15,173.0595,66.5183605401744,10,40,0.6956521739130435,0.31046195652173914,0.5982962962962963,0.7201655172413792,0.5,0.0,0.0068330534483757,1.7203386167020047,0.5,0.0068330534483757,1.829872756757761,0.2173913043478261,-0.08,0.1538461538461539,0.2222222222222222,0.5,0.5,0.0065830534483757,2.5917362069576746,0.5,0.0065830534483757,2.7540617378338204,1.8334162499018312
2023-05-19,175.16,0.0006283918880318,15,173.2185,66.7139298606607,10,40,0.44,0.31046195652173914,0.5982962962962963,0.7201655172413792,0.5,0.0,0.0003141959440159,1.7208791401177064,0.5,0.0003141959440159,1.8304476953559994,0.04,-0.08,0.1538461538461539,0.2222222222222222,0.5,0.0,0.0003141959440159,2.5925505199618595,0.5,0.0003141959440159,2.754927052861417,1.8345683538006552
2023-05-22,174.2,-0.0054807033569308,15,173.2885,63.24206141943164,10,40,0.2692307692307692,0.31046195652173914,0.5982962962962963,0.7201655172413792,0.5,0.0,-0.0027403516784654,1.7161633260776488,0.5,-0.0027403516784654,1.8254316249416873,-0.1538461538461539,-0.08,0.1538461538461539,0.2222222222222222,0.5,0.0,-0.0027403516784654,2.5854460197929754,0.5,-0.0027403516784654,2.7473775838880585,1.8245136288654609
2023-05-23,171.56,-0.0151549942594717,15,173.26749999999998,54.79669531001734,10,40,0.375,0.31046195652173914,0.5982962962962963,0.7201655172413792,0.5,0.0,-0.00757749712973585,1.7031591034001374,0.5,-0.00757749712973585,1.8115994220431626,0.375,-0.08,0.1538461538461539,0.2222222222222222,0.5,0.0,-0.00757749712973585,2.565854809998907,0.5,-0.00757749712973585,2.726559338131846,1.7968631352936768
2023-05-24,171.84,0.0016320820704127,15,173.096,55.47581639795296,10,40,0.75,0.31046195652173914,0.5982962962962963,0.7201655172413792,0.5,0.0,0.00081604103520635,1.704548951117997,0.5,0.00081604103520635,1.8130777615109057,0.5,-0.08,0.1538461538461539,0.2222222222222222,0.5,0.0,0.00081604103520635,2.5679486528142474,0.5,0.00081604103520635,2.7287843224366863,1.7997957633997752
2023-05-25,172.99,0.0066922718808193,15,173.02,58.25013658302146,10,40,1.0,0.31046195652173914,0.5982962962962963,0.7201655172413792,0.5,0.0,0.00334613594040965,1.7102526036255206,0.5,0.00334613594040965,1.819144566171455,0.1428571428571428,-0.08,0.1538461538461539,0.2222222222222222,-1.0,1.5,-0.0074422718808193,2.5488372807640203,-1.0,-0.0074422718808193,2.708475967604995,1.8118404859783932
2023-05-26,175.43,0.0141048615526908,15,173.30599999999998,63.45348865637691,10,40,0.5,0.31046195652173914,0.5982962962962963,0.7201655172413792,-1.0,1.5,-0.0148548615526908,1.6848470379785345,-1.0,-0.0148548615526908,1.7921214254966482,0.25,-0.08,0.1538461538461539,0.2222222222222222,-1.0,0.0,-0.0141048615526908,2.512886283798507,-1.0,-0.0141048615526908,2.6702732890631364,1.8373962451886785
2023-05-30,177.3,0.0106595223165935,15,173.829,66.86218621902555,10,40,0.8,0.31046195652173914,0.5982962962962963,0.7201655172413792,-1.0,0.0,-0.0106595223165935,1.6668873733771559,-1.0,-0.0106595223165935,1.7730182671675214,0.3,-0.08,0.1538461538461539,0.2222222222222222,-1.0,0.0,-0.0106595223165935,2.486100116377295,-1.0,-0.0106595223165935,2.6418094513469645,1.8569820114686924
2023-05-31,177.25,-0.0002820078962211,15,174.347,66.68309620047282,10,40,0.9130434782608695,0.31046195652173914,0.5982962962962963,0.7201655172413792,-1.0,0.0,0.0002820078962211,1.6673574487785596,-1.0,0.0002820078962211,1.773518272319007,0.1739130434782609,-0.08,0.1538461538461539,0.2222222222222222,-1.0,0.0,0.0002820078962211,2.4868012162409094,-1.0,0.0002820078962211,2.642554462472556,1.8564583278783175
2023-06-01,180.09,0.0160225669957687,15,175.08700000000002,71.37333155265186,10,40,0.6060606060606061,0.31046195652173914,0.5982962962962963,0.7201655172413792,0.5,1.5,0.0072612834978843495,1.6794646039064498,0.5,0.0072612834978843495,1.7863962912829932,0.2941176470588235,-0.08,0.1538461538461539,0.2222222222222222,0.5,1.5,0.0072612834978843495,2.504858584874918,0.5,0.0072612834978843495,2.6617427995831684,1.8862035558116008
2023-06-02,180.95,0.0047753900827363,15,175.677,72.62985858668287,10,40,0.6888888888888889,0.31046195652173914,0.5982962962962963,0.7201655172413792,0.5,0.0,0.00238769504136815,1.6834746532133507,0.5,0.00238769504136815,1.790661660849608,0.0434782608695652,-0.08,0.1538461538461539,0.2222222222222222,0.5,0.0,0.00238769504136815,2.510839423297352,0.5,0.00238769504136815,2.6680982296671307,1.8952109135660455
2023-06-05,179.58,-0.0075711522520032,15,176.119,67.543669744258,10,40,0.5813953488372093,0.31046195652173914,0.5982962962962963,0.7201655172413792,0.5,0.0,-0.0037855761260016,1.6771017317574173,0.5,-0.0037855761260016,1.7838829748165492,0.2022471910112359,-0.08,0.1538461538461539,0.2222222222222222,0.5,0.0,-0.0037855761260016,2.501334449520294,0.5,-0.0037855761260016,2.6579979407070757,1.8808619831897788
2023-06-06,179.21,-0.0020603630693841,15,176.62,66.19541781548192,10,40,0.6351351351351351,0.31046195652173914,0.5982962962962963,0.7201655172413792,0.5,0.0,-0.00103018153469205,1.6753740125215608,0.5,-0.00103018153469205,1.7820452515158418,0.0126582278481012,-0.08,0.1538461538461539,0.2222222222222222,0.5,0.0,-0.00103018153469205,2.498757620958309,0.5,-0.00103018153469205,2.65525972030931,1.8769867246210061
2023-06-07,177.82,-0.0077562636013616,15,177.246,61.24908049438018,10,40,0.8928571428571429,0.31046195652173914,0.5982962962962963,0.7201655172413792,0.5,0.0,-0.0038781318006808,1.6688766912855668,0.5,-0.0038781318006808,1.7751342451556862,0.2857142857142857,-0.08,0.1538461538461539,0.2222222222222222,0.5,0.0,-0.0038781318006808,2.4890671095662773,0.5,-0.0038781318006808,2.644962273148912,1.8624283208085892
2023-06-08,180.57,0.0154650770442019,15,178.119,66.57114232394093,10,40,0.4838709677419355,0.31046195652173914,0.5982962962962963,0.7201655172413792,0.5,0.0,0.00773253852210095,1.6817813445895688,0.5,0.00773253852210095,1.7888605390882533,0.28125,-0.08,0.1538461538461539,0.2222222222222222,0.5,0.0,0.00773253852210095,2.508313916875093,0.5,0.00773253852210095,2.6654145458155396,1.8912309182791978
2023-06-09,180.96,0.002159827213823,15,178.916,67.25792711799802,10,40,0.4444444444444444,0.31046195652173914,0.5982962962962963,0.7201655172413792,0.5,0.0,0.0010799136069115,1.6835975231474412,0.5,0.0010799136069115,1.7907923539252817,0.0,-0.08,0.1538461538461539,0.2222222222222222,0.5,0.0,0.0010799136069115,2.511022679204332,0.5,0.0010799136069115,2.6682929632516257,1.8953156502841206
2023-06-12,183.79,0.0156388152077806,15,179.752,71.78740983326534,10,40,0.7333333333333333,0.31046195652173914,0.5982962962962963,0.7201655172413792,0.5,0.0,0.0078194076038903,1.696762258421831,0.5,0.0078194076038903,1.8047952892745536,0.2,-0.08,0.1538461538461539,0.2222222222222222,0.5,0.0,0.0078194076038903,2.530657389035643,0.5,0.0078194076038903,2.6891574335378823,1.9249561414993286
2023-06-13,183.31,-0.0026116763697697,15,180.353,70.01814628561158,10,40,0.6,0.31046195652173914,0.5982962962962963,0.7201655172413792,0.5,0.0,-0.00130583818488485,1.6945465614741122,0.5,-0.00130583818488485,1.8024385186699186,0.275,-0.08,0.1538461538461539,0.2222222222222222,0.5,0.0,-0.00130583818488485,2.527352759984179,0.5,-0.00130583818488485,2.6856458290760017,1.9199287790317319
2023-06-14,183.95,0.0034913534449838,15,181.023,71.04290736259401,10,40,0.3870967741935484,0.31046195652173914,0.5982962962962963,0.7201655172413792,0.5,0.0,0.0017456767224919,1.6975046919616563,0.5,0.0017456767224919,1.8055849936356834,0.3225806451612903,-0.08,0.1538461538461539,0.2222222222222222,0.5,0.0,0.0017456767224919,2.5317647008668094,0.5,0.0017456767224919,2.6903340984846773,1.9266319289885279
2023-06-15,186.01,0.0111986952976352,15,181.615,74.11026032814472,10,40,0.8666666666666667,0.31046195652173914,0.5982962962962963,0.7201655172413792,0.5,0.0,0.0055993476488176,1.7070096108674488,0.5,0.0055993476488176,1.8156950917245378,0.4,-0.08,0.1538461538461539,0.2222222222222222,0.5,0.0,0.0055993476488176,2.5459409315919674,0.5,0.0055993476488176,2.7053982143935613,1.9482076929119656
2023-06-16,184.92,-0.005859900005376,15,182.012,69.8915708396989,10,40,0.8666666666666667,0.31046195652173914,0.5982962962962963,0.7201655172413792,0.5,0.0,-0.002929950002688,1.7020081580534994,0.5,-0.002929950002688,1.8103751958856589,0.2,-0.08,0.1538461538461539,0.2222222222222222,0.5,0.0,-0.002929950002688,2.538481451952606,0.5,-0.002929950002688,2.6974715328880268,1.9367913906417973
2023-06-20,185.01,0.0004866969500325,15,182.555,70.04320437946315,10,40,0.7894736842105263,0.31046195652173914,0.5982962962962963,0.7201655172413792,0.5,0.0,0.00024334847501625,1.7024223391432267,0.5,0.00024334847501625,1.8108157479287847,0.5263157894736842,-0.08,0.1538461538461539,0.2222222222222222,0.5,0.0,0.00024334847501625,2.5390991875427953,0.5,0.00024334847501625,2.6981279584719546,1.937734021104472
2023-06-21,183.96,-0.0056753688989783,15,183.03,65.87490728565808,10,40,0.65,0.31046195652173914,0.5982962962962963,0.7201655172413792,0.5,0.0,-0.00283768444948915,1.697591401744977,0.5,-0.00283768444948915,1.8056772242399972,0.1,-0.08,0.1538461538461539,0.2222222222222222,0.5,0.0,-0.00283768444948915,2.5318940252625945,0.5,-0.00283768444948915,2.6904715227214666,1.9267366657066034
2023-06-22,187.0,0.0165253315938247,15,183.948,71.21582008986017,10,40,0.8181818181818182,0.31046195652173914,0.5982962962962963,0.7201655172413792,0.5,0.0,0.00826266579691235,1.7116180321573076,0.5,0.00826266579691235,1.8205969316809885,0.4545454545454545,-0.08,0.1538461538461539,0.2222222222222222,0.5,0.0,0.00826266579691235,2.5528142194265384,0.5,0.00826266579691235,2.712701989749824,1.9585766280013852
2023-06-23,186.68,-0.001711229946524,15,184.559,69.97433500674674,10,40,0.85,0.31046195652173914,0.5982962962962963,0.7201655172413792,0.5,0.0,-0.000855614973262,1.7101535461404884,0.5,-0.000855614973262,1.8190392016859673,0.25,-0.08,0.1538461538461539,0.2222222222222222,0.5,0.0,-0.000855614973262,2.550629993356441,0.5,-0.000855614973262,2.7103809613093963,1.9552250530229873
2023-06-26,185.27,-0.0075530319262909,15,184.99,64.62818883459559,10,40,0.3,0.31046195652173914,0.5982962962962963,0.7201655172413792,0.5,0.0,-0.00377651596314545,1.7036951239740592,0.5,-0.00377651596314545,1.8121695711032129,0.15,-0.08,0.1538461538461539,0.2222222222222222,0.5,0.0,-0.00377651596314545,2.540997498470453,0.5,-0.00377651596314545,2.700145164342806,1.940457175774421
2023-06-27,188.06,0.0150591029308575,15,185.417,69.58065661072692,10,40,0.35714285714285715,0.31046195652173914,0.5982962962962963,0.7201655172413792,0.5,0.0,0.00752955146542875,1.716523184091422,0.5,0.00752955146542875,1.8258143951529184,0.0,-0.08,0.1538461538461539,0.2222222222222222,0.5,0.0,0.00752955146542875,2.5601300699087117,0.5,0.00752955146542875,2.720476046321854,1.9696787201173291
2023-06-28,189.25,0.0063277677337019,15,186.011,71.41877166354763,10,40,0.75,0.31046195652173914,0.5982962962962963,0.7201655172413792,1.0,0.5,0.0060777677337019,1.7269558133138438,1.0,0.0060777677337019,1.8369112709715072,0.16,-0.08,0.1538461538461539,0.2222222222222222,0.5,0.0,0.00316388386685095,2.5682300241339355,0.5,0.00316388386685095,2.729083316594966,1.9821423895682468
2023-06-29,189.59,0.001796565389696,15,186.575,71.94047051370963,10,40,0.26666666666666666,0.31046195652173914,0.5982962962962963,0.7201655172413792,0.5,0.5,0.000648282694848,1.7280753688823822,0.5,0.000648282694848,1.8381021087604492,0.0,-0.08,0.1538461538461539,0.2222222222222222,0.5,0.0,0.000898282694848,2.5705370207210043,0.5,0.000898282694848,2.7315348049110617,1.9857034379827947
2023-06-30,193.97,0.0231024843082441,15,187.371,77.61027023939343,10,40,0.9672131147540983,0.31046195652173914,0.5982962962962963,0.7201655172413792,0.5,0.0,0.01155124215412205,1.7480367859289163,0.5,0.01155124215412205,1.8593344713227433,0.2295081967213115,-0.08,0.1538461538461539,0.2222222222222222,0.5,0.0,0.01155124215412205,2.600229916313488,0.5,0.01155124215412205,2.7630874248950015,2.031578120499619
2023-07-03,192.46,-0.0077847089756147,15,188.125,72.19428265751428,10,40,0.5714285714285714,0.31046195652173914,0.5982962962962963,0.7201655172413792,1.0,0.5,-0.0080347089756147,1.7339918190753087,1.0,-0.0080347089756147,1.8443952599573368,0.1379310344827586,-0.08,0.1538461538461539,0.2222222222222222,0.5,0.0,-0.00389235448780735,2.5901088997293944,0.5,-0.00389235448780735,2.752332509156507,2.015762876070303
2023-07-05,191.33,-0.0058713498908864,15,188.757,68.3502694197429,10,40,0.45454545454545453,0.31046195652173914,0.5982962962962963,0.7201655172413792,0.5,0.5,-0.0031856749454431997,1.728467884781677,0.5,-0.0031856749454431997,1.8385196161881965,0.0454545454545454,-0.08,0.1538461538461539,0.2222222222222222,0.5,0.0,-0.0029356749454432,2.5825051819264893,0.5,-0.0029356749454432,2.7442525555678476,2.0039276269278345
2023-07-06,191.81,0.002508754507918,15,189.542,69.10284147427313,10,40,0.5,0.31046195652173914,0.5982962962962963,0.7201655172413792,0.5,0.0,0.001254377253959,1.730636035580546,0.5,0.001254377253959,1.8408258133757005,0.25,-0.08,0.1538461538461539,0.2222222222222222,0.5,0.0,0.001254377253959,2.585744617684929,0.5,0.001254377253959,2.747694883552671,2.0089549893954315
2023-07-07,190.68,-0.0058912465460612,15,189.91000000000005,65.17391612703298,10,40,0.2631578947368421,0.31046195652173914,0.5982962962962963,0.7201655172413792,0.5,0.0,-0.0029456232730306,1.7255382337969944,0.5,-0.0029456232730306,1.8354034340182255,0.0526315789473684,-0.08,0.1538461538461539,0.2222222222222222,0.5,0.0,-0.0029456232730306,2.5781279881609627,0.5,-0.0029456232730306,2.7396012095564912,1.9971197402529632
2023-07-10,188.61,-0.0108558842039018,15,190.103,58.60098104152747,10,40,0.5263157894736842,0.31046195652173914,0.5982962962962963,0.7201655172413792,0.5,0.0,-0.0054279421019509,1.716172112169242,0.5,-0.0054279421019509,1.8254409704446528,0.3684210526315789,-0.08,0.1538461538461539,0.2222222222222222,0.5,0.0,-0.0054279421019509,2.564134058709806,0.5,-0.0054279421019509,2.724730812808584,1.9754392396114506
2023-07-11,188.08,-0.0028100312814802,15,190.384,57.015472943708616,10,40,0.7857142857142857,0.31046195652173914,0.5982962962962963,0.7201655172413792,0.5,0.0,-0.0014050156407401,1.7137608635094421,0.5,-0.0014050156407401,1.8228761973299301,0.1785714285714286,-0.08,0.1538461538461539,0.2222222222222222,0.5,0.0,-0.0014050156407401,2.560531410252364,0.5,-0.0014050156407401,2.7209025233997814,1.969888193553479
2023-07-12,189.77,0.0089855380689067,15,190.555,60.66962937506993,10,40,0.8,0.31046195652173914,0.5982962962962963,0.7201655172413792,0.5,0.0,0.00449276903445335,1.7214603952494754,0.5,0.00449276903445335,1.8310659590629361,0.1,-0.08,0.1538461538461539,0.2222222222222222,-1.0,1.5,-0.0097355380689067,2.535603259231221,-1.0,-0.0097355380689067,2.6944130733014386,1.987588698908144
2023-07-13,190.54,0.00405754334194,15,190.68400000000003,62.24449662341101,10,40,0.75,0.31046195652173914,0.5982962962962963,0.7201655172413792,0.5,0.0,0.00202877167097,1.7249528453320542,0.5,0.00202877167097,1.8347807738083604,0.25,-0.08,0.1538461538461539,0.2222222222222222,-1.0,0.0,-0.00405754334194,2.525314939108926,-1.0,-0.00405754334194,2.6834803754754284,1.995653426199914
2023-07-14,190.69,0.0007872362758476,15,190.794,62.559016702015406,10,40,0.5555555555555556,0.31046195652173914,0.5982962962962963,0.7201655172413792,0.5,0.0,0.0003936181379238,1.7256318180590402,0.5,0.0003936181379238,1.8355029768000453,0.3333333333333333,-0.08,0.1538461538461539,0.2222222222222222,-1.0,0.0,-0.0007872362758476,2.5233269195809194,-1.0,-0.0007872362758476,2.6813678423783287,1.997224476971038
2023-07-17,193.99,0.017305574492632,16,186.594,68.7305813412055,30,40,0.7272727272727273,0.38647642679900746,0.6868444444444446,0.7896594427244582,0.5,0.0,0.008652787246316,1.7405633430461787,0.5,0.008652787246316,1.8513851935482757,0.2608695652173913,-0.019562715765247426,0.2,0.27860465116279076,0.5,1.5,0.007902787246315999,2.5432682353792693,0.5,0.007902787246315999,2.702558121965758,2.0317875939357686
2023-07-18,193.73,-0.0013402752719213,16,187.02,67.78257726360683,30,40,0.6470588235294118,0.38647642679900746,0.6868444444444446,0.7896594427244582,0.5,0.0,-0.00067013763596065,1.73939692604223,0.5,-0.00067013763596065,1.8501445106514187,0.3529411764705883,-0.019562715765247426,0.2,0.27860465116279076,0.5,0.0,-0.00067013763596065,2.5415638956163984,0.5,-0.00067013763596065,2.7007470360548576,2.02906443926582
2023-07-19,195.1,0.007071697723636,16,187.53733333333332,70.12117540079291,30,40,0.9545454545454546,0.38647642679900746,0.6868444444444446,0.7896594427244582,0.5,0.0,0.003535848861818,1.745547170683426,0.5,0.003535848861818,1.8566863420136044,0.2727272727272727,-0.019562715765247426,0.2,0.27860465116279076,0.5,0.0,0.003535848861818,2.5505504814239512,0.5,0.003535848861818,2.7102964693883504,2.043413369642087
2023-07-20,193.13,-0.01009738595592,16,188.00133333333332,63.03551327356183,30,40,0.5,0.38647642679900746,0.6868444444444446,0.7896594427244582,0.5,0.0,-0.00504869297796,1.7367344389400987,0.5,-0.00504869297796,1.8473125027164061,0.1666666666666667,-0.019562715765247426,0.2,0.27860465116279076,0.5,0.0,-0.00504869297796,2.537673535118454,0.5,-0.00504869297796,2.69661301463516,2.022780236181324
2023-07-21,191.94,-0.0061616527727437,16,188.472,59.14745526911111,30,40,0.7058823529411765,0.38647642679900746,0.6868444444444446,0.7896594427244582,0.5,0.0,-0.00308082638637185,1.7313838616544914,0.5,-0.00308082638637185,1.8416212536141627,0.2352941176470588,-0.019562715765247426,0.2,0.27860465116279076,0.5,0.0,-0.00308082638637185,2.5298554035314633,0.5,-0.00308082638637185,2.688305218105838,2.010316566730406
2023-07-24,192.75,0.004220068771491,16,188.878,60.9146491439508,30,40,0.6818181818181818,0.38647642679900746,0.6868444444444446,0.7896594427244582,0.5,0.0,0.0021100343857455,1.7350371411375072,0.5,0.0021100343857455,1.8455071377848082,0.1818181818181818,-0.019562715765247426,0.2,0.27860465116279076,0.5,0.0,0.0021100343857455,2.5351934854238785,0.5,0.0021100343857455,2.69397763455542,2.018800240894476
2023-07-25,193.62,0.0045136186770429,16,189.3,62.777138326057326,30,40,0.3333333333333333,0.38647642679900746,0.6868444444444446,0.7896594427244582,0.5,0.0,0.00225680933852145,1.7389527891603076,0.5,0.00225680933852145,1.8496720955276689,-0.0476190476190476,-0.019562715765247426,0.2,0.27860465116279076,0.5,0.0,0.00225680933852145,2.5409149337567416,0.5,0.00225680933852145,2.7000574284388525,2.027912335366996
2023-07-26,194.5,0.0045449850222083,16,189.657,64.61393111447384,30,40,0.8095238095238095,0.38647642679900746,0.6868444444444446,0.7896594427244582,0.5,0.0,0.00227249251110415,1.7429045463508381,0.5,0.00227249251110415,1.853875461512754,0.1428571428571428,-0.019562715765247426,0.2,0.27860465116279076,0.5,0.0,0.00227249251110415,2.5466891439150565,0.5,0.00227249251110415,2.7061932887245312,2.0371291665575906
2023-07-27,193.22,-0.0065809768637532,16,189.98733333333337,59.97782764640415,30,40,0.8823529411764706,0.38647642679900746,0.6868444444444446,0.7896594427244582,1.0,0.5,-0.0068309768637532,1.7309988057189853,1.0,-0.0068309768637532,1.8412116811268806,0.2941176470588235,-0.019562715765247426,0.2,0.27860465116279076,1.0,0.5,-0.0068309768637532,2.5292927692938014,1.0,-0.0068309768637532,2.6877073449804096,2.023722866643998
2023-07-28,195.83,0.0135079184349446,16,190.38333333333333,65.42536027332031,30,40,0.9642857142857143,0.38647642679900746,0.6868444444444446,0.7896594427244582,0.5,0.5,0.0065039592174723,1.7422571513568748,0.5,0.0065039592174723,1.8531868468116635,0.3571428571428572,-0.019562715765247426,0.2,0.27860465116279076,0.5,0.5,0.0065039592174723,2.545743186314336,0.5,0.0065039592174723,2.705188083940663,2.051059150061558
2023-07-31,196.45,0.0031660113363629,16,190.7313333333333,66.58875659397486,30,40,0.8055555555555556,0.38647642679900746,0.6868444444444446,0.7896594427244582,0.5,0.0,0.00158300566818145,1.7450151543029022,0.5,0.00158300566818145,1.8561204520943655,0.2777777777777778,-0.019562715765247426,0.2,0.27860465116279076,0.5,0.0,0.00158300566818145,2.5497731122080056,0.5,0.00158300566818145,2.7094704120110378,2.057552826582204
2023-08-01,195.605,-0.0043013489437515,16,191.0875,63.45486032126977,30,40,0.7647058823529411,0.38647642679900746,0.6868444444444446,0.7896594427244582,0.5,0.0,-0.00215067447187575,1.7412621947575067,0.5,-0.00215067447187575,1.8521285412213195,0.1764705882352941,-0.019562715765247426,0.2,0.27860465116279076,0.5,0.0,-0.00215067447187575,2.5442893802665045,0.5,-0.00215067447187575,2.7036432231636227,2.0487025739048716
2023-08-02,192.58,-0.0154648398558318,16,191.33983333333336,53.70968472592202,30,40,0.6111111111111112,0.38647642679900746,0.6868444444444446,0.7896594427244582,0.5,0.0,-0.0077324199279159,1.7277980242630373,0.5,-0.0077324199279159,1.8378071055801182,0.1666666666666667,-0.019562715765247426,0.2,0.27860465116279076,0.5,0.0,-0.0077324199279159,2.524615866360147,0.5,-0.0077324199279159,2.682737518426858,2.0170197166872024
2023-08-03,191.17,-0.0073216325682834,16,191.58016666666668,49.86550720904876,30,40,0.13636363636363635,0.38647642679900746,0.6868444444444446,0.7896594427244582,0.5,0.0,-0.0036608162841417,1.7214728731201072,0.5,-0.0036608162841417,1.831079231400899,-0.0681818181818181,-0.019562715765247426,0.2,0.27860465116279076,0.5,0.0,-0.0036608162841417,2.515373711485373,0.5,-0.0036608162841417,2.672916509233323,2.0022518394386357
2023-08-04,181.99,-0.048020086833708,16,191.41316666666668,33.20310069746303,30,40,0.22727272727272727,0.38647642679900746,0.6868444444444446,0.7896594427244582,0.5,0.0,-0.024010043416854,1.6801402346955572,0.5,-0.024010043416854,1.787114939555264,0.0,-0.019562715765247426,0.2,0.27860465116279076,0.5,0.0,-0.024010043416854,2.454979479462996,0.5,-0.024010043416854,2.608739667797005,1.906103532245841
2023-08-07,178.85,-0.0172536952579812,16,191.15216666666663,29.56416223063933,30,40,0.42857142857142855,0.38647642679900746,0.6868444444444446,0.7896594427244582,0.5,0.0,-0.0086268476289906,1.6656459208955021,0.5,-0.0086268476289906,1.7716977712762279,0.25,-0.019562715765247426,0.2,0.27860465116279076,0.5,0.0,-0.0086268476289906,2.43380074556137,0.5,-0.0086268476289906,2.586234468179217,1.8732162027703099
2023-08-08,179.8,0.0053117137265865,16,190.96983333333336,31.9926210704876,30,40,0.2857142857142857,0.38647642679900746,0.6868444444444446,0.7896594427244582,0.5,0.0,0.00265585686329325,1.670069638046329,0.5,0.00265585686329325,1.7764031469617532,0.0714285714285714,-0.019562715765247426,0.2,0.27860465116279076,0.5,0.0,0.00265585686329325,2.4402645719753577,0.5,0.00265585686329325,2.5931031367416164,1.8831661909874293
2023-08-09,178.19,-0.0089543937708566,16,190.64083333333335,30.098659467936073,30,40,0.3939393939393939,0.38647642679900746,0.6868444444444446,0.7896594427244582,0.5,0.0,-0.0044771968854283,1.6625924074644196,0.5,-0.0044771968854283,1.7684498403249111,-0.0303030303030303,-0.019562715765247426,0.2,0.27860465116279076,-1.0,1.5,0.0082043937708566,2.4602854634289146,-1.0,0.0082043937708566,2.614377975963888,1.8663035793773637
2023-08-10,177.97,-0.0012346371850272,16,190.2648333333333,29.838713591857783,30,40,0.7142857142857143,0.38647642679900746,0.6868444444444446,0.7896594427244582,0.5,0.0,-0.0006173185925136,1.66156605825952,0.5,-0.0006173185925136,1.767358143358551,0.1428571428571428,-0.019562715765247426,0.2,0.27860465116279076,0.5,1.5,-0.0013673185925136,2.4569214693718773,0.5,-0.0013673185925136,2.6108032883494947,1.863999371579715
2023-08-11,177.79,-0.0010114064168118,16,189.8715,29.61336335360504,30,40,0.4,0.38647642679900746,0.6868444444444446,0.7896594427244582,0.5,0.0,-0.0005057032084059,1.6607257989728796,0.5,-0.0005057032084059,1.7664643846750523,0.0952380952380952,-0.019562715765247426,0.2,0.27860465116279076,0.5,0.0,-0.0005057032084059,2.4556789963020145,0.5,-0.0005057032084059,2.6094829967500597,1.862114110654366
2023-08-14,179.46,0.0093931042240846,16,189.3878333333333,34.55195643695541,30,40,0.5833333333333334,0.38647642679900746,0.6868444444444446,0.7896594427244582,-1.0,1.5,-0.0101431042240846,1.6438808841062715,-1.0,-0.0101431042240846,1.7485469523131598,0.2916666666666667,-0.019562715765247426,0.2,0.27860465116279076,0.5,0.0,0.0046965521120423,2.467212220678595,0.5,0.0046965521120423,2.621738569629785,1.8796051425728812
2023-08-15,177.45,-0.0112002674690739,16,188.8875,31.6715934953378,30,40,0.7368421052631579,0.38647642679900746,0.6868444444444446,0.7896594427244582,0.5,1.5,-0.0063501337345369495,1.6334420206485478,0.5,-0.0063501337345369495,1.7374434453248542,0.15,-0.019562715765247426,0.2,0.27860465116279076,0.5,0.0,-0.00560013373453695,2.4533955022913108,0.5,-0.00560013373453695,2.6070564830228644,1.8585530622398183
2023-08-16,176.57,-0.0049591434206818,16,188.3955,30.47382512521773,30,40,0.5714285714285714,0.38647642679900746,0.6868444444444446,0.7896594427244582,0.5,0.0,-0.0024795717103409,1.6293917840236656,0.5,-0.0024795717103409,1.7331353297095096,0.2857142857142857,-0.019562715765247426,0.2,0.27860465116279076,-1.0,1.5,0.0042091434206818,2.463722195828111,-1.0,0.0042091434206818,2.618029957665726,1.8493362310492236
2023-08-17,174.0,-0.0145551339412131,16,187.80183333333335,27.234480487584847,30,40,0.5789473684210527,0.38647642679900746,0.6868444444444446,0.7896594427244582,-1.0,1.5,0.0138051339412131,1.6518857558448243,-1.0,0.0138051339412131,1.757061495074398,-0.1052631578947368,-0.019562715765247426,0.2,0.27860465116279076,-1.0,0.0,0.0145551339412131,2.4995820023823287,-1.0,0.0145551339412131,2.6561357343616594,1.8224188945039639
2023-08-18,174.49,0.0028160919540229,16,187.26216666666667,28.78875036973024,30,40,0.9285714285714286,0.38647642679900746,0.6868444444444446,0.7896594427244582,0.5,1.5,0.0006580459770114499,1.6529727726209404,0.5,0.0006580459770114499,1.7582177223225932,0.2142857142857143,-0.019562715765247426,0.2,0.27860465116279076,-1.0,0.0,-0.0028160919540229,2.4925429496169995,-1.0,-0.0028160919540229,2.648655811891331,1.827550993689636
2023-08-21,175.84,0.0077368330563356,16,186.8365,33.0328446253674,30,40,0.6190476190476191,0.38647642679900746,0.6868444444444446,0.7896594427244582,0.5,0.0,0.0038684165281678,1.6593671598151585,0.5,0.0038684165281678,1.7650192408197434,-0.1904761904761905,-0.019562715765247426,0.2,0.27860465116279076,-1.0,0.0,-0.0077368330563356,2.473258560930067,-1.0,-0.0077368330563356,2.6281636040510348,1.841690450629753
2023-08-22,177.23,0.0079049135577797,16,186.47483333333332,37.18403064151136,30,40,0.5,0.38647642679900746,0.6868444444444446,0.7896594427244582,-1.0,1.5,-0.008654913557779701,1.6450054804863399,-1.0,-0.008654913557779701,1.7497431518626305,0.0,-0.019562715765247426,0.2,0.27860465116279076,-1.0,0.0,-0.0079049135577797,2.453707665799876,-1.0,-0.0079049135577797,2.607388197945309,1.8562488544421696
2023-08-23,181.12,0.0219488799864584,16,186.1865,47.07215729716897,30,40,0.5555555555555556,0.38647642679900746,0.6868444444444446,0.7896594427244582,-1.0,0.0,-0.0219488799864584,1.6088994526180789,-1.0,-0.0219488799864584,1.71133824941527,0.0,-0.019562715765247426,0.2,0.27860465116279076,0.5,1.5,0.010224439993229199,2.4787954525897735,0.5,0.010224439993229199,2.634047282114255,1.8969914377733217
2023-08-24,176.38,-0.0261704946996467,16,185.7145,39.01335228898759,30,40,0.6,0.38647642679900746,0.6868444444444446,0.7896594427244582,-1.0,0.0,0.0261704946996467,1.6510051472150846,-1.0,0.0261704946996467,1.7561248180008948,0.12,-0.019562715765247426,0.2,0.27860465116279076,0.5,0.0,-0.01308524734982335,2.446359800963019,0.5,-0.01308524734982335,2.59958012189666,1.8473462334057997
2023-08-25,178.61,0.0126431568205012,16,185.31183333333337,43.88108802167801,30,40,0.75,0.38647642679900746,0.6868444444444446,0.7896594427244582,0.5,1.5,0.005571578410250601,1.6602038518485207,0.5,0.005571578410250601,1.7659092051225738,0.1666666666666667,-0.019562715765247426,0.2,0.27860465116279076,0.5,0.0,0.0063215784102506,2.461824656264492,0.5,0.0063215784102506,2.6160135714709583,1.8707025215365114
2023-08-28,180.19,0.008846089244723,16,184.8518333333333,47.10262596589427,30,40,0.42857142857142855,0.38647642679900746,0.6868444444444446,0.7896594427244582,0.5,0.0,0.0044230446223615,1.667547007567463,0.5,0.0044230446223615,1.7737199003358697,-0.1904761904761905,-0.019562715765247426,0.2,0.27860465116279076,0.5,0.0,0.0044230446223615,2.4727134165715796,0.5,0.0044230446223615,2.627584316230277,1.887250922992352
2023-08-29,184.12,0.0218103113380321,16,184.5315,54.15261899140121,30,40,0.8888888888888888,0.38647642679900746,0.6868444444444446,0.7896594427244582,-1.0,1.5,-0.022560311338032102,1.6299266279059372,-1.0,-0.022560311338032102,1.7337042271578291,0.0555555555555555,-0.019562715765247426,0.2,0.27860465116279076,0.5,0.0,0.01090515566901605,2.4996787413041575,0.5,0.01090515566901605,2.6562385322322335,1.9284124531958036
2023-08-30,187.65,0.0191722789485118,16,184.28316666666663,59.38829362897262,30,40,0.6153846153846154,0.38647642679900746,0.6868444444444446,0.7896594427244582,0.5,1.5,0.0088361394742559,1.6443288869229178,0.5,0.0088361394742559,1.7490234795161028,-0.1153846153846154,-0.019562715765247426,0.2,0.27860465116279076,0.5,0.0,0.0095861394742559,2.5236410103591314,0.5,0.0095861394742559,2.681701605279104,1.9653845146762574
2023-08-31,187.87,0.0011723954169997,16,184.10783333333333,59.69719938652357,30,40,0.782608695652174,0.38647642679900746,0.6868444444444446,0.7896594427244582,0.5,0.0,0.00058619770849985,1.645292788748452,0.5,0.00058619770849985,1.7500487530719075,0.2173913043478261,-0.019562715765247426,0.2,0.27860465116279076,0.5,0.0,0.00058619770849985,2.52512036293648,0.5,0.00058619770849985,2.683273612614999,1.9676887224739061
2023-09-01,189.46,0.0084632990897961,16,184.02516666666668,61.94983250663853,30,40,0.8181818181818182,0.38647642679900746,0.6868444444444446,0.7896594427244582,0.5,0.0,0.00423164954489805,1.6522550912291833,0.5,0.00423164954489805,1.7574543460813936,0.2727272727272727,-0.019562715765247426,0.2,0.27860465116279076,1.0,0.5,0.0082132990897961,2.5458599317150115,1.0,0.0082132990897961,2.7053121413351637,1.9843418606478216
2023-09-05,189.7,0.0012667581547554,16,183.9235,62.29242875293272,30,40,0.6521739130434783,0.38647642679900746,0.6868444444444446,0.7896594427244582,0.5,0.0,0.0006333790773777,1.6533015950344585,0.5,0.0006333790773777,1.7585674808936478,0.391304347826087,-0.019562715765247426,0.2,0.27860465116279076,0.5,0.5,0.00038337907737770005,2.5468359611467655,0.5,0.00038337907737770005,2.7063493014079274,1.9868555418816198
2023-09-06,182.91,-0.0357933579335792,16,183.5665,48.8825925150643,30,40,-0.061224489795918366,0.38647642679900746,0.6868444444444446,0.7896594427244582,0.5,0.0,-0.0178966789667896,1.6237129871528457,0.5,-0.0178966789667896,1.7270949632466583,-0.3725490196078431,-0.019562715765247426,0.2,0.27860465116279076,0.5,0.0,-0.0178966789667896,2.501256055569047,0.5,-0.0178966789667896,2.6579146367886346,1.9157393103087357
2023-09-07,177.56,-0.0292493576075665,16,183.00183333333337,41.33255435401642,30,40,-0.13846153846153847,0.38647642679900746,0.6868444444444446,0.7896594427244582,0.5,0.0,-0.01462467880378325,1.599966706246204,0.5,-0.01462467880378325,1.7018367541455441,-0.2238805970149254,-0.019562715765247426,0.2,0.27860465116279076,-1.0,1.5,0.0284993576075665,2.5725402463648,-1.0,0.0284993576075665,2.7336634965128592,1.8597051661386426
2023-09-08,178.18,0.0034917774273486,16,182.5005,42.44204303731749,30,40,0.32608695652173914,0.38647642679900746,0.6868444444444446,0.7896594427244582,0.5,0.0,0.0017458887136743,1.602760070060894,0.5,0.0017458887136743,1.704807971727123,-0.0978260869565217,-0.019562715765247426,0.2,0.27860465116279076,-1.0,0.0,-0.0034917774273486,2.5635575084015976,-1.0,-0.0034917774273486,2.7241181520217688,1.866198842659289
2023-09-11,179.36,0.0066225165562914,16,181.9515,44.589825139650586,30,40,0.6986301369863014,0.38647642679900746,0.6868444444444446,0.7896594427244582,0.5,0.0,0.0033112582781457,1.6080672226107644,0.5,0.0033112582781457,1.710453031236153,0.2054794520547945,-0.019562715765247426,0.2,0.27860465116279076,-1.0,0.0,-0.0066225165562914,2.546580306359203,-1.0,-0.0066225165562914,2.7060776344587105,1.878557775392132
2023-09-12,176.3,-0.0170606601248884,16,181.27983333333336,40.38165697289532,30,40,0.3333333333333333,0.38647642679900746,0.6868444444444446,0.7896594427244582,0.5,0.0,-0.0085303300624442,1.5943498784392967,0.5,-0.0085303300624442,1.6958623023234005,-0.0588235294117647,-0.019562715765247426,0.2,0.27860465116279076,0.5,1.5,-0.0092803300624442,2.5229472005856692,0.5,-0.0092803300624442,2.6809643408363355,1.8465083396612005
2023-09-13,174.21,-0.0118547929665343,16,180.56666666666663,37.76043472132027,30,40,0.42424242424242425,0.38647642679900746,0.6868444444444446,0.7896594427244582,-1.0,1.5,0.0111047929665343,1.612054803755584,-1.0,0.0111047929665343,1.714694502090452,-0.0149253731343283,-0.019562715765247426,0.2,0.27860465116279076,-1.0,1.5,0.0111047929665343,2.55096400691367,-1.0,0.0111047929665343,2.7107358947919837,1.8246183655835382
2023-09-14,175.74,0.008782503874634,16,180.00533333333334,40.79042664240193,30,40,0.4318181818181818,0.38647642679900746,0.6868444444444446,0.7896594427244582,0.5,1.5,0.003641251937317,1.6179247014328202,0.5,0.003641251937317,1.7209381367680958,0.0,-0.019562715765247426,0.2,0.27860465116279076,0.5,1.5,0.003641251937317,2.5602527095458703,0.5,0.003641251937317,2.7206063671204497,1.8406430834490042
2023-09-15,175.01,-0.0041538636622283,16,179.46666666666667,39.79497700956239,30,40,0.7567567567567568,0.38647642679900746,0.6868444444444446,0.7896594427244582,0.5,0.0,-0.00207693183111415,1.6145643821200686,0.5,-0.00207693183111415,1.717363865572464,0.1621621621621622,-0.019562715765247426,0.2,0.27860465116279076,0.5,0.0,-0.00207693183111415,2.554935239197718,0.5,-0.00207693183111415,2.7149558531566456,1.8329973030295337
2023-09-18,177.97,0.0169133192389006,16,179.33266666666665,45.59287240172194,30,40,0.5128205128205128,0.38647642679900746,0.6868444444444446,0.7896594427244582,0.5,0.0,0.0084566596194503,1.628218203533346,0.5,0.0084566596194503,1.7318870272263533,0.175,-0.019562715765247426,0.2,0.27860465116279076,0.5,0.0,0.0084566596194503,2.5765414568653515,0.5,0.0084566596194503,2.737915310688625,1.863999371579716
2023-09-19,179.07,0.0061808169916277,16,179.34000000000003,47.61196132268401,30,40,0.6785714285714286,0.38647642679900746,0.6868444444444446,0.7896594427244582,-1.0,1.5,-0.0069308169916276995,1.6169333211422194,-1.0,-0.0069308169916276995,1.7198836351904734,0.2142857142857143,-0.019562715765247426,0.2,0.27860465116279076,0.5,0.0,0.00309040849581385,2.584504022473465,0.5,0.00309040849581385,2.7463765874255963,1.8755204105679595
2023-09-20,175.49,-0.0199921818283351,16,179.19633333333334,42.13189666266059,30,40,0.65625,0.38647642679900746,0.6868444444444446,0.7896594427244582,0.5,1.5,-0.01074609091416755,1.5995576086710783,0.5,-0.01074609091416755,1.7014016092849276,0.1111111111111111,-0.019562715765247426,0.2,0.27860465116279076,0.5,0.0,-0.00999609091416755,2.5586690852967884,0.5,-0.00999609091416755,2.7189235573731487,1.8380246654971313
2023-09-21,173.93,-0.0088893954071457,16,179.05433333333335,39.97285494796981,30,40,0.2857142857142857,0.38647642679900746,0.6868444444444446,0.7896594427244582,0.5,0.0,-0.00444469770357285,1.5924480586410856,0.5,-0.00444469770357285,1.6938393934592837,-0.1666666666666667,-0.019562715765247426,0.2,0.27860465116279076,-1.0,1.5,0.0081393954071457,2.5794951046980583,-1.0,0.0081393954071457,2.7410539512884116,1.8216857374774404
2023-09-22,174.79,0.0049445179095037,16,178.94833333333335,41.74516830757326,30,40,0.38461538461538464,0.38647642679900746,0.6868444444444446,0.7896594427244582,0.5,0.0,0.00247225895475185,1.5963850026140383,0.5,0.00247225895475185,1.698027003067675,0.0465116279069767,-0.019562715765247426,0.2,0.27860465116279076,0.5,1.5,0.0017222589547518498,2.5839376632408633,0.5,0.0017222589547518498,2.745774756001476,1.8306930952318852
2023-09-25,176.08,0.0073802849133246,16,178.89133333333336,44.397122583658486,30,40,0.13636363636363635,0.38647642679900746,0.6868444444444446,0.7896594427244582,0.5,0.0,0.0036901424566623,1.602275890689363,0.5,0.0036901424566623,1.704292964604254,0.0,-0.019562715765247426,0.2,0.27860465116279076,0.5,0.0,0.0036901424566623,2.593472761317357,0.5,0.0036901424566623,2.7559070560050283,1.8442041318635527
2023-09-26,171.96,-0.0233984552476147,17,175.425,38.38667558857156,10,50,0.7058823529411765,0.4433333333333333,0.7186857142857144,0.8098701298701299,0.5,0.0,-0.01169922762380735,1.5835305003280495,0.5,-0.01169922762380735,1.6843540532736954,-0.1052631578947368,0.0526315789473684,0.21658385093167706,0.28857142857142853,0.5,0.0,-0.01169922762380735,2.5631311331465607,0.5,-0.01169922762380735,2.7236650720467686,1.8010526040166772
2023-09-27,170.43,-0.0088974180041869,17,175.047,36.41510464943836,10,50,0.4117647058823529,0.4433333333333333,0.7186857142857144,0.8098701298701299,0.5,0.0,-0.00444870900209345,1.5764858339361505,0.5,-0.00444870900209345,1.6768608522341841,0.0,0.0526315789473684,0.21658385093167706,0.28857142857142853,0.5,0.0,-0.00444870900209345,2.5517285086009855,0.5,-0.00444870900209345,2.7115482787220664,1.7850278861512117
2023-09-28,170.69,0.0015255530129671,17,174.54199999999997,37.007196985776915,10,50,0.15789473684210525,0.4433333333333333,0.7186857142857144,0.8098701298701299,0.5,0.0,0.00076277650648355,1.577688340293081,0.5,0.00076277650648355,1.6781399222969102,0.048780487804878,0.0526315789473684,0.21658385093167706,0.28857142857142853,0.5,0.0,0.00076277650648355,2.5536749071582707,0.5,0.00076277650648355,2.7136165840452713,1.78775104082116
2023-09-29,171.21,0.0030464584920031,17,174.16199999999998,38.24575673540761,10,50,0.4444444444444444,0.4433333333333333,0.7186857142857144,0.8098701298701299,0.5,0.0,0.00152322924600155,1.580091521314091,0.5,0.00152322924600155,1.6806961141054355,0.103448275862069,0.0526315789473684,0.21658385093167706,0.28857142857142853,0.5,0.0,0.00152322924600155,2.5575647394616343,0.5,0.00152322924600155,2.7177500441885236,1.7931973501610572
2023-10-02,173.75,0.0148355820337595,17,173.74,44.03422440172188,10,50,0.75,0.4433333333333333,0.7186857142857144,0.8098701298701299,0.5,0.0,0.00741779101687975,1.5918123100067425,0.5,0.00741779101687975,1.6931631666427516,0.2272727272727273,0.0526315789473684,0.21658385093167706,0.28857142857142853,0.5,0.0,0.00741779101687975,2.5765362202111013,0.5,0.00741779101687975,2.7379097460524298,1.8198004765520919
2023-10-03,172.4,-0.0077697841726618,17,173.073,41.79202144548094,10,50,0.34782608695652173,0.4433333333333333,0.7186857142857144,0.8098701298701299,0.5,0.0,-0.0038848920863309,1.5856282909606731,0.5,-0.0038848920863309,1.6865854104557942,0.0416666666666666,0.0526315789473684,0.21658385093167706,0.28857142857142853,0.5,0.0,-0.0038848920863309,2.566526655039058,0.5,-0.0038848920863309,2.7272732621469022,1.805661019611975
2023-10-04,173.66,0.0073085846867748,17,172.89,44.626095392657135,10,50,0.43859649122807015,0.4433333333333333,0.7186857142857144,0.8098701298701299,-1.0,1.5,-0.0080585846867748,1.5728503710962205,-1.0,-0.0080585846867748,1.6729939190941574,-0.15,0.0526315789473684,0.21658385093167706,0.28857142857142853,-1.0,1.5,-0.0080585846867748,2.545844082638561,-1.0,-0.0080585846867748,2.705295299599915,1.8188578460894174
2023-10-05,174.91,0.0071979730507889,17,172.988,47.36410413616729,10,50,0.6363636363636364,0.4433333333333333,0.7186857142857144,0.8098701298701299,0.5,1.5,0.0028489865253944497,1.5773314006099353,0.5,0.0028489865253944497,1.6777602562267235,0.0769230769230769,0.0526315789473684,0.21658385093167706,0.28857142857142853,0.5,1.5,0.0028489865253944497,2.5530971581257536,0.5,0.0028489865253944497,2.7130026494556883,1.831949935848785
2023-10-06,177.49,0.0147504430850151,17,173.25799999999998,52.576286658498034,10,50,0.38095238095238093,0.4433333333333333,0.7186857142857144,0.8098701298701299,0.5,0.0,0.00737522154250755,1.5889645691353873,0.5,0.00737522154250755,1.6901341098116098,0.1666666666666667,0.0526315789473684,0.21658385093167706,0.28857142857142853,0.5,0.0,0.00737522154250755,2.5719268152864774,0.5,0.00737522154250755,2.733011645040834,1.8589720091121196
2023-10-09,178.99,0.0084511803481885,17,173.549,55.34491555888932,10,50,0.3333333333333333,0.4433333333333333,0.7186857142857144,0.8098701298701299,0.5,0.0,0.00422559017409425,1.5956788822057095,0.5,0.00422559017409425,1.6972759238989312,0.0,0.0526315789473684,0.21658385093167706,0.28857142857142853,0.5,0.0,0.00422559017409425,2.5827947239656415,0.5,0.00422559017409425,2.7445602321938036,1.8746825168233605
2023-10-10,178.39,-0.0033521425777978,17,174.192,53.98721258024621,10,50,0.7,0.4433333333333333,0.7186857142857144,0.8098701298701299,1.0,0.5,-0.0036021425777978,1.5899310193636236,1.0,-0.0036021425777978,1.6911620940271839,0.0,0.0526315789473684,0.21658385093167706,0.28857142857142853,0.5,0.0,-0.0016760712888989,2.578465775883683,0.5,-0.0016760712888989,2.73996015358797,1.8683983137388638
2023-10-11,179.8,0.0079040304949831,17,175.129,56.67688426011902,10,50,0.5909090909090909,0.4433333333333333,0.7186857142857144,0.8098701298701299,1.0,0.0,0.0079040304949831,1.6024978826255933,1.0,0.0079040304949831,1.7045290907903343,0.0434782608695652,0.0526315789473684,0.21658385093167706,0.28857142857142853,0.5,0.0,0.00395201524749155,2.5886559119451102,0.5,0.00395201524749155,2.7507885178924685,1.8831661909874309
2023-10-12,180.71,0.0050611790878754,17,176.13100000000003,58.36830549261766,10,50,0.5454545454545454,0.4433333333333333,0.7186857142857144,0.8098701298701299,0.5,0.5,0.0022805895439377,1.6061525225408917,0.5,0.0022805895439377,1.7084164220121285,0.0769230769230769,0.0526315789473684,0.21658385093167706,0.28857142857142853,0.5,0.0,0.0025305895439377,2.5952067375287315,0.5,0.0025305895439377,2.757749634553431,1.8926972323322504
2023-10-13,178.85,-0.0102927342150407,17,176.895,53.74917596465519,10,50,0.7777777777777778,0.4433333333333333,0.7186857142857144,0.8098701298701299,0.5,0.0,-0.00514636710752035,1.5978866720292264,0.5,-0.00514636710752035,1.6996242839319378,0.2608695652173913,0.0526315789473684,0.21658385093167706,0.28857142857142853,1.0,0.5,-0.0105427342150407,2.5678461626618834,1.0,-0.0105427342150407,2.7286754131247086,1.8732162027703114
2023-10-16,178.72,-0.0007268660889012,17,177.392,53.43090962115993,10,50,0.56,0.4433333333333333,0.7186857142857144,0.8098701298701299,0.5,0.0,-0.0003634330444506,1.5973059472113238,0.5,-0.0003634330444506,1.699006584304006,0.2962962962962963,0.0526315789473684,0.21658385093167706,0.28857142857142853,0.5,0.5,-0.0006134330444506,2.566270960972641,0.5,-0.0006134330444506,2.727001553458718,1.8718546254353374
2023-10-17,177.15,-0.0087846911369739,17,177.86700000000002,49.61030754772385,10,50,0.47058823529411764,0.4433333333333333,0.7186857142857144,0.8098701298701299,0.5,0.0,-0.00439234556848695,1.5902900275125722,0.5,-0.00439234556848695,1.6915439602626081,-0.0555555555555555,0.0526315789473684,0.21658385093167706,0.28857142857142853,0.5,0.0,-0.00439234556848695,2.554999012089676,0.5,-0.00439234556848695,2.7150236202701263,1.855410960697572
2023-10-18,175.84,-0.0073948631103584,17,178.085,46.61513068656599,10,50,0.6923076923076923,0.4433333333333333,0.7186857142857144,0.8098701298701299,0.5,0.0,-0.0036974315551792,1.5844100389829605,0.5,-0.0036974315551792,1.6852895922469604,0.0666666666666666,0.0526315789473684,0.21658385093167706,0.28857142857142853,-1.0,1.5,0.0066448631103584,2.5719766307721126,-1.0,0.0066448631103584,2.733064580568211,1.841690450629755
2023-10-19,175.46,-0.0021610555050045,17,178.14,45.75223197116943,10,50,0.7142857142857143,0.4433333333333333,0.7186857142857144,0.8098701298701299,0.5,0.0,-0.00108052775250225,1.5826980399644963,0.5,-0.00108052775250225,1.6834685900715345,0.2692307692307692,0.0526315789473684,0.21658385093167706,0.28857142857142853,-1.0,0.0,0.0021610555050045,2.5775348150287853,-1.0,0.0021610555050045,2.7389708848255805,1.8377104553429073
2023-10-20,172.88,-0.0147042060868575,17,177.679,40.29796021293364,10,50,0.5217391304347826,0.4433333333333333,0.7186857142857144,0.8098701298701299,0.5,0.0,-0.00735210304342875,1.5710618808880448,0.5,-0.00735210304342875,1.671091555526953,0.0434782608695652,0.0526315789473684,0.21658385093167706,0.28857142857142853,-1.0,0.0,0.0147042060868575,2.6154354181450183,-1.0,0.0147042060868575,2.779245277181958,1.8106883820795725
2023-10-23,173.0,0.0006941230911614,17,177.07999999999998,40.65234435416381,10,50,0.45454545454545453,0.4433333333333333,0.7186857142857144,0.8098701298701299,0.5,0.0,0.0003470615455807,1.5716071360526287,0.5,0.0003470615455807,1.671671527145021,0.0294117647058823,0.0526315789473684,0.21658385093167706,0.28857142857142853,-1.0,0.0,-0.0006941230911614,2.6136199840278427,-1.0,-0.0006941230911614,2.7773161388590646,1.8119452226964716
2023-10-24,173.44,0.002543352601156,17,176.58499999999998,42.01154251940527,10,50,0.696969696969697,0.4433333333333333,0.7186857142857144,0.8098701298701299,0.5,0.0,0.001271676300578,1.5736057116013662,0.5,0.001271676300578,1.6737973522084424,-0.0909090909090909,0.0526315789473684,0.21658385093167706,0.28857142857142853,0.5,1.5,0.000521676300578,2.614983447632227,0.5,0.000521676300578,2.77876499886792,1.8165536382917689
2023-10-25,171.1,-0.0134916974169742,17,175.715,37.139975429695134,10,50,0.6296296296296297,0.4433333333333333,0.7186857142857144,0.8098701298701299,0.5,0.0,-0.0067458487084871,1.5629904055440922,0.5,-0.0067458487084871,1.6625061685017781,0.037037037037037,0.0526315789473684,0.21658385093167706,0.28857142857142853,0.5,0.0,-0.0067458487084871,2.597343164919302,0.5,-0.0067458487084871,2.760019870589118,1.7920452462622327
2023-10-26,166.89,-0.0246054938632379,17,174.333,30.326441341459912,10,50,-0.07142857142857142,0.4433333333333333,0.7186857142857144,0.8098701298701299,0.5,0.0,-0.01230274693161895,1.5437613301281348,0.5,-0.01230274693161895,1.6420527758384453,-0.25,0.0526315789473684,0.21658385093167706,0.28857142857142853,0.5,0.0,-0.01230274693161895,2.56538870926673,0.5,-0.01230274693161895,2.72606404459502,1.7479510879526827
2023-10-27,168.22,0.0079693211097131,17,173.27,34.41960471662421,10,50,0.5161290322580645,0.4433333333333333,0.7186857142857144,0.8098701298701299,0.5,0.0,0.00398466055485655,1.5499126950064093,0.5,0.00398466055485655,1.6485957987633215,0.1875,0.0526315789473684,0.21658385093167706,0.28857142857142853,0.5,0.0,0.00398466055485655,2.5756109124644193,0.5,0.00398466055485655,2.7369264844635306,1.7618810714566502
2023-10-30,170.29,0.0123053144691474,17,172.427,40.29830274084482,10,50,0.46808510638297873,0.4433333333333333,0.7186857142857144,0.8098701298701299,0.5,0.0,0.0061526572345737,1.559448776562298,0.5,0.0061526572345737,1.6587390436314704,-0.0204081632653061,0.0526315789473684,0.21658385093167706,0.28857142857142853,0.5,0.0,0.0061526572345737,2.59145776357844,0.5,0.0061526572345737,2.7537658549986612,1.7835615720981626
2023-10-31,170.77,0.0028187210053438,17,171.789,41.605480901752166,10,50,0.65,0.4433333333333333,0.7186857142857144,0.8098701298701299,0.5,0.0,0.0014093605026719,1.561646602073925,0.5,0.0014093605026719,1.6610768049238045,0.1463414634146341,0.0526315789473684,0.21658385093167706,0.28857142857142853,0.5,0.0,0.0014093605026719,2.59511006179477,0.5,0.0014093605026719,2.757646903828303,1.7885889345657597
2023-11-01,173.97,0.0187386543303857,17,171.602,49.53791891446003,10,50,0.43243243243243246,0.4433333333333333,0.7186857142857144,0.8098701298701299,0.5,0.0,0.00936932716519285,1.5762781800051675,0.5,0.00936932716519285,1.6766399769556488,0.1621621621621622,0.0526315789473684,0.21658385093167706,0.28857142857142853,0.5,0.0,0.00936932716519285,2.6194244969934095,0.5,0.00936932716519285,2.7834841998763515,1.8221046843497406
2023-11-02,177.57,0.0206932229694774,17,171.813,56.6692135231258,10,50,0.2857142857142857,0.4433333333333333,0.7186857142857144,0.8098701298701299,0.5,0.0,0.0103466114847387,1.5925873179255519,0.5,0.0103466114847387,1.69398751939699,0.0588235294117647,0.0526315789473684,0.21658385093167706,0.28857142857142853,0.5,0.0,0.0103466114847387,2.646526664577407,0.5,0.0103466114847387,2.812283829466381,1.859809902856719
2023-11-03,176.65,-0.0051810553584501,17,172.19,54.54768180209855,10,50,0.21875,0.4433333333333333,0.7186857142857144,0.8098701298701299,1.0,0.5,-0.0054310553584501,1.5839378880387325,1.0,-0.0054310553584501,1.6847873794026214,-0.1230769230769231,0.0526315789473684,0.21658385093167706,0.28857142857142853,0.5,0.0,-0.00259052767922505,2.6396707639990122,0.5,-0.00259052767922505,2.804998530364311,1.8501741247938246
2023-11-06,179.23,0.0146051514293801,17,172.81300000000002,59.16463381558989,10,50,0.41379310344827586,0.4433333333333333,0.7186857142857144,0.8098701298701299,1.0,0.0,0.0146051514293801,1.6070715407482707,1.0,0.0146051514293801,1.709393954205105,0.0344827586206896,0.0526315789473684,0.21658385093167706,0.28857142857142853,0.5,0.0,0.00730257571469005,2.6589471596149687,1.0,0.0143551514293801,2.8452647090268792,1.8771961980571592
2023-11-07,181.82,0.0144507057970206,17,173.651,63.20526945977521,10,50,0.5652173913043478,0.4433333333333333,0.7186857142857144,0.8098701298701299,1.0,0.0,0.0144507057970206,1.6302948587783888,1.0,0.0144507057970206,1.7340959033285288,0.1666666666666667,0.0526315789473684,0.21658385093167706,0.28857142857142853,1.0,0.5,0.0142007057970206,2.6967060859584846,1.0,0.0144507057970206,2.886380792251672,1.904323008038569
2023-11-08,182.89,0.0058849411505883,17,174.82999999999998,64.75678952567142,10,50,0.5172413793103449,0.4433333333333333,0.7186857142857144,0.8098701298701299,1.0,0.0,0.0058849411505883,1.6398890480804063,1.0,0.0058849411505883,1.7443009556690936,0.0666666666666666,0.0526315789473684,0.21658385093167706,0.28857142857142853,1.0,0.0,0.0058849411505883,2.7125760425747836,1.0,0.0058849411505883,2.903366973352262,1.9155298368725873
2023-11-09,182.41,-0.0026245284050521,17,176.382,63.46396052933854,10,50,0.2,0.4433333333333333,0.7186857142857144,0.8098701298701299,0.5,0.5,-0.00156226420252605,1.6373271081244758,0.5,-0.00156226420252605,1.7415758967276198,0.0,0.0526315789473684,0.21658385093167706,0.28857142857142853,0.5,0.5,-0.00156226420252605,2.708338282126839,0.5,-0.00156226420252605,2.8988311470629973,1.9105024744049903
2023-11-10,186.4,0.0218738007784662,17,178.2,69.00362025911373,10,50,0.4074074074074074,0.4433333333333333,0.7186857142857144,0.8098701298701299,0.5,0.0,0.0109369003892331,1.655234391610624,0.5,0.0109369003892331,1.7606233388304189,0.0,0.0526315789473684,0.21658385093167706,0.28857142857142853,0.5,0.0,0.0109369003892331,2.737959108138807,0.5,0.0109369003892331,2.930535374563631,1.9522924249168918
2023-11-13,184.8,-0.0085836909871244,17,179.651,64.76308278707477,10,50,0.75,0.4433333333333333,0.7186857142857144,0.8098701298701299,1.0,0.5,-0.0088336909871244,1.640612562483875,1.0,-0.0088336909871244,1.7450705363104717,0.1538461538461539,0.0526315789473684,0.21658385093167706,0.28857142857142853,0.5,0.0,-0.0042918454935622,2.726208210678984,0.5,-0.0042918454935622,2.9179579695225857,1.9355345500249015
2023-11-14,187.44,0.0142857142857142,17,181.318,68.23209790115328,10,50,0.42857142857142855,0.4433333333333333,0.7186857142857144,0.8098701298701299,1.0,0.0,0.0142857142857142,1.664049884805073,1.0,0.0142857142857142,1.7700001154006213,0.2857142857142857,0.0526315789473684,0.21658385093167706,0.28857142857142853,0.5,0.0,0.0071428571428571,2.745681126469548,0.5,0.0071428571428571,2.938800526447747,1.9631850435966858
2023-11-15,188.01,0.0030409731113956,17,182.722,68.94302177011022,10,50,0.5172413793103449,0.4433333333333333,0.7186857142857144,0.8098701298701299,0.5,0.5,0.0012704865556978,1.6661640378117284,0.5,0.0012704865556978,1.7722488767508213,0.1379310344827586,0.0526315789473684,0.21658385093167706,0.28857142857142853,0.5,0.0,0.0015204865556978,2.749855897708578,0.5,0.0015204865556978,2.943268933138088,1.9691550365269572
2023-11-16,189.71,0.0090420722302007,17,183.936,71.02562879467138,10,50,0.44,0.4433333333333333,0.7186857142857144,0.8098701298701299,1.0,0.5,0.0087920722302007,1.6808130723795318,1.0,0.0087920722302007,1.7878306168851064,0.1153846153846154,0.0526315789473684,0.21658385093167706,0.28857142857142853,0.5,0.0,0.00452103611510035,2.7622880955334397,0.5,0.00452103611510035,2.9565755582812576,1.9869602785996974
2023-11-17,189.69,-0.0001054240683148,17,185.24,70.96533672993556,10,50,0.39285714285714285,0.4433333333333333,0.7186857142857144,0.8098701298701299,0.5,0.5,-0.0003027120341574,1.6803042700353534,0.5,-0.0003027120341574,1.78728941904234,-0.1333333333333333,0.0526315789473684,0.21658385093167706,0.28857142857142853,0.5,0.0,-5.27120341574e-05,2.7621424897089955,0.5,-5.27120341574e-05,2.9564197111694406,1.9867508051635474
2023-11-20,191.45,0.0092782961674309,17,186.462,73.12718674052161,10,50,0.7333333333333333,0.4433333333333333,0.7186857142857144,0.8098701298701299,1.0,0.5,0.0090282961674309,1.6954745546366312,1.0,0.0090282961674309,1.8034255972543698,0.2105263157894737,0.0526315789473684,0.21658385093167706,0.28857142857142853,0.5,0.0,0.00463914808371545,2.774956477747078,0.5,0.00463914808371545,2.9701349800071704,2.0051844675447366
2023-11-21,190.64,-0.0042308696787672,17,187.344,70.52459295604535,10,50,0.3103448275862069,0.4433333333333333,0.7186857142857144,0.8098701298701299,1.0,0.0,-0.0042308696787672,1.6883012227522978,1.0,-0.0042308696787672,1.7957955385770337,0.0967741935483871,0.0526315789473684,0.21658385093167706,0.28857142857142853,1.0,0.5,-0.004480869678767201,2.7625222594060426,1.0,-0.004480869678767201,2.9568261922334105,1.9967007933806666
2023-11-22,191.31,0.0035144775493076,17,188.186,71.43034027497706,10,50,0.5625,0.4433333333333333,0.7186857142857144,0.8098701298701299,0.5,0.5,0.0015072387746538,1.6908458958185253,0.5,0.0015072387746538,1.7985022312441272,0.25,0.0526315789473684,0.21658385093167706,0.28857142857142853,0.5,0.5,0.0015072387746538,2.7666860400712636,0.5,0.0015072387746538,2.9612828353202563,2.003718153491688
2023-11-24,189.97,-0.0070043385081804,17,188.942,66.99617445700353,10,50,0.56,0.4433333333333333,0.7186857142857144,0.8098701298701299,1.0,0.5,-0.0072543385081804005,1.6785799273250903,1.0,-0.0072543385081804005,1.7854552872509646,0.1923076923076923,0.0526315789473684,0.21658385093167706,0.28857142857142853,0.5,0.0,-0.0035021692540902,2.7569966372860053,0.5,-0.0035021692540902,2.9509119216217328,1.989683433269646
2023-11-27,189.79,-0.0009475180291624,17,189.281,66.3998961618584,10,50,0.8148148148148148,0.4433333333333333,0.7186857142857144,0.8098701298701299,0.5,0.5,-0.0007237590145812,1.6773650399709936,0.5,-0.0007237590145812,1.784163047891685,0.3103448275862069,0.0526315789473684,0.21658385093167706,0.28857142857142853,0.5,0.0,-0.0004737590145812,2.7556904852759208,0.5,-0.0004737590145812,2.9495139004976294,1.9877981723442975
2023-11-28,190.4,0.0032140787185837,17,189.841,67.45695508147138,10,50,0.625,0.4433333333333333,0.7186857142857144,0.8098701298701299,0.5,0.0,0.00160703935929185,1.680060631610127,0.5,0.00160703935929185,1.7870302681330408,0.12,0.0526315789473684,0.21658385093167706,0.28857142857142853,0.5,0.0,0.00160703935929185,2.760118988347785,0.5,0.00160703935929185,2.9542538854265072,1.9941871121468688
2023-11-29,189.37,-0.0054096638655461,17,190.034,63.80674993830721,10,50,0.7586206896551724,0.4433333333333333,0.7186857142857144,0.8098701298701299,0.5,0.0,-0.00270483193277305,1.675516349964753,0.5,-0.00270483193277305,1.7821966515989625,0.1666666666666667,0.0526315789473684,0.21658385093167706,0.28857142857142853,0.5,0.0,-0.00270483193277305,2.7526533303698484,0.5,-0.00270483193277305,2.9462631251796867,1.9833992301851502
2023-11-30,189.95,0.003062787136294,17,190.228,64.95667950783613,10,50,0.8461538461538461,0.4433333333333333,0.7186857142857144,0.8098701298701299,0.5,0.0,0.001531393568147,1.678082224926414,0.5,0.001531393568147,1.784925896088394,0.4615384615384616,0.0526315789473684,0.21658385093167706,0.28857142857142853,0.5,0.0,0.001531393568147,2.756868725975315,0.5,0.001531393568147,2.9507750135796553,1.9894739598334967
2023-12-01,191.24,0.0067912608581206,17,190.381,67.43491341976663,10,50,0.4090909090909091,0.4433333333333333,0.7186857142857144,0.8098701298701299,0.5,0.0,0.0033956304290603,1.6837803719918394,0.5,0.0033956304290603,1.7909868447747694,0.0909090909090909,0.0526315789473684,0.21658385093167706,0.28857142857142853,0.5,0.0,0.0033956304290603,2.7662300333101615,0.5,0.0033956304290603,2.9607947550050775,2.0029849964651643
2023-12-04,189.43,-0.0094645471658648,17,190.355,60.924581275869826,10,50,0.6,0.4433333333333333,0.7186857142857144,0.8098701298701299,0.5,0.0,-0.0047322735829324,1.6758122626180023,0.5,-0.0047322735829324,1.7825114050418625,0.3809523809523809,0.0526315789473684,0.21658385093167706,0.28857142857142853,0.5,0.0,-0.0047322735829324,2.753139475999214,0.5,-0.0047322735829324,2.946783464201482,1.9840276504936003
2023-12-05,193.42,0.0210631895687061,17,190.552,68.21045524428311,10,50,0.7083333333333334,0.4433333333333333,0.7186857142857144,0.8098701298701299,0.5,0.0,0.01053159478435305,1.6934612383025447,0.5,0.01053159478435305,1.801284092858251,0.1666666666666667,0.0526315789473684,0.21658385093167706,0.28857142857142853,0.5,0.0,0.01053159478435305,2.7821344253452436,0.5,0.01053159478435305,2.977817793563684,2.025817601005502
2023-12-06,192.32,-0.0056871057801675,18,190.71999999999997,64.6325114137174,10,45,0.7,0.4216300940438872,0.6872626262626264,0.7827329192546584,0.5,0.0,-0.00284355289008375,1.6886457917041247,0.5,-0.00284355289008375,1.796162046270142,0.1463414634146341,0.0434782608695652,0.2142857142857143,0.2857142857142857,0.5,0.0,-0.00284355289008375,2.7742232789594516,0.5,-0.00284355289008375,2.9693502111706533,2.0142965620172584
2023-12-07,194.27,0.0101393510815308,18,191.016,67.8518399666763,10,45,0.4411764705882353,0.4216300940438872,0.6872626262626264,0.7827329192546584,0.5,0.0,0.0050696755407654,1.6972066779713433,0.5,0.0050696755407654,1.8052680050633687,0.1142857142857143,0.0434782608695652,0.2142857142857143,0.2857142857142857,0.5,0.0,0.0050696755407654,2.7882876908614143,0.5,0.0050696755407654,2.9844038533081916,2.034720222041872
2023-12-08,195.71,0.0074123642353425,18,191.58999999999995,70.0219279522521,10,45,0.6136363636363636,0.4216300940438872,0.6872626262626264,0.7827329192546584,0.5,0.0,0.00370618211767125,1.7034968350112327,0.5,0.00370618211767125,1.8119586570613384,0.1555555555555556,0.0434782608695652,0.2142857142857143,0.2857142857142857,0.5,0.0,0.00370618211767125,2.7986215928402074,0.5,0.00370618211767125,2.9954645975012313,2.0498023094446634
2023-12-11,193.18,-0.0129272903786213,18,191.929,62.091508725860905,10,45,0.52,0.4216300940438872,0.6872626262626264,0.7827329192546584,0.5,0.0,-0.00646364518931065,1.6924860358886065,0.5,-0.00646364518931065,1.800246799204394,0.1,0.0434782608695652,0.2142857142857143,0.2857142857142857,0.5,0.0,-0.00646364518931065,2.780532295844945,0.5,-0.00646364518931065,2.976102977165842,2.0233039197717035
2023-12-12,194.71,0.0079200745418781,18,192.36,64.69554587553013,10,45,0.21875,0.4216300940438872,0.6872626262626264,0.7827329192546584,0.5,0.0,0.00396003727093905,1.6991883436712691,0.5,0.00396003727093905,1.807375843626132,-0.125,0.0434782608695652,0.2142857142857143,0.2857142857142857,0.5,0.0,0.00396003727093905,2.7915433073695404,0.5,0.00396003727093905,2.987888455877571,2.0393286376371695
2023-12-13,197.96,0.0166914899080683,18,193.219,69.48990773692245,10,45,0.5483870967741935,0.4216300940438872,0.6872626262626264,0.7827329192546584,0.5,0.0,0.00834574495403415,1.713369336216417,0.5,0.00834574495403415,1.8224597414531178,0.09375,0.0434782608695652,0.2142857142857143,0.2857142857142857,0.5,0.0,0.00834574495403415,2.8148408158409874,0.5,0.00834574495403415,3.012824610881428,2.073368071011525
2023-12-14,198.11,0.0007577288341078,18,194.035,69.69446544047409,10,45,0.7575757575757576,0.4216300940438872,0.6872626262626264,0.7827329192546584,1.0,0.5,0.0005077288341078,1.7142392632318901,1.0,0.0005077288341078,1.8233850568128542,0.2058823529411765,0.0434782608695652,0.2142857142857143,0.2857142857142857,1.0,0.5,0.0005077288341078,2.8162699916866134,1.0,0.0005077288341078,3.014354308808482,2.074939121782649
2023-12-15,197.57,-0.0027257584170411,18,194.668,67.92878007338584,10,45,0.4090909090909091,0.4216300940438872,0.6872626262626264,0.7827329192546584,0.5,0.5,-0.00161287920852055,1.7114744023657937,0.5,-0.00161287920852055,1.8204441569655936,0.1739130434782609,0.0434782608695652,0.2142857142857143,0.2857142857142857,0.5,0.5,-0.00161287920852055,2.8117276883714415,0.5,-0.00161287920852055,3.0094925194166904,2.069283339006602
2023-12-18,195.89,-0.00850331528066,18,195.314,62.61398440360201,10,45,-0.034482758620689655,0.4216300940438872,0.6872626262626264,0.7827329192546584,0.5,0.0,-0.00425165764033,1.704197799146746,0.5,-0.00425165764033,1.8127042516568368,-0.3103448275862069,0.0434782608695652,0.2142857142857143,0.2857142857142857,0.5,0.0,-0.00425165764033,2.7997731848626497,0.5,-0.00425165764033,2.9966971875529964,2.051687570370012
2023-12-19,196.94,0.0053601511052121,18,195.666,64.48431203381796,10,45,0.6216216216216216,0.4216300940438872,0.6872626262626264,0.7827329192546584,1.0,0.5,0.0051101511052121,1.7129065074135559,1.0,0.0051101511052121,1.8219674442918636,0.027027027027027,0.0434782608695652,0.2142857142857143,0.2857142857142857,0.5,0.0,0.00268007555260605,2.8072767885282417,0.5,0.00268007555260605,3.0047285624239204,2.062684925767881
2023-12-20,194.83,-0.0107139230222401,18,195.917,58.184944197842874,10,45,0.8333333333333334,0.4216300940438872,0.6872626262626264,0.7827329192546584,1.0,0.0,-0.0107139230222401,1.694554558948833,1.0,-0.0107139230222401,1.8024470253446931,0.2222222222222222,0.0434782608695652,0.2142857142857143,0.2857142857142857,1.0,0.5,-0.0109639230222401,2.7764980219166966,1.0,-0.0109639230222401,2.971784949762778,2.040585478254069
2023-12-21,194.68,-0.0007699019658163,18,195.95800000000003,57.75301649684273,10,45,0.34285714285714286,0.4216300940438872,0.6872626262626264,0.7827329192546584,0.5,0.5,-0.0006349509829081501,1.6934785998660369,0.5,-0.0006349509829081501,1.8013025598343106,-0.0277777777777777,0.0434782608695652,0.2142857142857143,0.2857142857142857,0.5,0.5,-0.0006349509829081501,2.7747350817686383,0.5,-0.0006349509829081501,2.969898011987935,2.039014427482945
2023-12-22,193.6,-0.0055475652352579,18,195.747,54.60970482969044,10,45,0.5555555555555556,0.4216300940438872,0.6872626262626264,0.7827329192546584,0.5,0.0,-0.00277378261762895,1.6887812583624018,0.5,-0.00277378261762895,1.7963061381047516,-0.1578947368421053,0.0434782608695652,0.2142857142857143,0.2857142857142857,0.5,0.0,-0.00277378261762895,2.7670385698303033,0.5,-0.00277378261762895,2.9616601605061517,2.0277028619308513
2023-12-26,193.05,-0.0028409090909089,18,195.734,53.02688138183544,10,45,0.45161290322580644,0.4216300940438872,0.6872626262626264,0.7827329192546584,0.5,0.0,-0.00142045454545445,1.6863824213476826,0.5,-0.00142045454545445,1.793754566885853,-0.03125,0.0434782608695652,0.2142857142857143,0.2857142857142857,0.5,0.0,-0.00142045454545445,2.76310811731634,0.5,-0.00142045454545445,2.9574532568690692,2.0219423424367298
2023-12-27,193.15,0.0005180005180005,18,195.578,53.29196096225775,10,45,0.575,0.4216300940438872,0.6872626262626264,0.7827329192546584,0.5,0.0,0.00025900025900025,1.686819194831585,0.5,0.00025900025900025,1.7942191497832591,0.119047619047619,0.0434782608695652,0.2142857142857143,0.2857142857142857,0.5,0.0,0.00025900025900025,2.7638237630343703,0.5,0.00025900025900025,2.9582192380285792,2.0229897096174794
2023-12-28,193.58,0.0022262490292519,18,195.14,54.481471337267635,10,45,0.5142857142857142,0.4216300940438872,0.6872626262626264,0.7827329192546584,0.5,0.0,0.00111312451462595,1.6886968346290934,0.5,0.00111312451462595,1.796216339103494,0.2222222222222222,0.0434782608695652,0.2142857142857143,0.2857142857142857,0.5,0.0,0.00111312451462595,2.7669002430191094,0.5,0.00111312451462595,2.9615121043820665,2.027493388494702
2023-12-29,192.53,-0.00542411406137,18,194.582,51.06184517425797,10,45,0.8333333333333334,0.4216300940438872,0.6872626262626264,0.7827329192546584,0.5,0.0,-0.002712057030685,1.684116992506042,0.5,-0.002712057030685,1.7913448979523972,0.25,0.0434782608695652,0.2142857142857143,0.2857142857142857,0.5,0.0,-0.002712057030685,2.7593962517618253,0.5,-0.002712057030685,2.9534803146579183,2.0164960330968333
2024-01-02,185.64,-0.0357866306549629,18,193.389,35.372366184362306,10,45,-0.22727272727272727,0.4216300940438872,0.6872626262626264,0.7827329192546584,0.5,0.0,-0.01789331532748145,1.6539825561107617,0.5,-0.01789331532748145,1.7592917988330599,-0.5454545454545454,0.0434782608695652,0.2142857142857143,0.2857142857142857,-1.0,1.5,0.0350366306549629,2.8560761990654937,-1.0,0.0350366306549629,3.0569603135892915,1.9443324343431991
2024-01-03,184.25,-0.0074876104287868,18,192.225,33.15880681901395,10,45,0.358974358974359,0.4216300940438872,0.6872626262626264,0.7827329192546584,-1.0,1.5,0.0067376104287868,1.6651264462298452,-1.0,0.0067376104287868,1.7711452216041565,-0.0256410256410256,0.0434782608695652,0.2142857142857143,0.2857142857142857,-1.0,0.0,0.0074876104287868,2.8774613849990263,-1.0,0.0074876104287868,3.0798496415137104,1.9297740305307827
2024-01-04,181.91,-0.0127001356852103,18,190.722,29.78018073120394,10,45,0.02857142857142857,0.4216300940438872,0.6872626262626264,0.7827329192546584,-1.0,0.0,0.0127001356852103,1.6862737780299963,-1.0,0.0127001356852103,1.7936390062367413,-0.1142857142857143,0.0434782608695652,0.2142857142857143,0.2857142857142857,0.5,1.5,-0.0071000678426051496,2.8570312139510565,0.5,-0.0071000678426051496,3.05798250011394,1.9052656385012465
2024-01-05,181.18,-0.0040129734484084,18,189.35700000000003,28.79448639946804,10,45,0.21212121212121213,0.4216300940438872,0.6872626262626264,0.7827329192546584,-1.0,0.0,0.0040129734484084,1.693040749927978,-1.0,0.0040129734484084,1.8008368319447992,-0.1212121212121212,0.0434782608695652,0.2142857142857143,0.2857142857142857,0.5,0.0,-0.0020064867242042,2.8512986187496265,0.5,-0.0020064867242042,3.0518466988246127,1.897619858081776
2024-01-08,185.56,0.0241748537366155,18,188.445,41.34010653877534,10,45,0.45161290322580644,0.4216300940438872,0.6872626262626264,0.7827329192546584,0.5,1.5,0.01133742686830775,1.7122354756153513,0.5,0.01133742686830775,1.8212536878287282,0.0625,0.0434782608695652,0.2142857142857143,0.2857142857142857,0.5,0.0,0.01208742686830775,2.8857634822834695,0.5,0.01208742686830775,3.0887356726099418,1.9434945405986002
2024-01-09,185.14,-0.0022634188402673,18,187.599,40.601387572159496,10,45,0.6666666666666666,0.4216300940438872,0.6872626262626264,0.7827329192546584,0.5,0.0,-0.00113170942013365,1.7102977225981104,0.5,-0.00113170942013365,1.8191925578737593,0.1875,0.0434782608695652,0.2142857142857143,0.2857142857142857,0.5,0.0,-0.00113170942013365,2.8824976365662915,0.5,-0.00113170942013365,3.085240121352946,1.9390955984394527
2024-01-10,186.19,0.0056713838176516,18,186.913,43.32786510590984,10,45,0.4230769230769231,0.4216300940438872,0.6872626262626264,0.7827329192546584,0.5,0.0,0.0028356919088258,1.715147600011765,0.5,0.0028356919088258,1.8243512274907179,-0.074074074074074,0.0434782608695652,0.2142857142857143,0.2857142857142857,0.5,0.0,0.0028356919088258,2.8906715117915116,0.5,0.0028356919088258,3.0939889118018513,1.9500929538373217
2024-01-11,185.59,-0.0032225146355873,18,186.157,42.137604391030514,10,45,0.5172413793103449,0.4216300940438872,0.6872626262626264,0.7827329192546584,0.5,0.0,-0.00161125731779365,1.7123840558901497,0.5,-0.00161125731779365,1.8214117282251976,0.0689655172413793,0.0434782608695652,0.2142857142857143,0.2857142857142857,0.5,0.0,-0.00161125731779365,2.8860138961648,0.5,-0.00161125731779365,3.089003699526538,1.9438087507528252
2024-01-12,185.92,0.0017781130448837,18,185.391,43.064026545798335,10,45,0.6206896551724138,0.4216300940438872,0.6872626262626264,0.7827329192546584,0.5,0.0,0.00088905652244185,1.7139064621039641,0.5,0.00088905652244185,1.8230310662022282,0.2333333333333333,0.0434782608695652,0.2142857142857143,0.2857142857142857,0.5,0.0,0.00088905652244185,2.8885797256430426,0.5,0.00088905652244185,3.091749998413449,1.947265062449298
2024-01-16,183.63,-0.0123171256454388,18,184.501,38.46198587953358,10,45,0.06818181818181818,0.4216300940438872,0.6872626262626264,0.7827329192546584,0.5,0.0,-0.0061585628227194,1.703351261484832,0.5,-0.0061585628227194,1.8118038148532527,-0.0869565217391304,0.0434782608695652,0.2142857142857143,0.2857142857142857,0.5,0.0,-0.0061585628227194,2.870790225934236,0.5,-0.0061585628227194,3.072709261816077,1.9232803540101366
2024-01-17,182.68,-0.0051734466045852,18,184.205,36.70937457261999,10,45,0.2553191489361702,0.4216300940438872,0.6872626262626264,0.7827329192546584,0.5,0.0,-0.0025867233022926,1.6989451630847598,0.5,-0.0025867233022926,1.8071171797061891,0.0212765957446808,0.0434782608695652,0.2142857142857143,0.2857142857142857,-1.0,1.5,0.004423446604585201,2.883489013211621,-1.0,0.004423446604585201,3.0863012271671346,1.9133303657930174
2024-01-18,188.63,0.0325706152835558,18,184.643,51.58858080223161,10,45,0.7619047619047619,0.4216300940438872,0.6872626262626264,0.7827329192546584,0.5,0.0,0.0162853076417779,1.7266130077321058,0.5,0.0162853076417779,1.8365466389224465,0.2727272727272727,0.0434782608695652,0.2142857142857143,0.2857142857142857,0.5,1.5,0.0155353076417779,2.92828490211355,0.5,0.0155353076417779,3.1342478662063726,1.975648713047607
2024-01-19,191.56,0.0155330541271272,18,185.608,56.955151967272144,10,45,0.7037037037037037,0.4216300940438872,0.6872626262626264,0.7827329192546584,1.0,0.5,0.0152830541271272,1.7530009277858773,1.0,0.0152830541271272,1.8646146806120918,0.1071428571428571,0.0434782608695652,0.2142857142857143,0.2857142857142857,1.0,0.5,0.0152830541271272,2.973038038772201,1.0,0.0152830541271272,3.1821487459934374,2.0063365714435646
2024-01-22,193.89,0.0121632908749216,18,186.879,60.6872691823267,10,45,0.5238095238095238,0.4216300940438872,0.6872626262626264,0.7827329192546584,0.5,0.5,0.0058316454374608,1.7632238076482643,0.5,0.0058316454374608,1.8754884523069055,0.1904761904761905,0.0434782608695652,0.2142857142857143,0.2857142857142857,0.5,0.5,0.0058316454374608,2.990375742486404,0.5,0.0058316454374608,3.2007059092093315,2.0307402267550256
2024-01-23,195.18,0.0066532570013926,18,187.841,62.619663600800315,10,45,0.5555555555555556,0.4216300940438872,0.6872626262626264,0.7827329192546584,0.5,0.0,0.0033266285006963,1.7690893982198932,0.5,0.0033266285006963,1.8817275056450764,0.0,0.0434782608695652,0.2142857142857143,0.2857142857142857,0.5,0.0,0.0033266285006963,3.0003236116591503,0.5,0.0033266285006963,3.2113534687092544,2.0442512633866934
2024-01-24,194.5,-0.0034839635208525,18,188.777,60.919758715268955,10,45,0.7,0.4216300940438872,0.6872626262626264,0.7827329192546584,0.5,0.0,-0.00174198176042625,1.7660076767556305,0.5,-0.00174198176042625,1.8784495706521502,0.2,0.0434782608695652,0.2142857142857143,0.2857142857142857,0.5,0.0,-0.00174198176042625,2.995097102652264,0.5,-0.00174198176042625,3.205759349540481,2.0371291665575977
2024-01-25,194.17,-0.0016966580976864,18,189.575,60.06755474096826,10,45,0.6944444444444444,0.4216300940438872,0.6872626262626264,0.7827329192546584,0.5,0.0,-0.0008483290488432,1.7645095211429584,0.5,-0.0008483290488432,1.876856027314579,0.1538461538461539,0.0434782608695652,0.2142857142857143,0.2857142857142857,0.5,0.0,-0.0008483290488432,2.992556274775978,0.5,-0.0008483290488432,3.203039810760665,2.0336728548611247
2024-01-26,192.42,-0.0090127208116599,18,190.258,55.62375502813291,10,45,0.75,0.4216300940438872,0.6872626262626264,0.7827329192546584,0.5,0.0,-0.00450636040582995,1.7565580053011698,0.5,-0.00450636040582995,1.8683982376256452,0.0625,0.0434782608695652,0.2142857142857143,0.2857142857142857,0.5,0.0,-0.00450636040582995,2.9790707376671093,0.5,-0.00450636040582995,3.188605758979156,2.0153439291980098
2024-01-29,191.73,-0.0035859058309947,18,190.839,53.92965938147431,10,45,0.6785714285714286,0.4216300940438872,0.6872626262626264,0.7827329192546584,0.5,0.0,-0.00179295291549735,1.7534085795043248,0.5,-0.00179295291549735,1.8650482875581842,0.0714285714285714,0.0434782608695652,0.2142857142857143,0.2857142857142857,0.5,0.0,-0.00179295291549735,2.9737294041025364,0.5,-0.00179295291549735,3.1828887389872227,2.0081170956508387
2024-01-30,188.04,-0.0192458144265372,18,191.28,45.881805524884115,10,45,0.5769230769230769,0.4216300940438872,0.6872626262626264,0.7827329192546584,0.5,0.0,-0.0096229072132686,1.7365356914368055,0.5,-0.0096229072132686,1.8471011009387461,0.2857142857142857,0.0434782608695652,0.2142857142857143,0.2857142857142857,0.5,0.0,-0.0096229072132686,2.945113481969489,0.5,-0.0096229072132686,3.152260095981791,1.9694692466811858
2024-01-31,184.4,-0.0193575834928737,18,191.452,39.603459726651145,10,45,0.71875,0.4216300940438872,0.6872626262626264,0.7827329192546584,0.5,0.0,-0.00967879174643685,1.719728124119134,0.5,-0.00967879174643685,1.829223394048146,0.21875,0.0434782608695652,0.2142857142857143,0.2857142857142857,0.5,0.0,-0.00967879174643685,2.9166083419078825,0.5,-0.00967879174643685,3.1217500269821805,1.9313450813019075
2024-02-01,186.86,0.0133405639913233,18,191.275,45.07366656513546,10,45,0.576271186440678,0.4216300940438872,0.6872626262626264,0.7827329192546584,0.5,0.0,0.00667028199566165,1.731199195662879,0.5,0.00667028199566165,1.8414248299195084,0.2542372881355932,0.0434782608695652,0.2142857142857143,0.2857142857142857,-1.0,1.5,-0.0140905639913233,2.8755116854286022,-1.0,-0.0140905639913233,3.077762808462073,1.9571103139483432
2024-02-02,185.85,-0.0054051161297229,18,190.704,43.33813370134268,10,45,0.7377049180327869,0.4216300940438872,0.6872626262626264,0.7827329192546584,-1.0,1.5,0.0046551161297229,1.7392581289623723,-1.0,0.0046551161297229,1.8499968763469388,0.1129032258064516,0.0434782608695652,0.2142857142857143,0.2857142857142857,-1.0,0.0,0.0054051161297229,2.891054160020719,-1.0,0.0054051161297229,3.0943984738615526,1.9465319054227739
2024-02-05,187.68,0.0098466505246166,18,190.083,47.297753451899226,10,45,0.42857142857142855,0.4216300940438872,0.6872626262626264,0.7827329192546584,0.5,1.5,0.0041733252623083,1.7465166188496462,1.0,0.008846650524616601,1.8663631521836124,0.0571428571428571,0.0434782608695652,0.2142857142857143,0.2857142857142857,-1.0,0.0,-0.0098466505246166,2.862586960059256,-1.0,-0.0098466505246166,3.063929013505531,1.965698724830488
2024-02-06,189.3,0.0086317135549871,18,189.495,50.58952895684339,10,45,0.5333333333333333,0.4216300940438872,0.6872626262626264,0.7827329192546584,-1.0,1.5,-0.009381713554987101,1.7301313002125742,-1.0,-0.009631713554987101,1.848386876912197,0.2,0.0434782608695652,0.2142857142857143,0.2857142857142857,0.5,1.5,0.0035658567774935505,2.8727945351719484,1.0,0.007631713554987101,3.087312042089419,1.9826660731586283
2024-02-07,189.41,0.0005810882197569,18,188.986,50.81417737975288,10,45,0.48,0.4216300940438872,0.6872626262626264,0.7827329192546584,0.5,1.5,-0.00045945589012155003,1.7293363811960079,1.0,-0.00041891178024310006,1.8476125658750115,0.2413793103448276,0.0434782608695652,0.2142857142857143,0.2857142857142857,0.5,0.0,0.00029054410987845,2.8736292087030333,1.0,0.0005810882197569,3.0891060427477908,1.9838181770574526
2024-02-08,188.32,-0.0057547120004224,18,188.401,48.46285658040327,10,45,0.4583333333333333,0.4216300940438872,0.6872626262626264,0.7827329192546584,0.5,0.0,-0.0028773560002112,1.72436046478319,0.5,-0.0031273560002112004,1.8418344236310566,0.32,0.0434782608695652,0.2142857142857143,0.2857142857142857,0.5,0.0,-0.0028773560002112,2.8653607544569892,0.5,-0.0031273560002112004,3.079445308429715,1.9724018747872838
2024-02-09,188.85,0.0028143585386575,18,188.044,49.682081165892015,10,45,0.5555555555555556,0.4216300940438872,0.6872626262626264,0.7827329192546584,0.5,0.0,0.00140717926932875,1.7267869490820829,0.5,0.00140717926932875,1.844426214849526,0.0,0.0434782608695652,0.2142857142857143,0.2857142857142857,-1.0,1.5,-0.0035643585386575,2.855147581385506,-1.0,-0.0035643585386575,3.0684690612502843,1.9779529208452555
2024-02-12,187.15,-0.0090018533227428,18,187.586,45.928839125234184,10,45,0.5714285714285714,0.4216300940438872,0.6872626262626264,0.7827329192546584,0.5,0.0,-0.0045009266613714,1.7190148076644511,0.5,-0.0045009266613714,1.8361245877241776,0.0666666666666666,0.0434782608695652,0.2142857142857143,0.2857142857142857,0.5,1.5,-0.0052509266613714,2.8401554108282587,0.5,-0.0052509266613714,3.052356755246972,1.9601476787725158
2024-02-13,185.04,-0.0112743788405023,18,187.286,41.716415903750296,10,45,0.5,0.4216300940438872,0.6872626262626264,0.7827329192546584,0.5,0.0,-0.00563718942025115,1.70932439557743,0.5,-0.00563718942025115,1.825774005623996,0.1052631578947368,0.0434782608695652,0.2142857142857143,0.2857142857142857,0.5,0.0,-0.00563718942025115,2.8241449167944688,0.5,-0.00563718942025115,3.035150042039462,1.9380482312587033
2024-02-14,184.15,-0.0048097708603543,18,187.261,40.04794366212053,10,45,0.875,0.4216300940438872,0.6872626262626264,0.7827329192546584,0.5,0.0,-0.00240488543017715,1.7052136662430595,0.5,-0.00240488543017715,1.8213832283190747,0.3888888888888889,0.0434782608695652,0.2142857142857143,0.2857142857142857,0.5,0.0,-0.00240488543017715,2.817353171831361,0.5,-0.00240488543017715,3.0278508539249596,1.928726663350034
2024-02-15,183.86,-0.0015748031496062,18,186.961,39.49366002889142,10,45,0.8846153846153846,0.4216300940438872,0.6872626262626264,0.7827329192546584,0.5,0.0,-0.0007874015748031,1.703870978316884,0.5,-0.0007874015748031,1.8199490682967765,0.1785714285714286,0.0434782608695652,0.2142857142857143,0.2857142857142857,0.5,0.0,-0.0007874015748031,2.8151347835070846,0.5,-0.0007874015748031,3.02546671939431,1.925689298525861
2024-02-16,182.31,-0.0084303274230392,18,186.60700000000003,36.57953365278684,10,45,0.8095238095238095,0.4216300940438872,0.6872626262626264,0.7827329192546584,-1.0,1.5,0.007680327423039201,1.7169572653169718,-1.0,0.007680327423039201,1.833926873034551,0.1904761904761905,0.0434782608695652,0.2142857142857143,0.2857142857142857,-1.0,1.5,0.007680327423039201,2.8367559403844056,-1.0,0.007680327423039201,3.0487032944067667,1.9094551072242452
2024-02-20,181.56,-0.004113871976304,19,185.995,35.22513079519706,10,40,0.3684210526315789,0.4090909090909091,0.620311986863711,0.7144642857142857,-1.0,0.0,0.004113871976304,1.7240206076952709,-1.0,0.004113871976304,1.8414714134041188,0.0526315789473684,-0.0149253731343283,0.1666666666666667,0.2321212121212121,-1.0,0.0,0.004113871976304,2.848425991151167,-1.0,0.004113871976304,3.0612452694536927,1.901599853368625
2024-02-21,182.32,0.0041859440405374,19,185.297,37.74078169225228,10,40,0.6896551724137931,0.4090909090909091,0.620311986863711,0.7144642857142857,-1.0,0.0,-0.0041859440405374,1.7168039539067252,-1.0,-0.0041859440405374,1.8337631171153599,0.2413793103448276,-0.0149253731343283,0.1666666666666667,0.2321212121212121,-1.0,0.0,-0.0041859440405374,2.836502639348596,-1.0,-0.0041859440405374,3.0484310680613995,1.90955984394232
2024-02-22,184.37,0.0112439666520405,19,184.793,44.052524254828676,10,40,0.7333333333333333,0.4090909090909091,0.620311986863711,0.7144642857142857,-1.0,0.0,-0.0112439666520405,1.6975002675009068,-1.0,-0.0112439666520405,1.8131443457787728,0.2,-0.0149253731343283,0.1666666666666667,0.2321212121212121,0.5,1.5,0.004871983326020251,2.850322032911715,0.5,0.004871983326020251,3.0632829733955167,1.9310308711476831
2024-02-23,182.52,-0.0100341704181807,19,184.213,40.10150756902278,10,40,0.75,0.4090909090909091,0.620311986863711,0.7144642857142857,-1.0,0.0,0.0100341704181807,1.7145332744699182,-1.0,0.0100341704181807,1.8313377451370778,0.0833333333333333,-0.0149253731343283,0.1666666666666667,0.2321212121212121,-1.0,1.5,0.0092841704181807,2.8767849084119628,-1.0,0.0092841704181807,3.091723014559632,1.9116545783038195
2024-02-26,181.16,-0.0074512382204691,19,183.444,37.442870452933825,10,40,0.5416666666666666,0.4090909090909091,0.620311986863711,0.7144642857142857,-1.0,0.0,0.0074512382204691,1.7273086703349143,-1.0,0.0074512382204691,1.8449834789382307,0.12,-0.0149253731343283,0.1666666666666667,0.2321212121212121,-1.0,0.0,0.0074512382204691,2.8982205180735905,-1.0,0.0074512382204691,3.1147601792528223,1.8974103846456272
2024-02-27,182.63,0.008114374034003,19,182.992,41.92467700677625,10,40,0.23809523809523808,0.4090909090909091,0.620311986863711,0.7144642857142857,-1.0,0.0,-0.008114374034003,1.7132926417116405,-1.0,-0.008114374034003,1.8300125929035698,0.0476190476190476,-0.0149253731343283,0.1666666666666667,0.2321212121212121,-1.0,0.0,-0.008114374034003,2.8747032727569195,-1.0,-0.008114374034003,3.0894858501321467,1.9128066822026435
2024-02-28,181.42,-0.0066254175108142,19,182.63,39.421117357122576,10,40,0.6666666666666666,0.4090909090909091,0.620311986863711,0.7144642857142857,-1.0,0.0,0.0066254175108142,1.7246439207811861,-1.0,0.0066254175108142,1.8421371903816037,0.0,-0.0149253731343283,0.1666666666666667,0.2321212121212121,0.5,1.5,-0.0040627087554071,2.863024190601492,0.5,-0.0040627087554071,3.0769341689191085,1.9001335393155756
2024-02-29,180.75,-0.0036930878624186,19,182.29,38.065630348437814,10,40,0.5555555555555556,0.4090909090909091,0.620311986863711,0.7144642857142857,-1.0,0.0,0.0036930878624186,1.7310131823120172,-1.0,0.0036930878624186,1.848940364880312,-0.0555555555555555,-0.0149253731343283,0.1666666666666667,0.2321212121212121,0.5,0.0,-0.0018465439312093,2.8577374906574313,0.5,-0.0018465439312093,3.0712524748027605,1.8931161792045548
2024-03-01,179.66,-0.006030428769018,19,181.87,35.90275926008327,10,40,0.10526315789473684,0.4090909090909091,0.620311986863711,0.7144642857142857,-1.0,0.0,0.006030428769018,1.7414519340061811,-1.0,0.006030428769018,1.8600902680488849,-0.3157894736842105,-0.0149253731343283,0.1666666666666667,0.2321212121212121,0.5,0.0,-0.003015214384509,2.84912079946845,0.5,-0.003015214384509,3.0619919901622765,1.881699876934386
2024-03-04,175.1,-0.0253812757430702,19,181.14899999999997,28.58525869748125,10,40,0.1111111111111111,0.4090909090909091,0.620311986863711,0.7144642857142857,0.5,1.5,-0.013440637871535101,1.7180457091905195,0.5,-0.013440637871535101,1.835089468347673,-0.037037037037037,-0.0149253731343283,0.1666666666666667,0.2321212121212121,0.5,0.0,-0.0126906378715351,2.8129636391501376,0.5,-0.0126906378715351,3.023133358649586,1.833939933492213
2024-03-05,170.12,-0.0284408909194745,19,180.005,23.05804143320005,10,40,-0.14814814814814814,0.4090909090909091,0.620311986863711,0.7144642857142857,0.5,0.0,-0.01422044545973725,1.6936143338856402,0.5,-0.01422044545973725,1.8089936786492968,-0.25,-0.0149253731343283,0.1666666666666667,0.2321212121212121,0.5,0.0,-0.01422044545973725,2.7729620431393793,0.5,-0.01422044545973725,2.9801430556053976,1.7817810478908926
2024-03-06,169.12,-0.0058782036209734,19,178.685,22.13259336173157,10,40,0.4,0.4090909090909091,0.620311986863711,0.7144642857142857,0.5,0.0,-0.0029391018104867,1.6886366289306507,0.5,-0.0029391018104867,1.8036768620532195,0.0666666666666666,-0.0149253731343283,0.1666666666666667,0.2321212121212121,0.5,0.0,-0.0029391018104867,2.7648120253779775,0.5,-0.0029391018104867,2.9713841117551585,1.7713073760833986
2024-03-07,169.0,-0.0007095553453169,19,177.148,22.01838941382921,10,40,0.2222222222222222,0.4090909090909091,0.620311986863711,0.7144642857142857,0.5,0.0,-0.00035477767265845,1.6880375383574728,0.5,-0.00035477767265845,1.8030369577738723,-0.0526315789473684,-0.0149253731343283,0.1666666666666667,0.2321212121212121,0.5,0.0,-0.00035477767265845,2.763831131802276,0.5,-0.00035477767265845,2.970329931015416,1.7700505354664993
2024-03-08,170.73,0.0102366863905325,19,175.969,27.80230178477632,10,40,0.5,0.4090909090909091,0.620311986863711,0.7144642857142857,0.5,0.0,0.00511834319526625,1.6966774938052787,0.5,0.00511834319526625,1.8122655197175075,0.0588235294117647,-0.0149253731343283,0.1666666666666667,0.2321212121212121,0.5,0.0,0.00511834319526625,2.777977368068601,0.5,0.00511834319526625,2.985533099005524,1.788169987693464
2024-03-11,172.75,0.0118315468868974,19,175.128,33.96140235897553,10,40,0.3333333333333333,0.4090909090909091,0.620311986863711,0.7144642857142857,0.5,0.0,0.0059157734434487,1.706714653465229,0.5,0.0059157734434487,1.82298647195153,-0.0555555555555555,-0.0149253731343283,0.1666666666666667,0.2321212121212121,0.5,0.0,0.0059157734434487,2.7944112528091227,0.5,0.0059157734434487,3.003194836427158,1.809326804744602
2024-03-12,173.23,0.002778581765557,19,174.188,35.372273575272956,10,40,0.46153846153846156,0.4090909090909091,0.620311986863711,0.7144642857142857,0.5,0.0,0.0013892908827785,1.7090857765727927,0.5,0.0013892908827785,1.8255191304364407,-0.2307692307692308,-0.0149253731343283,0.1666666666666667,0.2321212121212121,0.5,0.0,0.0013892908827785,2.7982935028853837,0.5,0.0013892908827785,3.007367147632613,1.814354167212199
2024-03-13,171.13,-0.0121226115568896,19,173.15900000000002,32.13736144061775,10,40,0.5,0.4090909090909091,0.620311986863711,0.7144642857142857,0.5,0.0,-0.0060613057784448,1.6987264850793942,0.5,-0.0060613057784448,1.8144541007824648,0.25,-0.0149253731343283,0.1666666666666667,0.2321212121212121,0.5,0.0,-0.0060613057784448,2.78133219030656,0.5,-0.0060613057784448,2.9891385757627624,1.7923594564164615
2024-03-14,173.0,0.0109273651609886,19,172.384,37.609128041529786,10,40,0.6842105263157895,0.4090909090909091,0.620311986863711,0.7144642857142857,0.5,0.0,0.0054636825804943,1.7080077873849469,0.5,0.0054636825804943,1.8243677020460165,0.3,-0.0149253731343283,0.1666666666666667,0.2321212121212121,0.5,0.0,0.0054636825804943,2.7965285065453065,0.5,0.0054636825804943,3.005470280129841,1.8119452226964754
2024-03-15,172.62,-0.0021965317919074,19,171.68,36.95701869351363,10,40,0.25,0.4090909090909091,0.620311986863711,0.7144642857142857,0.5,0.0,-0.0010982658959537,1.7061319406820386,0.5,-0.0010982658959537,1.8223640612171799,0.0588235294117647,-0.0149253731343283,0.1666666666666667,0.2321212121212121,0.5,0.0,-0.0010982658959537,2.793457174659505,0.5,-0.0010982658959537,3.0021694746198717,1.8079652274096278
2024-03-18,173.72,0.0063723786351523,19,171.542,40.1899402677113,10,40,0.5555555555555556,0.4090909090909091,0.620311986863711,0.7144642857142857,0.5,0.0,0.00318618931757615,1.711568000045815,0.5,0.00318618931757615,1.8281704581217648,-0.1666666666666667,-0.0149253731343283,0.1666666666666667,0.2321212121212121,0.5,0.0,0.00318618931757615,2.802357658068512,0.5,0.00318618931757615,3.0117349549294588,1.8194862663978715
2024-03-19,176.08,0.0135850794381764,19,172.13799999999998,46.52581525921305,10,40,0.6666666666666666,0.4090909090909091,0.620311986863711,0.7144642857142857,1.0,0.5,0.0133350794381764,1.7343918952902666,1.0,0.0133350794381764,1.8525492564073458,0.1666666666666667,-0.0149253731343283,0.1666666666666667,0.2321212121212121,0.5,0.0,0.0067925397190882,2.8213927837680335,0.5,0.0067925397190882,3.0321922842341835,1.8442041318635576
2024-03-20,178.67,0.0147092230804177,19,173.09300000000002,52.47584591807655,10,40,0.5,0.4090909090909091,0.620311986863711,0.7144642857142857,0.5,0.5,0.00710461154020885,1.7467140759647906,0.5,0.00710461154020885,1.865710899233223,-0.125,-0.0149253731343283,0.1666666666666667,0.2321212121212121,1.0,0.5,0.0144592230804177,2.8621879314260164,1.0,0.0144592230804177,3.076035428894647,1.8713309418449668
2024-03-21,171.37,-0.0408574466894273,19,173.33,39.227231305401915,10,40,0.23809523809523808,0.4090909090909091,0.620311986863711,0.7144642857142857,0.5,0.0,-0.02042872334471365,1.7110309373445887,0.5,-0.02042872334471365,1.8275968074315705,-0.1428571428571428,-0.0149253731343283,0.1666666666666667,0.2321212121212121,0.5,0.5,-0.02067872334471365,2.8030015390314795,0.5,-0.02067872334471365,3.012426943261997,1.7948731376502605
2024-03-22,172.28,0.0053101476337749,19,173.485,41.219498223959135,10,40,0.30303030303030304,0.4090909090909091,0.620311986863711,0.7144642857142857,0.5,0.0,0.00265507381688745,1.7155738507862164,0.5,0.00265507381688745,1.8324492118628088,-0.2424242424242424,-0.0149253731343283,0.1666666666666667,0.2321212121212121,0.5,0.0,0.00265507381688745,2.810443715026457,0.5,0.00265507381688745,3.020425159164338,1.8044041789950802
2024-03-25,170.85,-0.0083004411423265,19,173.29500000000002,39.052934332427185,10,40,0.4583333333333333,0.4090909090909091,0.620311986863711,0.7144642857142857,0.5,0.0,-0.00415022057116325,1.7084538408993337,0.5,-0.00415022057116325,1.824844143448124,0.0,-0.0149253731343283,0.1666666666666667,0.2321212121212121,0.5,0.0,-0.00415022057116325,2.798779753706258,0.5,-0.00415022057116325,3.0078897285351154,1.7894268283103636
2024-03-26,169.71,-0.0066725197541702,19,172.943,37.366740437158235,10,40,0.5789473684210527,0.4090909090909091,0.620311986863711,0.7144642857142857,0.5,0.0,-0.0033362598770851,1.7027539948980894,0.5,-0.0033362598770851,1.8187559891504044,0.0,-0.0149253731343283,0.1666666666666667,0.2321212121212121,0.5,0.0,-0.0033362598770851,2.78944229710917,0.5,-0.0033362598770851,2.9978546267191075,1.7774868424498207
2024-03-27,173.31,0.0212126568852748,19,173.161,45.38609482763059,10,40,0.2857142857142857,0.4090909090909091,0.620311986863711,0.7144642857142857,0.5,0.0,0.0106063284426374,1.7208139630249915,0.5,0.0106063284426374,1.8380463125283475,-0.1428571428571428,-0.0149253731343283,0.1666666666666667,0.2321212121212121,0.5,0.0,0.0106063284426374,2.819028038284095,0.5,0.0106063284426374,3.0296508575133707,1.8151920609567993
2024-03-28,171.48,-0.0105591137268479,19,173.009,42.41326934415475,10,40,0.5652173913043478,0.4090909090909091,0.620311986863711,0.7144642857142857,0.5,0.0,-0.00527955686342395,1.7117288278558271,0.5,-0.00527955686342395,1.8283422425037474,0.1666666666666667,-0.0149253731343283,0.1666666666666667,0.2321212121212121,0.5,0.0,-0.00527955686342395,2.8041448194563876,0.5,-0.00527955686342395,3.0136556435348076,1.796025241549085
2024-04-01,170.03,-0.0084557965943549,19,172.75,40.16819605462961,10,40,0.5,0.4090909090909091,0.620311986863711,0.7144642857142857,0.5,0.0,-0.00422789829717745,1.704491812459306,0.5,-0.00422789829717745,1.8206121974500082,-0.25,-0.0149253731343283,0.1666666666666667,0.2321212121212121,0.5,0.0,-0.00422789829717745,2.792289180349169,0.5,-0.00422789829717745,3.0009142139712277,1.7808384174282188
2024-04-02,168.84,-0.0069987649238369,19,172.262,38.3729751871345,10,40,0.45454545454545453,0.4090909090909091,0.620311986863711,0.7144642857142857,0.5,0.0,-0.00349938246191845,1.6985271437043024,0.5,-0.00349938246191845,1.814241179056297,0.0,-0.0149253731343283,0.1666666666666667,0.2321212121212121,0.5,0.0,-0.00349938246191845,2.7825178925628506,0.5,-0.00349938246191845,2.990412867401135,1.768374747977301
2024-04-03,169.65,0.0047974413646054,19,171.619,40.3278980978732,10,40,0.46153846153846156,0.4090909090909091,0.620311986863711,0.7144642857142857,0.5,0.0,0.0023987206823027,1.7026014358933583,0.5,0.0023987206823027,1.8185930368951844,0.1428571428571428,-0.0149253731343283,0.1666666666666667,0.2321212121212121,0.5,0.0,0.0023987206823027,2.789192375780618,0.5,0.0023987206823027,2.997586032594794,1.7768584221413712
2024-04-04,168.82,-0.0048924255820808,19,170.634,38.9639459811112,10,40,0.5,0.4090909090909091,0.620311986863711,0.7144642857142857,0.5,0.0,-0.0024462127910404,1.6984365104828323,0.5,-0.0024462127910404,1.8141443713466343,-0.1666666666666667,-0.0149253731343283,0.1666666666666667,0.2321212121212121,0.5,0.0,-0.0024462127910404,2.7823694177143112,0.5,-0.0024462127910404,2.9902532992996167,1.7681652745411511
2024-04-05,169.58,0.0045018362753228,19,170.45499999999998,40.93388212298089,10,40,0.29411764705882354,0.4090909090909091,0.620311986863711,0.7144642857142857,0.5,0.0,0.0022509181376614,1.7022595520299444,0.5,0.0022509181376614,1.8182278618164347,0.2222222222222222,-0.0149253731343283,0.1666666666666667,0.2321212121212121,0.5,0.0,0.0022509181376614,2.7886323035023186,0.5,0.0022509181376614,2.9969841146872116,1.7761252651148467
2024-04-08,168.45,-0.0066635216417031,19,170.07199999999995,38.9224058644156,10,40,0.6923076923076923,0.4090909090909091,0.620311986863711,0.7144642857142857,0.5,0.0,-0.00333176082085155,1.6965880303475707,0.5,-0.00333176082085155,1.812169961463054,0.0,-0.0149253731343283,0.1666666666666667,0.2321212121212121,0.5,0.0,-0.00333176082085155,2.7793412476497488,0.5,-0.00333176082085155,2.986998880433182,1.7642900159723782
2024-04-09,169.67,0.0072425051944196,19,169.954,42.22343792997232,10,40,0.2857142857142857,0.4090909090909091,0.620311986863711,0.7144642857142857,0.5,0.0,0.0036212525972098,1.7027318041588617,0.5,0.0036212525972098,1.8187322866425875,-0.1428571428571428,-0.0149253731343283,0.1666666666666667,0.2321212121212121,-1.0,1.5,-0.0079925051944196,2.7571273482908434,-1.0,-0.0079925051944196,2.963125276365594,1.7770678955775208
2024-04-10,167.78,-0.0111392703483231,19,169.761,38.731114392159085,10,40,0.7142857142857143,0.4090909090909091,0.620311986863711,0.7144642857142857,-1.0,1.5,0.010389270348323099,1.7204219452029559,-1.0,0.010389270348323099,1.837627588059741,0.2142857142857143,-0.0149253731343283,0.1666666666666667,0.2321212121212121,0.5,1.5,-0.006319635174161549,2.7397033093209417,0.5,-0.006319635174161549,2.944399405643627,1.7572726558613572
2024-04-11,175.04,0.0432709500536416,19,169.934,54.35029789029461,10,40,0.4375,0.4090909090909091,0.620311986863711,0.7144642857142857,0.5,1.5,0.0208854750268208,1.7563537747750868,0.5,0.0208854750268208,1.8760073131587598,0.125,-0.0149253731343283,0.1666666666666667,0.2321212121212121,0.5,0.0,0.0216354750268208,2.7989780918506533,0.5,0.0216354750268208,3.0081028854534155,1.8333115131837643
2024-04-12,176.55,0.0086265996343692,19,170.441,56.81613758456768,10,40,0.6666666666666666,0.4090909090909091,0.620311986863711,0.7144642857142857,0.5,0.0,0.0043132998171846,1.7639294551907359,0.5,0.0043132998171846,1.8840990951596446,0.3333333333333333,-0.0149253731343283,0.1666666666666667,0.2321212121212121,0.5,0.0,0.0043132998171846,2.8110509235425365,0.5,0.0043132998171846,3.0210777350793143,1.8491267576130803
2024-04-15,172.69,-0.021863494760691,19,170.707,49.46108810665211,10,40,0.18181818181818182,0.4090909090909091,0.620311986863711,0.7144642857142857,0.5,0.0,-0.0109317473803455,1.7446466239898402,0.5,-0.0109317473803455,1.8635025998118218,-0.1818181818181818,-0.0149253731343283,0.1666666666666667,0.2321212121212121,0.5,0.0,-0.0109317473803455,2.7803212249730826,0.5,-0.0109317473803455,2.988052076463041,1.808698384436153
2024-04-16,169.38,-0.01916729399502,19,170.76100000000002,44.17954853570509,10,40,0.8461538461538461,0.4090909090909091,0.620311986863711,0.7144642857142857,0.5,0.0,-0.00958364699751,1.727926546610124,0.5,-0.00958364699751,1.8456434487162832,0.0,-0.0149253731343283,0.1666666666666667,0.2321212121212121,0.5,0.0,-0.00958364699751,2.753675607813256,0.5,-0.00958364699751,2.9594156401520424,1.7740305307533475
2024-04-17,168.0,-0.0081473609635139,19,170.596,42.15831767839151,10,40,0.5,0.4090909090909091,0.620311986863711,0.7144642857142857,0.5,0.0,-0.00407368048175695,1.7208875259632885,0.5,-0.00407368048175695,1.8381248870229652,-0.15,-0.0149253731343283,0.1666666666666667,0.2321212121212121,0.5,0.0,-0.00407368048175695,2.742458013236617,0.5,-0.00407368048175695,2.947359926421349,1.759576863659006
2024-04-18,167.04,-0.0057142857142857,19,170.418,40.76124525743045,10,40,0.6521739130434783,0.4090909090909091,0.620311986863711,0.7144642857142857,-1.0,1.5,0.004964285714285701,1.7294305033243207,-1.0,0.004964285714285701,1.8472498641406865,0.2,-0.0149253731343283,0.1666666666666667,0.2321212121212121,0.5,0.0,-0.00285714285714285,2.734622418913084,0.5,-0.00285714285714285,2.938938898060145,1.7495221387238116
2024-04-19,165.0,-0.0122126436781608,19,169.95999999999998,37.887949282184366,10,40,0.5,0.4090909090909091,0.620311986863711,0.7144642857142857,-1.0,0.0,0.0122126436781608,1.750551421827563,-1.0,0.0122126436781608,1.8698096685159677,0.0344827586206896,-0.0149253731343283,0.1666666666666667,0.2321212121212121,0.5,0.0,-0.0061063218390804,2.717923934314836,0.5,-0.0061063218390804,2.9209927912831977,1.7281558482365238
2024-04-22,165.84,0.005090909090909,19,169.699,39.77062314435296,10,40,0.5925925925925926,0.4090909090909091,0.620311986863711,0.7144642857142857,-1.0,0.0,-0.005090909090909,1.7416395236800775,-1.0,-0.005090909090909,1.8602906374762502,0.25,-0.0149253731343283,0.1666666666666667,0.2321212121212121,-1.0,1.5,-0.005840909090909,2.7020487876984975,-1.0,-0.005840909090909,2.903931537934112,1.7369537325548188
2024-04-23,166.9,0.0063917028461166,19,169.422,42.15342609592911,10,40,0.45,0.4090909090909091,0.620311986863711,0.7144642857142857,0.5,1.5,0.0024458514230583,1.745899315187525,0.5,0.0024458514230583,1.8648406319792237,0.2857142857142857,-0.0149253731343283,0.1666666666666667,0.2321212121212121,0.5,1.5,0.0024458514230583,2.708657597571063,0.5,0.0024458514230583,2.911034123018632,1.7480558246707625
2024-04-24,169.02,0.012702216896345,19,169.546,46.69553966896634,10,40,0.45454545454545453,0.4090909090909091,0.620311986863711,0.7144642857142857,0.5,0.0,0.0063511084481725,1.756987711077871,0.5,0.0063511084481725,1.8766844370714821,0.3333333333333333,-0.0149253731343283,0.1666666666666667,0.2321212121212121,-1.0,1.5,-0.013452216896345001,2.672220148070604,-1.0,-0.013452216896345001,2.871874260603124,1.77026000890265
2024-04-25,169.89,0.0051473198438052,19,169.031,48.48324892466472,10,40,-0.3333333333333333,0.4090909090909091,0.620311986863711,0.7144642857142857,0.5,0.0,0.0025736599219026,1.7615095999331476,0.5,0.0025736599219026,1.8815143845932314,-0.2105263157894737,-0.0149253731343283,0.1666666666666667,0.2321212121212121,-1.0,0.0,-0.0051473198438052,2.6584653762754242,-1.0,-0.0051473198438052,2.857091805232608,1.7793721033751693
2024-04-26,169.3,-0.0034728353640589,19,168.30599999999998,47.324115873528626,10,40,0.75,0.4090909090909091,0.620311986863711,0.7144642857142857,0.5,0.0,-0.00173641768202945,1.758450883516759,0.5,-0.00173641768202945,1.878247289746831,0.375,-0.0149253731343283,0.1666666666666667,0.2321212121212121,-1.0,0.0,0.0034728353640589,2.66769778884828,-1.0,0.0034728353640589,2.867014014692183,1.7731926370087483
2024-04-29,173.5,0.0248080330773774,19,168.387,55.48329627939272,10,40,0.8421052631578947,0.4090909090909091,0.620311986863711,0.7144642857142857,1.0,0.5,0.0245580330773774,1.801634978479107,1.0,0.0245580330773774,1.924373348815928,0.3157894736842105,-0.0149253731343283,0.1666666666666667,0.2321212121212121,-1.0,0.0,-0.0248080330773774,2.601517453862085,-1.0,-0.0248080330773774,2.7958890361823947,1.8171820586002234
2024-04-30,170.33,-0.0182708933717578,19,168.482,49.27901630795589,10,40,0.42857142857142855,0.4090909090909091,0.620311986863711,0.7144642857142857,0.5,0.5,-0.009385446685878901,1.7847258294411767,0.5,-0.009385446685878901,1.90631224534689,0.0869565217391304,-0.0149253731343283,0.1666666666666667,0.2321212121212121,0.5,1.5,-0.009885446685878901,2.575800291769548,0.5,-0.009885446685878901,2.7682504241755805,1.7839805189704674
2024-05-01,169.3,-0.0060470850701579,20,168.612,47.42341527470956,10,40,0.5625,0.41261755485893414,0.5982962962962963,0.7085714285714285,0.5,0.0,-0.00302354253507895,1.7793296349824073,0.5,-0.00302354253507895,1.9005484291879418,0.125,-0.030381944444444427,0.1666666666666667,0.23848275862068966,0.5,0.0,-0.00302354253507895,2.568012250025514,0.5,-0.00302354253507895,2.7598805012703354,1.7731926370087485
2024-05-02,173.03,0.022031896042528,20,169.211,54.15572347714337,10,40,0.7692307692307693,0.41261755485893414,0.5982962962962963,0.7085714285714285,0.5,0.0,0.011015948021264,1.798930637754068,0.5,0.011015948021264,1.921484771895771,0.3333333333333333,-0.030381944444444427,0.1666666666666667,0.23848275862068966,0.5,0.0,0.011015948021264,2.5963013394897643,0.5,0.011015948021264,2.790283201417229,1.8122594328507016
2024-05-03,183.38,0.0598162168410101,20,171.049,66.84288681228426,10,40,0.5357142857142857,0.41261755485893414,0.5982962962962963,0.7085714285714285,0.5,0.0,0.02990810842050505,1.8527332503089848,0.5,0.02990810842050505,1.9789527467819792,0.1428571428571428,-0.030381944444444427,0.1666666666666667,0.23848275862068966,0.5,0.0,0.02990810842050505,2.673951801443527,0.5,0.02990810842050505,2.87373529392913,1.920661936058265
2024-05-06,181.71,-0.0091067728214635,20,172.63600000000002,63.776001743041725,10,40,0.5483870967741935,0.41261755485893414,0.5982962962962963,0.7085714285714285,0.5,0.0,-0.00455338641073175,1.844297039904317,0.5,-0.00455338641073175,1.9699418102373019,-0.0625,-0.030381944444444427,0.1666666666666667,0.23848275862068966,0.5,0.0,-0.00455338641073175,2.661776265647882,0.5,-0.00455338641073175,2.8606500666937125,1.9031709041397502
2024-05-07,182.4,0.0037972593693247,20,174.186,64.50073626992497,10,40,0.7575757575757576,0.41261755485893414,0.5982962962962963,0.7085714285714285,0.5,0.0,0.00189862968466235,1.8477986770116144,0.5,0.00189862968466235,1.973682000235276,0.2,-0.030381944444444427,0.1666666666666667,0.23848275862068966,0.5,0.0,0.00189862968466235,2.6668299930797708,0.5,0.00189862968466235,2.8660813818277684,1.910397737686921
2024-05-08,182.74,0.0018640350877192,20,175.55800000000002,64.8736684615382,10,40,0.6363636363636364,0.41261755485893414,0.5982962962962963,0.7085714285714285,0.5,0.0,0.0009320175438596,1.8495208577961098,0.5,0.0009320175438596,1.9755215064854952,0.1363636363636364,-0.030381944444444427,0.1666666666666667,0.23848275862068966,1.0,0.5,0.0016140350877192,2.671134350261583,1.0,0.0016140350877192,2.870707337742297,1.9139587861014689
2024-05-09,184.57,0.0100142278647257,20,177.026,66.88984517898668,10,40,0.6,0.41261755485893414,0.5982962962962963,0.7085714285714285,0.5,0.0,0.00500711393236285,1.8587816194513764,0.5,0.00500711393236285,1.9854131677443012,0.3333333333333333,-0.030381944444444427,0.1666666666666667,0.23848275862068966,0.5,0.5,0.0047571139323628496,2.6838412406944254,0.5,0.0047571139323628496,2.884363619614407,1.9331256055091828
2024-05-10,183.05,-0.0082353578588069,20,178.401,63.62329640289387,10,40,0.43478260869565216,0.41261755485893414,0.5982962962962963,0.7085714285714285,0.5,0.0,-0.00411767892940345,1.8511277535425992,0.5,-0.00411767892940345,1.9772378737773204,0.16,-0.030381944444444427,0.1666666666666667,0.23848275862068966,0.5,0.0,-0.00411767892940345,2.672790044167754,0.5,-0.00411767892940345,2.8724867363131827,1.9172056243617919
2024-05-13,186.28,0.0176454520622779,20,179.679,67.27997054292581,10,40,0.3157894736842105,0.41261755485893414,0.5982962962962963,0.7085714285714285,0.5,0.0,0.00882272603113895,1.867459746560743,0.5,0.00882272603113895,1.9946825018360492,0.1578947368421053,-0.030381944444444427,0.1666666666666667,0.23848275862068966,0.5,0.0,0.00882272603113895,2.6963713384662014,0.5,0.00882272603113895,2.897829899815754,1.9510355842999976
2024-05-14,187.43,0.0061735022546705,20,181.389,68.49428794797164,10,40,0.6521739130434783,0.41261755485893414,0.5982962962962963,0.7085714285714285,0.5,0.0,0.00308675112733525,1.8732241300386923,0.5,0.00308675112733525,2.0008395902972675,0.3076923076923077,-0.030381944444444427,0.1666666666666667,0.23848275862068966,0.5,0.0,0.00308675112733525,2.7046943657349263,0.5,0.00308675112733525,2.906774779525836,1.963080306878616
2024-05-15,189.72,0.0122178946806807,20,183.431,70.81687823980539,10,40,0.8636363636363636,0.41261755485893414,0.5982962962962963,0.7085714285714285,1.0,0.5,0.011967894680680699,1.8956426791403052,1.0,0.011967894680680699,2.0247854277868815,0.4347826086956522,-0.030381944444444427,0.1666666666666667,0.23848275862068966,0.5,0.0,0.00610894734034035,2.7212172011869162,0.5,0.00610894734034035,2.924532113584189,1.9870650153177776
2024-05-16,189.84,0.0006325110689437,20,185.112,70.93778274917159,10,40,0.7647058823529411,0.41261755485893414,0.5982962962962963,0.7085714285714285,0.5,0.5,6.625553447185e-05,1.8957682759591794,0.5,6.625553447185e-05,2.0249195810275906,0.1052631578947368,-0.030381944444444427,0.1666666666666667,0.23848275862068966,0.5,0.0,0.00031625553447185,2.7220778011872913,0.5,0.00031625553447185,2.9254570130508504,1.9883218559346771
2024-05-17,189.87,0.0001580278128949,20,185.761,70.97016298753294,10,40,0.7272727272727273,0.41261755485893414,0.5982962962962963,0.7085714285714285,0.5,0.0,7.901390644745e-05,1.895918068016382,0.5,7.901390644745e-05,2.0250795778339294,0.1818181818181818,-0.030381944444444427,0.1666666666666667,0.23848275862068966,0.5,0.0,7.901390644745e-05,2.722292883188017,0.5,7.901390644745e-05,2.9256881648375956,1.9886360660889018
2024-05-20,191.04,0.0061621109179965,20,186.694,72.26789044632123,10,40,0.6666666666666666,0.41261755485893414,0.5982962962962963,0.7085714285714285,0.5,0.0,0.00308105545899825,1.9017594967296572,0.5,0.00308105545899825,2.0313189603221202,-0.0666666666666666,-0.030381944444444427,0.1666666666666667,0.23848275862068966,0.5,0.0,0.00308105545899825,2.730680418536755,0.5,0.00308105545899825,2.9347023723291947,2.00089026210367
2024-05-21,192.35,0.006857202680067,20,187.689,73.68626679514615,10,40,0.2857142857142857,0.41261755485893414,0.5982962962962963,0.7085714285714285,0.5,0.0,0.0034286013400335,1.908279871888566,0.5,0.0034286013400335,2.038283543231516,0.2272727272727273,-0.030381944444444427,0.1666666666666667,0.23848275862068966,0.5,0.0,0.0034286013400335,2.7400428330789537,0.5,0.0034286013400335,2.944764296815562,2.0146107721714874
2024-05-22,190.9,-0.0075383415648556,20,188.505,69.45203215037536,10,40,0.6363636363636364,0.41261755485893414,0.5982962962962963,0.7085714285714285,0.5,0.0,-0.0037691707824278,1.9010872391507487,0.5,-0.0037691707824278,2.0306009044540643,0.1666666666666667,-0.030381944444444427,0.1666666666666667,0.23848275862068966,1.0,0.5,-0.0077883415648556005,2.7187024435926,1.0,-0.0077883415648556005,2.9218294666439704,1.9994239480506213
2024-05-23,186.88,-0.0210581456259822,20,188.736,59.28136790442972,10,40,0.4,0.41261755485893414,0.5982962962962963,0.7085714285714285,1.0,0.5,-0.0213081456259822,1.8605785954112282,1.0,-0.0213081456259822,1.987332564673706,0.0952380952380952,-0.030381944444444427,0.1666666666666667,0.23848275862068966,0.5,0.5,-0.0107790728129911,2.6893973519962584,0.5,-0.0107790728129911,2.890334854075872,1.957319787384495
2024-05-24,189.98,0.0165881849315068,20,189.429,63.69640464489788,10,40,0.8666666666666667,0.41261755485893414,0.5982962962962963,0.7085714285714285,-1.0,2.0,-0.017588184931506802,1.8278543949955324,-1.0,-0.017588184931506802,1.952378992005819,0.3333333333333333,-0.030381944444444427,0.1666666666666667,0.23848275862068966,0.5,0.0,0.0082940924657534,2.7117034623108673,0.5,0.0082940924657534,2.914307558612567,1.9897881699877267
2024-05-28,189.99,5.263711969694107e-05,20,189.8,63.71007406885808,10,40,0.75,0.41261755485893414,0.5982962962962963,0.7085714285714285,1.0,2.0,-0.000947362880303059,1.8261227535911149,1.0,-0.000947362880303059,1.950529380620509,0.3,-0.030381944444444427,0.1666666666666667,0.23848275862068966,0.5,0.0,2.6318559848470535e-05,2.711774830440731,0.5,2.6318559848470535e-05,2.9143842589904647,1.9898929067058018
2024-05-29,190.29,0.001579030475288,20,190.086,64.14622956261738,10,40,0.8,0.41261755485893414,0.5982962962962963,0.7085714285714285,0.5,0.5,0.000539515237644,1.8271079746424856,0.5,0.000539515237644,1.9515817209428261,0.25,-0.030381944444444427,0.1666666666666667,0.23848275862068966,0.5,0.0,0.000789515237644,2.7139158179904235,0.5,0.000789515237644,2.9166852097712876,1.9930350082480497
2024-05-30,191.29,0.005255136896316,20,190.243,65.62912091975653,10,40,0.5714285714285714,0.41261755485893414,0.5982962962962963,0.7085714285714285,0.5,0.0,0.002627568448158,1.8319088259080343,0.5,0.002627568448158,1.9567096354967775,0.2380952380952381,-0.030381944444444427,0.1666666666666667,0.23848275862068966,0.5,0.0,0.002627568448158,2.721046817564732,0.5,0.002627568448158,2.924348999801692,2.0035086800555435
2024-05-31,192.25,0.0050185582100477,20,190.484,67.03852976238537,10,40,0.6428571428571429,0.41261755485893414,0.5982962962962963,0.7085714285714285,0.5,0.0,0.00250927910502385,1.8365055964471941,0.5,0.00250927910502385,1.9616195660997284,-0.0714285714285714,-0.030381944444444427,0.1666666666666667,0.23848275862068966,0.5,0.0,0.00250927910502385,2.727874683487839,0.5,0.00250927910502385,2.9316870076426915,2.0135634049907383
2024-06-03,194.03,0.0092587776332899,20,190.9,69.5331654915633,10,40,0.3333333333333333,0.41261755485893414,0.5982962962962963,0.7085714285714285,0.5,0.0,0.00462938881664495,1.8450074949170925,0.5,0.00462938881664495,1.9707006657815422,0.2222222222222222,-0.030381944444444427,0.1666666666666667,0.23848275862068966,0.5,0.0,0.00462938881664495,2.7405030760407865,0.5,0.00462938881664495,2.9452589266897755,2.032206540808078
2024-06-04,194.35,0.0016492295005927,20,191.231,69.97313763055008,10,40,0.5384615384615384,0.41261755485893414,0.5982962962962963,0.7085714285714285,0.5,0.0,0.00082461475029635,1.8465289153118085,0.5,0.00082461475029635,1.9723257346189647,0.0,-0.030381944444444427,0.1666666666666667,0.23848275862068966,1.0,0.5,0.0013992295005927,2.7443376687912475,1.0,0.0013992295005927,2.949380019866884,2.035558115786476
2024-06-05,195.87,0.0078209416002059,20,191.583,72.03867865899778,10,40,0.7058823529411765,0.41261755485893414,0.5982962962962963,0.7085714285714285,1.0,0.5,0.0075709416002059,1.8605088778927257,1.0,0.0075709416002059,1.987258097572348,0.1666666666666667,-0.030381944444444427,0.1666666666666667,0.23848275862068966,0.5,0.5,0.00366047080010295,2.75438323669348,0.5,0.00366047080010295,2.9601761393080133,2.051478096933867
2024-06-06,194.48,-0.0070965436258744,20,191.94099999999997,67.46803040600082,10,40,0.6666666666666666,0.41261755485893414,0.5982962962962963,0.7085714285714285,0.5,0.5,-0.0037982718129372,1.8534421594641062,0.5,-0.0037982718129372,1.9797099511553076,0.28,-0.030381944444444427,0.1666666666666667,0.23848275862068966,0.5,0.0,-0.0035482718129372,2.744609936292694,0.5,-0.0035482718129372,2.9496726297515776,2.03691969312145
2024-06-07,196.89,0.0123920197449609,20,192.942,70.91379815014005,10,40,0.7619047619047619,0.41261755485893414,0.5982962962962963,0.7085714285714285,0.5,0.0,0.00619600987248045,1.8649261053822173,0.5,0.00619600987248045,1.9919762535573138,0.2272727272727273,-0.030381944444444427,0.1666666666666667,0.23848275862068966,0.5,0.0,0.00619600987248045,2.7616155665540716,0.5,0.00619600987248045,2.9679488304861037,2.062161242177511
2024-06-10,193.12,-0.0191477474732083,20,193.256,60.176152848763806,10,40,0.6956521739130435,0.41261755485893414,0.5982962962962963,0.7085714285714285,0.5,0.0,-0.00957387373660415,1.847071538321191,0.5,-0.00957387373660415,1.9729053244194423,0.2083333333333333,-0.030381944444444427,0.1666666666666667,0.23848275862068966,0.5,0.0,-0.00957387373660415,2.7351762078108424,0.5,-0.00957387373660415,2.939534063126328,2.0226754994632588
2024-06-11,207.15,0.072649130074565,20,194.972,75.21615709084969,10,40,0.8571428571428571,0.41261755485893414,0.5982962962962963,0.7085714285714285,0.5,0.0,0.0363245650372825,1.9141656085434526,0.5,0.0363245650372825,2.0445702521887172,0.4,-0.030381944444444427,0.1666666666666667,0.23848275862068966,0.5,0.0,0.0363245650372825,2.834530293859895,0.5,0.0363245650372825,3.0463113593816673,2.1696211149224007
2024-06-12,213.07,0.0285783248853486,20,197.25,78.84641475078102,10,40,0.8378378378378378,0.41261755485893414,0.5982962962962963,0.7085714285714285,0.5,0.0,0.0142891624426743,1.9415174318661104,0.5,0.0142891624426743,2.073785448647701,0.282051282051282,-0.030381944444444427,0.1666666666666667,0.23848275862068966,0.5,0.0,0.0142891624426743,2.87503335767754,0.5,0.0142891624426743,3.0898405972468357,2.2316252520227655
2024-06-13,214.24,0.0054911531421599,20,199.545,79.48595651835079,10,40,0.75,0.41261755485893414,0.5982962962962963,0.7085714285714285,0.5,0.0,0.00274557657107995,1.9468480166393853,0.5,0.00274557657107995,2.079479185388955,0.131578947368421,-0.030381944444444427,0.1666666666666667,0.23848275862068966,0.5,0.0,0.00274557657107995,2.8829269819054533,0.5,0.00274557657107995,3.0983239911990084,2.243879448037534
2024-06-14,212.49,-0.0081684092606422,20,201.569,75.7948101448162,10,40,0.6,0.41261755485893414,0.5982962962962963,0.7085714285714285,0.5,0.0,-0.0040842046303211,1.9388966909552954,0.5,-0.0040842046303211,2.070986166871333,0.3529411764705883,-0.030381944444444427,0.1666666666666667,0.23848275862068966,0.5,0.0,-0.0040842046303211,2.871152518177077,0.5,-0.0040842046303211,3.0856698020079185,2.2255505223744194
2024-06-17,216.67,0.0196715139535976,20,203.833,78.37764571249537,10,40,0.4166666666666667,0.41261755485893414,0.5982962962962963,0.7085714285714285,0.5,0.0,0.0098357569767988,1.9579672076106511,0.5,0.0098357569767988,2.091355883510992,0.0833333333333333,-0.030381944444444427,0.1666666666666667,0.23848275862068966,0.5,0.0,0.0098357569767988,2.899392476589191,0.5,0.0098357569767988,3.1160197002911154,2.2693304705297446
2024-06-18,214.29,-0.0109844463931323,20,205.827,73.56436579593759,10,40,0.6388888888888888,0.41261755485893414,0.5982962962962963,0.7085714285714285,0.5,0.0,-0.00549222319656615,1.947213614694896,0.5,-0.00549222319656615,2.0798696902152978,0.1891891891891892,-0.030381944444444427,0.1666666666666667,0.23848275862068966,0.5,0.0,-0.00549222319656615,2.8834683659733185,0.5,-0.00549222319656615,3.098905824612219,2.2444031316279087
2024-06-20,209.68,-0.0215129030752717,20,207.208,65.21071155956739,10,40,0.8333333333333334,0.41261755485893414,0.5982962962962963,0.7085714285714285,0.5,0.0,-0.01075645153763585,1.9262685058150055,0.5,-0.01075645153763585,2.0574976726878993,0.375,-0.030381944444444427,0.1666666666666667,0.23848275862068966,0.5,0.0,-0.01075645153763585,2.8524524782344205,0.5,-0.01075645153763585,3.0655725942900807,2.1961195045953614
2024-06-21,207.49,-0.010444486837085,20,208.509,61.63031399131016,10,40,0.6428571428571429,0.41261755485893414,0.5982962962962963,0.7085714285714285,0.5,0.0,-0.0052222434185425,1.9162090627881674,0.5,-0.0052222434185425,2.0467529190080382,0.0689655172413793,-0.030381944444444427,0.1666666666666667,0.23848275862068966,0.5,0.0,-0.0052222434185425,2.8375562770532556,0.5,-0.0052222434185425,3.049563427985485,2.1731821633369495
2024-06-24,208.14,0.0031326810930645,20,209.634,62.29207155495951,10,40,0.5,0.41261755485893414,0.5982962962962963,0.7085714285714285,0.5,0.0,0.00156634054653225,1.919210498738845,0.5,0.00156634054653225,2.049958831093814,0.0,-0.030381944444444427,0.1666666666666667,0.23848275862068966,0.5,0.0,0.00156634054653225,2.842000856503071,0.5,0.00156634054653225,3.0543400828319602,2.17999005001182
2024-06-25,209.07,0.0044681464398963,20,211.229,63.26820040778602,10,40,0.8421052631578947,0.41261755485893414,0.5982962962962963,0.7085714285714285,0.5,0.0,0.00223407321994815,1.9234981555175208,0.5,0.00223407321994815,2.054538589220357,0.3684210526315789,-0.030381944444444427,0.1666666666666667,0.23848275862068966,0.5,0.0,0.00223407321994815,2.8483500945076545,0.5,0.00223407321994815,3.0611637022156293,2.18973056479279
2024-06-26,213.25,0.0199933036781938,20,211.839,67.35822784443492,10,40,0.5625,0.41261755485893414,0.5982962962962963,0.7085714285714285,0.5,0.0,0.0099966518390969,1.9427266968913743,0.5,0.0099966518390969,2.075077096186782,0.4117647058823529,-0.030381944444444427,0.1666666666666667,0.23848275862068966,0.5,0.0,0.0099966518390969,2.8768240587183063,0.5,0.0099966518390969,3.0917650899691598,2.233510512948115
2024-06-27,214.1,0.0039859320046893,20,211.942,68.13522983751305,10,40,0.44,0.41261755485893414,0.5982962962962963,0.7085714285714285,0.5,0.0,0.00199296600234465,1.946598485150126,0.5,0.00199296600234465,2.079212654291726,0.0,-0.030381944444444427,0.1666666666666667,0.23848275862068966,0.5,0.0,0.00199296600234465,2.8825574712620585,0.5,0.00199296600234465,3.097926872680704,2.242413133984485
2024-06-28,210.62,-0.0162540868752918,20,211.58,61.66348384958137,10,40,0.7894736842105263,0.41261755485893414,0.5982962962962963,0.7085714285714285,0.5,0.0,-0.0081270434376459,1.9307783947056552,0.5,-0.0081270434376459,2.0623148027341944,0.3684210526315789,-0.030381944444444427,0.1666666666666667,0.23848275862068966,0.5,0.0,-0.0081270434376459,2.859130801481601,0.5,-0.0081270434376459,3.072749886419777,2.2059647560944056
2024-07-01,216.75,0.0291045484759282,20,212.006,67.51648568445572,10,40,0.07692307692307693,0.41261755485893414,0.5982962962962963,0.7085714285714285,0.5,0.0,0.0145522742379641,1.9588756113981478,0.5,0.0145522742379641,2.092326173308595,0.1538461538461539,-0.030381944444444427,0.1666666666666667,0.23848275862068966,0.5,0.0,0.0145522742379641,2.900737656986971,0.5,0.0145522742379641,3.1174653854316303,2.2701683642743444
2024-07-02,220.27,0.016239907727797,20,212.366,70.31878525390519,10,40,0.25,0.41261755485893414,0.5982962962962963,0.7085714285714285,0.5,0.0,0.0081199538638985,1.9747815909878168,0.5,0.0081199538638985,2.109315765304088,0.2222222222222222,-0.030381944444444427,0.1666666666666667,0.23848275862068966,0.5,0.0,0.0081199538638985,2.924291512932978,0.5,0.0081199538638985,3.142779060533636,2.3070356890367236
2024-07-03,221.55,0.005811050074908,20,213.092,71.2887493347566,10,40,0.8260869565217391,0.41261755485893414,0.5982962962962963,0.7085714285714285,1.0,0.5,0.005561050074908,1.9857634503023065,1.0,0.005561050074908,2.121045775898737,0.5,-0.030381944444444427,0.1666666666666667,0.23848275862068966,0.5,0.0,0.002905525037454,2.9327881151406188,0.5,0.002905525037454,3.151910483781202,2.320441988950316
2024-07-05,226.34,0.0216204017151884,20,214.758,74.62997020404737,10,40,0.9,0.41261755485893414,0.5982962962962963,0.7085714285714285,1.0,0.0,0.0216204017151884,2.028696453809181,1.0,0.0216204017151884,2.166903637629971,0.2,-0.030381944444444427,0.1666666666666667,0.23848275862068966,0.5,0.0,0.0108102008575942,2.964492143738054,0.5,0.0108102008575942,3.1859832691960337,2.370610876908213
2024-07-08,227.82,0.0065388353804012,20,216.791,75.57573986168117,10,40,0.6,0.41261755485893414,0.5982962962962963,0.7085714285714285,0.5,0.5,0.0030194176902005997,2.0348219357698594,0.5,0.0030194176902005997,2.1734464248063907,0.2666666666666667,-0.030381944444444427,0.1666666666666667,0.23848275862068966,0.5,0.0,0.0032694176902006,2.9741843067952516,0.5,0.0032694176902006,3.1963995792570263,2.386111911183304
2024-07-09,228.68,0.0037749100166799,20,218.84500000000003,76.13253083875124,10,40,0.5769230769230769,0.41261755485893414,0.5982962962962963,0.7085714285714285,0.5,0.0,0.00188745500833995,2.038662570623608,0.5,0.00188745500833995,2.17754870714625,0.1785714285714286,-0.030381944444444427,0.1666666666666667,0.23848275862068966,0.5,0.0,0.00188745500833995,2.979797945860838,0.5,0.00188745500833995,3.2024326396515503,2.395119268937749
2024-07-10,232.98,0.0188035683050549,20,221.23599999999996,78.74197695400088,10,40,0.7916666666666666,0.41261755485893414,0.5982962962962963,0.7085714285714285,0.5,0.0,0.00940178415252745,2.0578296360724475,0.5,0.00940178415252745,2.198021550072454,0.04,-0.030381944444444427,0.1666666666666667,0.23848275862068966,0.5,0.0,0.00940178415252745,3.0078133629659662,0.5,0.00940178415252745,3.2325412200925627,2.4401560577099732
2024-07-11,227.57,-0.023220877328526,20,222.668,68.58255259495161,10,40,0.7727272727272727,0.41261755485893414,0.5982962962962963,0.7085714285714285,0.5,0.0,-0.011610438664263,2.033937331301326,0.5,-0.011610438664263,2.1725015556826093,0.28,-0.030381944444444427,0.1666666666666667,0.23848275862068966,0.5,0.0,-0.011610438664263,2.972891330401699,0.5,-0.011610438664263,3.195009998526976,2.3834934932314304
2024-07-12,230.54,0.0130509293843652,20,224.312,70.80920572083251,10,40,0.47368421052631576,0.41261755485893414,0.5982962962962963,0.7085714285714285,0.5,0.0,0.0065254646921826,2.0472097175428448,0.5,0.0065254646921826,2.186678137877928,0.4210526315789473,-0.030381944444444427,0.1666666666666667,0.23848275862068966,0.5,0.0,0.0065254646921826,2.992290827811931,0.5,0.0065254646921826,3.2158589234635344,2.4146002984996877
2024-07-15,234.4,0.0167432983430206,21,226.69,73.44352073152075,10,40,0.65,0.436820652173913,0.6666666666666666,0.75,0.5,0.0,0.0083716491715103,2.06434823907862,0.5,0.0083716491715103,2.204984240099253,0.25,0.0344827586206896,0.2201388888888889,0.2971428571428571,0.5,0.0,0.0083716491715103,3.0173412368415007,0.5,0.0083716491715103,3.2427809661558418,2.4550286716766148
2024-07-16,234.82,0.0017918088737201,21,228.497,73.72140920659544,10,40,0.46153846153846156,0.436820652173913,0.6666666666666666,0.75,0.5,0.0,0.00089590443686005,2.0661976978252343,0.5,0.00089590443686005,2.2069596952631643,0.0769230769230769,0.0344827586206896,0.2201388888888889,0.2971428571428571,0.5,0.0,0.00089590443686005,3.0200444862431075,0.5,0.00089590443686005,3.245686188011186,2.459427613835762
2024-07-17,228.88,-0.0252959713823354,21,229.358,63.5871655438061,10,40,0.6190476190476191,0.436820652173913,0.6666666666666666,0.75,0.5,0.0,-0.0126479856911677,2.040064458908017,0.5,-0.0126479856911677,2.179046100616492,0.0909090909090909,0.0344827586206896,0.2201388888888889,0.2971428571428571,0.5,0.0,-0.0126479856911677,2.981847006794415,0.5,-0.0126479856911677,3.2046347955471997,2.397214003299247
2024-07-18,224.18,-0.0205347780496329,21,229.621,56.919760020767455,10,40,0.7727272727272727,0.436820652173913,0.6666666666666666,0.75,0.5,0.0,-0.01026738902481645,2.0191183234727066,0.5,-0.01026738902481645,2.156672986598453,0.2916666666666667,0.0344827586206896,0.2201388888888889,0.2971428571428571,0.5,0.0,-0.01026738902481645,2.951231223563172,0.5,-0.01026738902481645,3.171731563418853,2.347987745804025
2024-07-19,224.31,0.0005798911588901,21,229.418,57.05389478973609,10,40,0.7058823529411765,0.436820652173913,0.6666666666666666,0.75,0.5,0.0,0.00028994557944505,2.0197037579049737,0.5,0.00028994557944505,2.1572983043972256,0.0,0.0344827586206896,0.2201388888888889,0.2971428571428571,0.5,0.0,0.00028994557944505,2.952086920010364,0.5,0.00028994557944505,3.1726511929648527,2.3493493231389992
2024-07-22,223.96,-0.0015603406000623,21,229.032,56.54344283001335,10,40,0.2222222222222222,0.436820652173913,0.6666666666666666,0.75,-1.0,1.5,0.0008103406000623001,2.0213404058601028,-1.0,0.0008103406000623001,2.1590464507997242,-0.1111111111111111,0.0344827586206896,0.2201388888888889,0.2971428571428571,-1.0,1.5,0.0008103406000623001,2.9544791158965613,-1.0,0.0008103406000623001,3.1752221210363483,2.3456835380063765
2024-07-23,225.01,0.0046883372030719,21,228.66499999999996,57.76427364858946,10,40,1.0,0.436820652173913,0.6666666666666666,0.75,-1.0,0.0,-0.0046883372030719,2.011863680435236,-1.0,-0.0046883372030719,2.1489241130012795,0.3636363636363636,0.0344827586206896,0.2201388888888889,0.2971428571428571,0.5,1.5,0.0015941686015359501,2.9591890537370173,0.5,0.0015941686015359501,3.1802839604446067,2.356680893404245
2024-07-24,218.54,-0.0287542775876628,21,227.221,48.687750105889265,10,40,0.6666666666666666,0.436820652173913,0.6666666666666666,0.75,-1.0,0.0,0.0287542775876628,2.069713367171008,-1.0,0.0287542775876628,2.2107148734613404,0.1875,0.0344827586206896,0.2201388888888889,0.2971428571428571,0.5,0.0,-0.0143771387938314,2.916644381994254,0.5,-0.0143771387938314,3.134560576541499,2.2889162368097584
2024-07-25,217.49,-0.0048046124279307,21,226.213,47.386430657017776,10,40,0.4444444444444444,0.436820652173913,0.6666666666666666,0.75,-1.0,0.0,0.0048046124279307,2.0796575377371718,-1.0,0.0048046124279307,2.221336501616984,0.0526315789473684,0.0344827586206896,0.2201388888888889,0.2971428571428571,-1.0,1.5,0.0040546124279307,2.9284702445533415,-1.0,0.0040546124279307,3.1472700048112454,2.27791888141189
2024-07-26,217.96,0.0021610188974205,21,224.955,48.055691515089435,10,40,0.42105263157894735,0.436820652173913,0.6666666666666666,0.75,-1.0,0.0,-0.0021610188974205,2.0751633584979587,-1.0,-0.0021610188974205,2.2165361514594597,-0.1052631578947368,0.0344827586206896,0.2201388888888889,0.2971428571428571,-1.0,0.0,-0.0021610188974205,2.922141765014328,-1.0,-0.0021610188974205,3.1404686948555636,2.282841507161412
2024-07-29,218.24,0.0012846393833731,21,223.339,48.47617660436204,10,40,0.2962962962962963,0.436820652173913,0.6666666666666666,0.75,-1.0,0.0,-0.0012846393833731,2.0724975219206994,-1.0,-0.0012846393833731,2.2136887018246245,0.0,0.0344827586206896,0.2201388888888889,0.2971428571428571,-1.0,0.0,-0.0012846393833731,2.9183878666191916,-1.0,-0.0012846393833731,3.136434325087902,2.2857741352675105
2024-07-30,218.8,0.0025659824046921,21,221.737,49.35911139072844,10,40,0.6470588235294118,0.436820652173913,0.6666666666666666,0.75,0.5,1.5,0.0005329912023460501,2.0736021448667667,0.5,0.0005329912023460501,2.2148685784274296,0.3888888888888889,0.0344827586206896,0.2201388888888889,0.2971428571428571,0.5,1.5,0.0005329912023460501,2.9199433416771328,0.5,0.0005329912023460501,3.1381060169899095,2.2916393914797073
2024-07-31,222.08,0.0149908592321754,21,221.057,54.29899581143664,10,40,0.42857142857142855,0.436820652173913,0.6666666666666666,0.75,0.5,0.0,0.0074954296160877,2.089144683795384,0.5,0.0074954296160877,2.2314699699659166,0.0,0.0344827586206896,0.2201388888888889,0.2971428571428571,0.5,0.0,0.0074954296160877,2.9418295714776375,0.5,0.0074954296160877,3.1616274697680784,2.325993035008288
2024-08-01,218.36,-0.016750720461095,21,220.475,48.51836293648884,10,40,0.5789473684210527,0.436820652173913,0.6666666666666666,0.75,0.5,0.0,-0.0083753602305475,2.071647344494864,0.5,-0.0083753602305475,2.212780605123803,0.3157894736842105,0.0344827586206896,0.2201388888888889,0.2971428571428571,0.5,0.0,-0.0083753602305475,2.917190689079635,0.5,-0.0083753602305475,3.135147700793976,2.28703097588441
2024-08-02,219.86,0.0068693899981682,21,220.03000000000003,50.79315704696035,10,40,0.46153846153846156,0.436820652173913,0.6666666666666666,0.75,0.5,0.0,0.0034346949990841,2.0787628212688665,0.5,0.0034346949990841,2.220380831602292,0.2222222222222222,0.0344827586206896,0.2201388888888889,0.2971428571428571,0.5,0.0,0.0034346949990841,2.927210349350791,0.5,0.0034346949990841,3.1459159769232827,2.3027414835956512
2024-08-05,209.27,-0.0481670153734195,21,218.561,38.02015428868266,10,40,-0.06451612903225806,0.436820652173913,0.6666666666666666,0.75,0.5,0.0,-0.02408350768670975,2.028698920883991,0.5,-0.02408350768670975,2.1669062727769752,-0.1212121212121212,0.0344827586206896,0.2201388888888889,0.2971428571428571,-1.0,1.5,0.0474170153734195,3.06600992748719,-1.0,0.0474170153734195,3.2950859231645397,2.1918252991542886
2024-08-06,207.23,-0.0097481722177092,21,216.783,36.13505013223113,10,40,0.27586206896551724,0.436820652173913,0.6666666666666666,0.75,0.5,0.0,-0.0048740861088546,2.018810867654662,0.5,-0.0048740861088546,2.156344585013643,0.0625,0.0344827586206896,0.2201388888888889,0.2971428571428571,-1.0,0.0,0.0097481722177092,3.0958979202815415,-1.0,0.0097481722177092,3.327206988215697,2.1704590086670006
2024-08-07,209.82,0.0124981904164456,21,215.911,40.189685830819165,10,40,0.5,0.436820652173913,0.6666666666666666,0.75,0.5,0.0,0.0062490952082228,2.031426608974031,0.5,0.0062490952082228,2.1698197876271292,-0.0666666666666666,0.0344827586206896,0.2201388888888889,0.2971428571428571,-1.0,0.0,-0.0124981904164456,3.0572047985639847,-1.0,-0.0124981904164456,3.285622921722049,2.1975858186484105
2024-08-08,213.31,0.0166333047373941,21,215.493,45.235154111900655,10,40,0.3181818181818182,0.436820652173913,0.6666666666666666,0.75,0.5,0.0,0.00831665236869705,2.0483212778933892,0.5,0.00831665236869705,2.1878654245035443,0.0,0.0344827586206896,0.2201388888888889,0.2971428571428571,0.5,1.5,0.0075666523686970496,3.080337604494631,0.5,0.0075666523686970496,3.3104840881853423,2.234138933256565
2024-08-09,216.24,0.0137358773615865,21,215.321,49.1160591198332,10,40,0.625,0.436820652173913,0.6666666666666666,0.75,0.5,0.0,0.00686793868079325,2.0623890228285253,0.5,0.00686793868079325,2.2028915500808623,0.2352941176470588,0.0344827586206896,0.2201388888888889,0.2971428571428571,0.5,0.0,0.00686793868079325,3.1014931742784415,0.5,0.00686793868079325,3.333220289906741,2.264826791652523
2024-08-12,217.53,0.0059655937846836,21,215.25,50.77017602102293,10,40,0.6,0.436820652173913,0.6666666666666666,0.75,1.0,0.5,0.0057155937846836,2.0741768007090036,1.0,0.0057155937846836,2.2154823833328363,0.5454545454545454,0.0344827586206896,0.2201388888888889,0.2971428571428571,0.5,0.0,0.0029827968923418,3.110744298480298,0.5,0.0029827968923418,3.3431626090289654,2.27833782828419
2024-08-13,221.27,0.0171930308463201,21,215.497,55.30642733729495,10,40,0.6521739130434783,0.436820652173913,0.6666666666666666,0.75,0.5,0.5,0.00834651542316005,2.0914889493664823,0.5,0.00834651542316005,2.2339739412150634,0.1304347826086956,0.0344827586206896,0.2201388888888889,0.2971428571428571,0.5,0.0,0.00859651542316005,3.137485859819691,0.5,0.00859651542316005,3.3719021579596147,2.3175093608442183
2024-08-14,221.72,0.0020337144664888,21,215.461,55.83376021018165,10,40,0.7142857142857143,0.436820652173913,0.6666666666666666,0.75,0.5,0.0,0.0010168572332444,2.0936156950328964,0.5,0.0010168572332444,2.2362455737760674,0.1666666666666667,0.0344827586206896,0.2201388888888889,0.2971428571428571,0.5,0.0,0.0010168572332444,3.1406762350104502,0.5,0.0010168572332444,3.375330901058728,2.3222225131575907
2024-08-15,224.72,0.0135305791087858,21,216.097,59.28289443393642,10,40,0.7142857142857143,0.436820652173913,0.6666666666666666,0.75,0.5,0.0,0.0067652895543929,2.1077796114254155,0.5,0.0067652895543929,2.251374422597392,0.1428571428571428,0.0344827586206896,0.2201388888888889,0.2971428571428571,0.5,0.0,0.0067652895543929,3.1619238191368964,0.5,0.0067652895543929,3.39816599194628,2.353643528580073
2024-08-16,226.05,0.0059184763260946,21,216.716,60.74646449855364,10,40,0.7142857142857143,0.436820652173913,0.6666666666666666,0.75,0.5,0.0,0.0029592381630473,2.1140170332908386,0.5,0.0029592381630473,2.2580367757080504,0.1428571428571428,0.0344827586206896,0.2201388888888889,0.2971428571428571,0.5,0.0,0.0029592381630473,3.171280704771134,0.5,0.0029592381630473,3.4082219744340163,2.36757351208404
2024-08-19,225.89,-0.0007078080070781,21,218.378,60.46489026276558,10,40,0.7058823529411765,0.436820652173913,0.6666666666666666,0.75,0.5,0.0,-0.00035390400353905,2.113268874199207,0.5,-0.00035390400353905,2.257237647452989,0.1764705882352941,0.0344827586206896,0.2201388888888889,0.2971428571428571,0.5,0.0,-0.00035390400353905,3.1701583758333696,0.5,-0.00035390400353905,3.4070157910323142,2.365897724594841
2024-08-20,226.51,0.0027446987471777,21,220.306,61.21511402661124,10,40,0.625,0.436820652173913,0.6666666666666666,0.75,0.5,0.0,0.00137234937358885,2.116169017414939,0.5,0.00137234937358885,2.2603353661245125,0.25,0.0344827586206896,0.2201388888888889,0.2971428571428571,0.5,0.0,0.00137234937358885,3.174508940694622,0.5,0.00137234937358885,3.411691407018945,2.372391401115487
2024-08-21,226.4,-0.0004856297735198,21,221.964,60.99396734350985,10,40,0.6111111111111112,0.436820652173913,0.6666666666666666,0.75,0.5,0.0,-0.0002428148867599,2.1156551800746106,0.5,-0.0002428148867599,2.2597865230485477,-0.0555555555555555,0.0344827586206896,0.2201388888888889,0.2971428571428571,0.5,0.0,-0.0002428148867599,3.173738122665669,0.5,-0.0002428148867599,3.41086299755629,2.371239297216663
2024-08-22,224.53,-0.0082597173144876,21,223.086,57.21016393479893,10,40,0.16666666666666666,0.436820652173913,0.6666666666666666,0.75,0.5,0.0,-0.0041298586572438,2.1069178232134367,0.5,-0.0041298586572438,2.2504539241128128,-0.1666666666666667,0.0344827586206896,0.2201388888888889,0.2971428571428571,0.5,0.0,-0.0041298586572438,3.1606310328039533,0.5,-0.0041298586572438,3.3967766154771595,2.351653530936649
2024-08-23,226.84,0.0102881574845232,21,224.146,60.47227370935291,10,40,0.6666666666666666,0.436820652173913,0.6666666666666666,0.75,0.5,0.0,0.0051440787422616,2.117755974399521,0.5,0.0051440787422616,2.262030436304281,0.2,0.0344827586206896,0.2201388888888889,0.2971428571428571,1.0,0.5,0.0100381574845232,3.1923579448617105,1.0,0.0100381574845232,3.430873994083065,2.3758477128119604
2024-08-26,227.18,0.0014988538176687,21,225.111,60.944222478315375,10,40,0.7857142857142857,0.436820652173913,0.6666666666666666,0.75,1.0,0.5,0.0012488538176687,2.1204007420330404,1.0,0.0012488538176687,2.2648553816503423,0.2857142857142857,0.0344827586206896,0.2201388888888889,0.2971428571428571,1.0,0.0,0.0014988538176687,3.197142822754732,1.0,0.0014988538176687,3.4360163726670367,2.3794087612265082
2024-08-27,228.03,0.0037415265428295,21,225.787,62.16058255591078,10,40,0.7058823529411765,0.436820652173913,0.6666666666666666,0.75,0.5,0.5,0.00162076327141475,2.123837409676408,0.5,0.00162076327141475,2.268526176067987,0.1176470588235294,0.0344827586206896,0.2201388888888889,0.2971428571428571,0.5,0.5,0.00162076327141475,3.20232463441532,0.5,0.00162076327141475,3.441585341803835,2.3883113822628785
2024-08-28,226.49,-0.0067534973468402,21,226.264,58.599691570817185,10,40,0.7222222222222222,0.436820652173913,0.6666666666666666,0.75,0.5,0.0,-0.0033767486734201,2.116665744520723,0.5,-0.0033767486734201,2.2608659333123304,0.1111111111111111,0.0344827586206896,0.2201388888888889,0.2971428571428571,0.5,0.0,-0.0033767486734201,3.1915111889541974,0.5,-0.0033767486734201,3.4299639730664366,2.372181927679338
2024-08-29,229.79,0.0145701796988828,21,226.771,63.43365201774694,10,40,0.9285714285714286,0.436820652173913,0.6666666666666666,0.75,0.5,0.0,0.0072850898494414,2.1320858446507915,0.5,0.0072850898494414,2.277336544774052,0.2142857142857143,0.0344827586206896,0.2201388888888889,0.2971428571428571,0.5,0.0,0.0072850898494414,3.2147616347212264,0.5,0.0072850898494414,3.4549515687905727,2.4067450446440684
2024-08-30,229.0,-0.0034379215805735,21,227.06599999999997,61.57996342508359,10,40,0.7692307692307693,0.436820652173913,0.6666666666666666,0.75,0.5,0.0,-0.00171896079028675,2.1284208726823115,0.5,-0.00171896079028675,2.273421892547298,0.3571428571428572,0.0344827586206896,0.2201388888888889,0.2971428571428571,0.5,0.0,-0.00171896079028675,3.2092355855210224,0.5,-0.00171896079028675,3.449012642511482,2.398470843916148
2024-09-03,222.77,-0.0272052401746724,21,226.754,49.33589581676754,10,40,1.0,0.436820652173913,0.6666666666666666,0.75,0.5,0.0,-0.0136026200873362,2.0994687721652574,0.5,-0.0136026200873362,2.2424973982447445,0.4285714285714285,0.0344827586206896,0.2201388888888889,0.2971428571428571,0.5,0.0,-0.0136026200873362,3.16558157308042,0.5,-0.0136026200873362,3.402097033858979,2.33321986855546
2024-09-04,220.85,-0.0086187547694932,21,226.188,46.281722544514096,10,40,0.7777777777777778,0.436820652173913,0.6666666666666666,0.75,-1.0,1.5,0.007868754769493199,2.1159889770796347,-1.0,0.007868754769493199,2.2601430603427586,0.0,0.0344827586206896,0.2201388888888889,0.2971428571428571,-1.0,1.5,0.007868754769493199,3.190490758181816,-1.0,0.007868754769493199,3.428867301120435,2.3131104186850715
2024-09-05,222.38,0.0069277790355444,21,225.786,48.99158571234469,10,40,0.5333333333333333,0.436820652173913,0.6666666666666666,0.75,-1.0,0.0,-0.0069277790355444,2.1013298730047794,-1.0,-0.0069277790355444,2.2444852886319846,0.0666666666666666,0.0344827586206896,0.2201388888888889,0.2971428571428571,-1.0,0.0,-0.0069277790355444,3.168387743194186,-1.0,-0.0069277790355444,3.405112866116069,2.3291351365505375
2024-09-06,220.82,-0.0070150193362712,21,225.415,46.42029584186252,10,40,0.8333333333333334,0.436820652173913,0.6666666666666666,0.75,-1.0,0.0,0.0070150193362712,2.116070742695792,-1.0,0.0070150193362712,2.2602303963317145,0.1666666666666667,0.0344827586206896,0.2201388888888889,0.2971428571428571,-1.0,0.0,0.0070150193362712,3.1906140444774977,-1.0,0.0070150193362712,3.428999798714059,2.312796208530847
2024-09-09,220.91,0.0004075717779186,21,224.82199999999995,46.59444387696221,10,40,0.8571428571428571,0.436820652173913,0.6666666666666666,0.75,-1.0,0.0,-0.0004075717779186,2.11520829198099,-1.0,-0.0004075717779186,2.2593091902105757,0.0714285714285714,0.0344827586206896,0.2201388888888889,0.2971428571428571,-1.0,0.0,-0.0004075717779186,3.189313640238738,-1.0,-0.0004075717779186,3.4276022351696147,2.313738838993521
2024-09-10,220.11,-0.0036213842741387,21,224.115,45.18846744454052,10,40,0.3939393939393939,0.436820652173913,0.6666666666666666,0.75,-1.0,0.0,0.0036213842741387,2.1228682740260973,-1.0,0.0036213842741387,2.267491016982421,0.0,0.0344827586206896,0.2201388888888889,0.2971428571428571,0.5,1.5,-0.00256069213706935,3.1811467898775305,0.5,-0.00256069213706935,3.4188252010770146,2.305359901547526
2024-09-11,222.66,0.0115851165326426,21,223.57799999999995,50.33300851906792,10,40,0.625,0.436820652173913,0.6666666666666666,0.75,-1.0,0.0,-0.0115851165326426,2.098274597688055,-1.0,-0.0115851165326426,2.2412218693139594,-0.0625,0.0344827586206896,0.2201388888888889,0.2971428571428571,0.5,0.0,0.0057925582663213,3.1995737680116165,0.5,0.0057925582663213,3.4386289452566206,2.3320677646566357
2024-09-12,222.77,0.0004940267672686,21,223.206,50.54862910281776,10,40,0.8333333333333334,0.436820652173913,0.6666666666666666,0.75,-1.0,0.0,-0.0004940267672686,2.097237993871717,-1.0,-0.0004940267672686,2.2401146457191303,0.0526315789473684,0.0344827586206896,0.2201388888888889,0.2971428571428571,0.5,0.0,0.0002470133836343,3.2003641055542404,0.5,0.0002470133836343,3.439478332627451,2.33321986855546
2024-09-13,222.5,-0.00121201238946,21,222.477,49.97513089349537,10,40,0.42857142857142855,0.436820652173913,0.6666666666666666,0.75,-1.0,0.0,0.00121201238946,2.0997798723039356,-1.0,0.00121201238946,2.2428296924235527,-0.125,0.0344827586206896,0.2201388888888889,0.2971428571428571,0.5,0.0,-0.00060600619473,3.1984246650808834,0.5,-0.00060600619473,3.4373939874512396,2.330391977167437
2024-09-16,216.32,-0.0277752808988764,21,221.209,39.05341067520901,10,40,0.3,0.436820652173913,0.6666666666666666,0.75,0.5,1.5,-0.0146376404494382,2.0690440495101834,0.5,-0.0146376404494382,2.2099999577965326,0.1,0.0344827586206896,0.2201388888888889,0.2971428571428571,0.5,0.0,-0.0138876404494382,3.154006093327625,0.5,-0.0138876404494382,3.389656695670456,2.265664685397123
2024-09-17,216.79,0.0021727071005916,21,220.611,40.12511713813183,10,40,0.65,0.436820652173913,0.6666666666666666,0.75,0.5,0.0,0.0010863535502958,2.0712917628590874,0.5,0.0010863535502958,2.2124007990968386,0.05,0.0344827586206896,0.2201388888888889,0.2971428571428571,0.5,0.0,0.0010863535502958,3.157432459044766,0.5,0.0010863535502958,3.3933390612560816,2.2705873111466452
2024-09-18,220.69,0.0179897596752618,21,220.59499999999997,48.256002738098395,10,40,0.6470588235294118,0.436820652173913,0.6666666666666666,0.75,0.5,0.0,0.0089948798376309,2.08992278337468,0.5,0.0089948798376309,2.232301078437393,0.2105263157894737,0.0344827586206896,0.2201388888888889,0.2971428571428571,0.5,0.0,0.0089948798376309,3.1858331846093093,0.5,0.0089948798376309,3.4238617383604195,2.3114346311958722
2024-09-19,228.87,0.0370655670850514,21,221.244,60.40214181979936,10,40,0.45,0.436820652173913,0.6666666666666666,0.75,0.5,0.0,0.0185327835425257,2.1286548699395555,0.5,0.0185327835425257,2.27367183112582,0.05,0.0344827586206896,0.2201388888888889,0.2971428571428571,0.5,0.0,0.0185327835425257,3.244875541422269,0.5,0.0185327835425257,3.487315426836989,2.397109266581174
2024-09-20,228.2,-0.0029274260497226,21,221.98200000000003,59.1768589372875,10,40,0.42857142857142855,0.436820652173913,0.6666666666666666,0.75,0.5,0.0,-0.0014637130248613,2.1255391300809907,0.5,-0.0014637130248613,2.270343828052341,-0.1428571428571428,0.0344827586206896,0.2201388888888889,0.2971428571428571,0.5,0.0,-0.0014637130248613,3.240125974828236,0.5,-0.0014637130248613,3.4822109978249283,2.3900919064701527
2024-09-23,226.47,-0.0075810692375108,21,222.538,56.01705397818375,10,40,0.46153846153846156,0.436820652173913,0.6666666666666666,0.75,0.5,0.0,-0.0037905346187554,2.117482200424899,0.5,-0.0037905346187554,2.261738011175631,0.0769230769230769,0.0344827586206896,0.2201388888888889,0.2971428571428571,0.5,0.0,-0.0037905346187554,3.2278441651515206,0.5,-0.0037905346187554,3.469011556487862,2.3719724542431884
2024-09-24,227.37,0.0039740362961981,22,223.264,57.2945877089601,10,40,0.5,0.4534090909090909,0.6801754385964914,0.7729292929292929,1.0,0.5,0.0037240362961981,2.125367780995835,1.0,0.0037240362961981,2.2701608056217397,0.1111111111111111,0.0588235294117647,0.23040106951871658,0.3333333333333333,1.0,0.5,0.0037240362961981,3.239864773981016,1.0,0.0037240362961981,3.4819302814361537,2.381398758869933
2024-09-25,226.37,-0.0043981176056647,22,223.635,55.37014111018741,10,40,0.75,0.4534090909090909,0.6801754385964914,0.7729292929292929,0.5,0.5,-0.0024490588028323497,2.1201626303225307,0.5,-0.0024490588028323497,2.264601048316887,0.0,0.0588235294117647,0.23040106951871658,0.3333333333333333,0.5,0.5,-0.0024490588028323497,3.2319301546363115,0.5,-0.0024490588028323497,3.473402829429554,2.370925087062439
2024-09-26,227.52,0.0050801784688783,22,224.11,57.15252017519466,10,40,0.6666666666666666,0.4534090909090909,0.6801754385964914,0.7729292929292929,0.5,0.0,0.00254008923443915,2.125548032595073,0.5,0.00254008923443915,2.270353337060016,0.0,0.0588235294117647,0.23040106951871658,0.3333333333333333,0.5,0.0,0.00254008923443915,3.2401395456285624,0.5,0.00254008923443915,3.4822255825634585,2.3829698096410574
2024-09-27,227.79,0.0011867088607593,22,224.639,57.58085860440568,10,40,0.7142857142857143,0.4534090909090909,0.6801754385964914,0.7729292929292929,0.5,0.0,0.00059335443037965,2.126809235937198,0.5,0.00059335443037965,2.2717004612710876,0.2857142857142857,0.0588235294117647,0.23040106951871658,0.3333333333333333,0.5,0.0,0.00059335443037965,3.242062096783009,0.5,0.00059335443037965,3.4842917765404535,2.3857977010290803
2024-09-30,233.0,0.0228719434566926,22,226.307,64.87726097823335,10,40,0.6153846153846154,0.4534090909090909,0.6801754385964914,0.7729292929292929,0.5,0.0,0.0114359717283463,2.1511313662309615,0.5,0.0114359717283463,2.297679563521455,0.0,0.0588235294117647,0.23040106951871658,0.3333333333333333,0.5,0.0,0.0114359717283463,3.2791382272633625,0.5,0.0114359717283463,3.5241380387902796,2.4403655311461248
2024-10-01,226.21,-0.0291416309012875,22,227.249,52.26074988993909,10,40,0.5454545454545454,0.4534090909090909,0.6801754385964914,0.7729292929292929,0.5,0.0,-0.01457081545064375,2.119787628083519,0.5,-0.01457081545064375,2.264200498636668,0.0,0.0588235294117647,0.23040106951871658,0.3333333333333333,0.5,0.0,-0.01457081545064375,3.231358509316757,0.5,-0.01457081545064375,3.472788473804473,2.36924929957324
2024-10-02,226.78,0.0025197825029839,22,227.858,53.08553964398645,10,40,0.875,0.4534090909090909,0.6801754385964914,0.7729292929292929,0.5,0.0,0.00125989125149195,2.122458329971162,0.5,0.00125989125149195,2.267053145036524,0.0625,0.0588235294117647,0.23040106951871658,0.3333333333333333,0.5,0.0,0.00125989125149195,3.2354296696330787,0.5,0.00125989125149195,3.477163809620901,2.3752192925035116
2024-10-03,225.67,-0.0048946115177705,22,227.538,51.229362492555474,10,40,1.0,0.4534090909090909,0.6801754385964914,0.7729292929292929,0.5,0.0,-0.00244730575888525,2.1172640254772293,0.5,-0.00244730575888525,2.261504972818977,0.25,0.0588235294117647,0.23040106951871658,0.3333333333333333,0.5,0.0,-0.00244730575888525,3.2275115839701174,0.5,-0.00244730575888525,3.468654126605028,2.3635935167971933
2024-10-04,226.8,0.0050073115611291,22,227.398,53.02991056523763,10,40,0.9,0.4534090909090909,0.6801754385964914,0.7729292929292929,-1.0,1.5,-0.0057573115611291,2.1050742768253863,-1.0,-0.0057573115611291,2.248484784093415,0.4,0.0588235294117647,0.23040106951871658,0.3333333333333333,0.5,0.0,0.00250365578056455,3.235592162004163,0.5,0.00250365578056455,3.4773384425598817,2.375428765939662
2024-10-07,221.69,-0.0225308641975309,22,226.92,44.94847696101482,10,40,0.0,0.4534090909090909,0.6801754385964914,0.7729292929292929,-1.0,0.0,0.0225308641975309,2.1525034194822545,-1.0,0.0225308641975309,2.299145089414038,-0.3125,0.0588235294117647,0.23040106951871658,0.3333333333333333,-1.0,1.5,0.0217808641975309,3.3060661554833715,-1.0,0.0217808641975309,3.5530778789461324,2.321908303003367
2024-10-08,225.77,0.0184040777662501,22,226.76000000000005,51.326473428992266,10,40,1.0,0.4534090909090909,0.6801754385964914,0.7729292929292929,-1.0,0.0,-0.0184040777662501,2.112888579157984,-1.0,-0.0184040777662501,2.2568314443925703,0.3636363636363636,0.0588235294117647,0.23040106951871658,0.3333333333333333,-1.0,0.0,-0.0184040777662501,3.245221056857488,-1.0,-0.0184040777662501,3.487686757352465,2.364640883977943
2024-10-09,229.54,0.0166984098861673,22,227.077,56.3578512559003,10,40,0.5384615384615384,0.4534090909090909,0.6801754385964914,0.7729292929292929,-1.0,0.0,-0.0166984098861673,2.0776066996194023,-1.0,-0.0166984098861673,2.2191459478901123,0.0666666666666666,0.0588235294117647,0.23040106951871658,0.3333333333333333,-1.0,0.0,-0.0166984098861673,3.1910310254788605,-1.0,-0.0166984098861673,3.4294479343236355,2.4041266266921957
2024-10-10,229.04,-0.0021782695826435,22,227.229,55.53788348901619,10,40,0.896551724137931,0.4534090909090909,0.6801754385964914,0.7729292929292929,-1.0,0.0,0.0021782695826435,2.08213228709788,-1.0,0.0021782695826435,2.223979846007848,0.0,0.0588235294117647,0.23040106951871658,0.3333333333333333,-1.0,0.0,0.0021782695826435,3.197981951298933,-1.0,0.0021782695826435,3.4369181964442324,2.3988897907884486
2024-10-11,227.55,-0.0065054139015018,22,227.205,53.06038336486066,10,40,0.5,0.4534090909090909,0.6801754385964914,0.7729292929292929,0.5,1.5,-0.0040027069507509,2.07379812171993,0.5,-0.0040027069507509,2.2150779064199027,0.0,0.0588235294117647,0.23040106951871658,0.3333333333333333,0.5,1.5,-0.0040027069507509,3.185181366714093,0.5,-0.0040027069507509,3.423161220090163,2.3832840197952825
2024-10-14,231.3,0.016479894528675,22,227.035,58.12356747125797,10,40,1.0,0.4534090909090909,0.6801754385964914,0.7729292929292929,0.5,0.0,0.0082399472643375,2.0908861088797845,0.5,0.0082399472643375,2.2333300315552016,0.7272727272727273,0.0588235294117647,0.23040106951871658,0.3333333333333333,0.5,0.0,0.0082399472643375,3.2114270932031674,0.5,0.0082399472643375,3.4513678880210312,2.4225602890733855
2024-10-15,233.85,0.0110246433203631,22,227.79900000000004,61.189267230174224,10,40,0.8666666666666667,0.4534090909090909,0.6801754385964914,0.7729292929292929,0.5,0.0,0.00551232166018155,2.1024117456667355,0.5,0.00551232166018155,2.2456408650624775,0.4666666666666667,0.0588235294117647,0.23040106951871658,0.3333333333333333,0.5,0.0,0.00551232166018155,3.2291295123291253,0.5,0.00551232166018155,3.4703929379874245,2.4492681521824955
2024-10-16,231.78,-0.0088518280949325,22,228.299,57.50875108312089,10,40,0.6896551724137931,0.4534090909090909,0.6801754385964914,0.7729292929292929,0.5,0.0,-0.00442591404746625,2.093106651988031,0.5,-0.00442591404746625,2.2357018516122333,0.0,0.0588235294117647,0.23040106951871658,0.3333333333333333,0.5,0.0,-0.00442591404746625,3.21483766265942,0.5,-0.00442591404746625,3.455033277132958,2.4275876515409833
2024-10-17,232.15,0.0015963413581845,22,228.94700000000003,57.995101703895706,10,40,0.6666666666666666,0.4534090909090909,0.6801754385964914,0.7729292929292929,0.5,0.0,0.00079817067909225,2.0947773083458605,0.5,0.00079817067909225,2.2374863232773827,0.032258064516129,0.0588235294117647,0.23040106951871658,0.3333333333333333,0.5,0.0,0.00079817067909225,3.2174036518197964,0.5,0.00079817067909225,3.457790983390054,2.4314629101097562
2024-10-18,235.0,0.0122765453370665,22,229.767,61.63747905048343,10,40,0.9230769230769231,0.4534090909090909,0.6801754385964914,0.7729292929292929,0.5,0.0,0.00613827266853325,2.107635622644344,0.5,0.00613827266853325,2.2512206244217734,0.0384615384615384,0.0588235294117647,0.23040106951871658,0.3333333333333333,0.5,0.0,0.00613827266853325,3.237152952719401,0.5,0.00613827266853325,3.479015847276898,2.4613128747611146
2024-10-21,236.48,0.0062978723404254,22,231.246,63.411782081965704,10,40,0.8571428571428571,0.4534090909090909,0.6801754385964914,0.7729292929292929,0.5,0.0,0.0031489361702127,2.114272432690117,0.5,0.0031489361702127,2.258309574473144,0.1428571428571428,0.0588235294117647,0.23040106951871658,0.3333333333333333,1.0,0.5,0.0060478723404254,3.256730840523879,1.0,0.0060478723404254,3.5000564909915455,2.476813909036206
2024-10-22,235.86,-0.0026217861975641,22,232.255,62.11568774947981,10,40,-0.3333333333333333,0.4534090909090909,0.6801754385964914,0.7729292929292929,0.5,0.0,-0.00131089309878205,2.1115008475491583,0.5,-0.00131089309878205,2.2553491720370533,0.0,0.0588235294117647,0.23040106951871658,0.3333333333333333,1.0,0.0,-0.0026217861975641,3.248192388557012,1.0,-0.0026217861975641,3.490880091192769,2.4703202325155598
2024-10-23,230.76,-0.0216229966929535,22,232.377,52.59303298049801,10,40,-1.0,0.4534090909090909,0.6801754385964914,0.7729292929292929,0.5,0.0,-0.01081149834647675,2.0886723596272962,0.5,-0.01081149834647675,2.230965468192847,-0.75,0.0588235294117647,0.23040106951871658,0.3333333333333333,0.5,0.5,-0.01106149834647675,3.2122625138219503,0.5,-0.01106149834647675,3.4522657268362917,2.4169045062973398
2024-10-24,230.57,-0.000823366267984,22,232.53000000000003,52.27152627795535,10,40,1.0,0.4534090909090909,0.6801754385964914,0.7729292929292929,0.5,0.0,-0.000411683133992,2.0878124884444023,0.5,-0.000411683133992,2.2300470173370734,0.5,0.0588235294117647,0.23040106951871658,0.3333333333333333,0.5,0.0,-0.000411683133992,3.210940079523055,0.5,-0.000411683133992,3.450844487262495,2.4149145086539163
2024-10-25,231.41,0.0036431452487313,22,232.916,53.62138995637931,10,40,0.3333333333333333,0.4534090909090909,0.6801754385964914,0.7729292929292929,0.5,0.0,0.00182157262436565,2.091615590518161,0.5,0.00182157262436565,2.234109209934903,-0.6666666666666666,0.0588235294117647,0.23040106951871658,0.3333333333333333,0.5,0.0,0.00182157262436565,3.2167890400703927,0.5,0.00182157262436565,3.457130451111435,2.4237123929722113
2024-10-28,233.4,0.008599455511862,22,233.12600000000003,56.74265533907012,10,40,1.0,0.4534090909090909,0.6801754385964914,0.7729292929292929,-1.0,1.5,-0.009349455511862,2.0720601236066947,-1.0,-0.009349455511862,2.2132215052679753,0.0,0.0588235294117647,0.23040106951871658,0.3333333333333333,-1.0,1.5,-0.009349455511862,3.1867138140492095,-1.0,-0.009349455511862,3.4248081637600656,2.4445549998691245
2024-10-29,233.67,0.0011568123393315,22,233.108,57.163884490369,10,40,0.6666666666666666,0.4534090909090909,0.6801754385964914,0.7729292929292929,-1.0,0.0,-0.0011568123393315,2.0696631388878695,-1.0,-0.0011568123393315,2.2106612233210075,0.3333333333333333,0.0588235294117647,0.23040106951871658,0.3333333333333333,-1.0,0.0,-0.0011568123393315,3.183027384187199,-1.0,-0.0011568123393315,3.4208463034163845,2.447382891257148
2024-10-30,230.1,-0.0152779560919245,22,232.94,50.20281784220795,10,40,-0.5,0.4534090909090909,0.6801754385964914,0.7729292929292929,-1.0,0.0,0.0152779560919245,2.101283361448873,-1.0,0.0152779560919245,2.244435608425026,0.0,0.0588235294117647,0.23040106951871658,0.3333333333333333,-1.0,0.0,0.0152779560919245,3.2316575368022042,-1.0,0.0152779560919245,3.4731098430372023,2.409991882904394
2024-10-31,225.91,-0.0182094741416775,22,232.31599999999997,43.506464770967966,10,40,1.0,0.4534090909090909,0.6801754385964914,0.7729292929292929,0.5,1.5,-0.00985473707083875,2.0805757664104663,0.5,-0.00985473707083875,2.2223172856315694,0.6,0.0588235294117647,0.23040106951871658,0.3333333333333333,-1.0,0.0,0.0182094741416775,3.2905043211533607,-1.0,0.0182094741416775,3.5363533469151935,2.366107198030994
2024-11-01,222.91,-0.0132796246292771,22,231.10699999999997,39.449140573128794,10,40,1.0,0.4534090909090909,0.6801754385964914,0.7729292929292929,0.5,0.0,-0.00663981231463855,2.0667611338151155,0.5,-0.00663981231463855,2.207561515951399,0.25,0.0588235294117647,0.23040106951871658,0.3333333333333333,0.5,1.5,-0.0073898123146385495,3.26618811179953,0.5,-0.0073898123146385495,3.5102203594032466,2.3346861826085115
2024-11-04,222.01,-0.004037503925351,22,229.66,38.295321860234935,10,40,0.3333333333333333,0.4534090909090909,0.6801754385964914,0.7729292929292929,-1.0,1.5,0.0032875039253510005,2.0735556191552957,-1.0,0.0032875039253510005,2.214818883100543,0.0,0.0588235294117647,0.23040106951871658,0.3333333333333333,-1.0,1.5,0.0032875039253510005,3.2769257180380063,-1.0,0.0032875039253510005,3.521760222613632,2.325259877981767
2024-11-05,223.45,0.0064861943155714,22,228.41899999999995,41.25585083524296,10,40,1.0,0.4534090909090909,0.6801754385964914,0.7729292929292929,-1.0,0.0,-0.0064861943155714,2.0601061344853093,-1.0,-0.0064861943155714,2.200453137450956,0.4,0.0588235294117647,0.23040106951871658,0.3333333333333333,-1.0,0.0,-0.0064861943155714,3.2556709410731184,-1.0,-0.0064861943155714,3.49891740147691,2.3403419653845585
2024-11-06,222.72,-0.0032669501006936,22,227.615,40.20279234323278,10,40,0.4,0.4534090909090909,0.6801754385964914,0.7729292929292929,-1.0,0.0,0.0032669501006936,2.066836398428806,-1.0,0.0032669501006936,2.207641908049923,0.4,0.0588235294117647,0.23040106951871658,0.3333333333333333,-1.0,0.0,0.0032669501006936,3.2663070555818825,-1.0,0.0032669501006936,3.5103481900339837,2.332696184965088
2024-11-07,227.48,0.0213721264367816,22,227.306,49.291754705581,10,40,1.0,0.4534090909090909,0.6801754385964914,0.7729292929292929,-1.0,0.0,-0.0213721264367816,2.022663709597443,-1.0,-0.0213721264367816,2.1604599060639424,0.0,0.0588235294117647,0.23040106951871658,0.3333333333333333,-1.0,0.0,-0.0213721264367816,3.196499128208635,-1.0,-0.0213721264367816,3.4353245846794502,2.38255086276876
2024-11-08,226.96,-0.0022859152452961,22,226.861,48.42580763467768,10,40,0.5,0.4534090909090909,0.6801754385964914,0.7729292929292929,-1.0,0.0,0.0022859152452961,2.027287347407319,-1.0,0.0022859152452961,2.165398534300065,-0.5,0.0588235294117647,0.23040106951871658,0.3333333333333333,-1.0,0.0,0.0022859152452961,3.2038060542973827,-1.0,0.0022859152452961,3.4431774455201096,2.3771045534288637
2024-11-11,224.23,-0.0120285512865704,22,225.944,44.050469724356354,10,40,1.0,0.4534090909090909,0.6801754385964914,0.7729292929292929,-1.0,0.0,0.0120285512865704,2.051672677238223,-1.0,0.0120285512865704,2.191445141625757,0.6666666666666666,0.0588235294117647,0.23040106951871658,0.3333333333333333,-1.0,0.0,0.0120285512865704,3.2423431997337233,-1.0,0.0120285512865704,3.4845938820123106,2.3485114293944047
2024-11-12,224.23,0.0,22,225.0,44.050469724356354,10,40,0.5,0.4534090909090909,0.6801754385964914,0.7729292929292929,0.5,1.5,-0.00075,2.0501339227302946,0.5,-0.00075,2.1898015577695378,0.5,0.0588235294117647,0.23040106951871658,0.3333333333333333,0.5,1.5,-0.00075,3.239911442333923,0.5,-0.00075,3.4819804366008014,2.3485114293944047
2024-11-13,225.12,0.003969138830665,22,224.502,45.89863034924441,10,40,1.0,0.4534090909090909,0.6801754385964914,0.7729292929292929,-1.0,1.5,-0.004719138830665,2.0404590561274745,-1.0,-0.004719138830665,2.179467580206817,0.5,0.0588235294117647,0.23040106951871658,0.3333333333333333,-1.0,1.5,-0.004719138830665,3.2246218504384894,-1.0,-0.004719138830665,3.465548487514823,2.357832997303075
2024-11-14,228.22,0.0137704335465529,22,224.733,51.86317239531108,10,40,1.0,0.4534090909090909,0.6801754385964914,0.7729292929292929,-1.0,0.0,-0.0137704335465529,2.012361050290609,-1.0,-0.0137704335465529,2.1494553667267127,-0.5,0.0588235294117647,0.23040106951871658,0.3333333333333333,-1.0,0.0,-0.0137704335465529,3.1802174095342637,-1.0,-0.0137704335465529,3.417826382365143,2.390301379906307
2024-11-15,225.0,-0.0141091928840592,22,224.942,46.16937859785621,10,40,1.0,0.4534090909090909,0.6801754385964914,0.7729292929292929,-1.0,0.0,0.0141091928840592,2.0407538405015266,-1.0,0.0141091928840592,2.1797824470915357,0.5,0.0588235294117647,0.23040106951871658,0.3333333333333333,-1.0,0.0,0.0141091928840592,3.2250877103786255,-1.0,0.0141091928840592,3.4660491540381586,2.356576156686176
2024-11-18,228.02,0.0134222222222222,22,225.543,51.542642137937115,10,40,0.0,0.4534090909090909,0.6801754385964914,0.7729292929292929,0.5,1.5,0.0059611111111111,2.0529190008951828,0.5,0.0059611111111111,2.1927763724566978,0.0,0.0588235294117647,0.23040106951871658,0.3333333333333333,1.0,2.0,0.012422222222222199,3.265150466603106,1.0,0.012422222222222199,3.5091051868627656,2.388206645544808
2024-11-19,228.28,0.001140250855188,22,226.026,51.986985615803434,10,40,1.0,0.4534090909090909,0.6801754385964914,0.7729292929292929,0.5,0.0,0.000570125427594,2.054089422218384,0.5,0.000570125427594,2.1940265300236628,-1.0,0.0588235294117647,0.23040106951871658,0.3333333333333333,0.5,0.5,0.000320125427594,3.2661957242923862,0.5,0.000320125427594,3.510228540661182,2.3909298002147565
2024-11-20,229.0,0.003154021377256,22,226.654,53.26502697255194,10,40,1.0,0.4534090909090909,0.6801754385964914,0.7729292929292929,0.5,0.0,0.001577010688628,2.05732874319262,0.5,0.001577010688628,2.1974865333126434,0.0,0.0588235294117647,0.23040106951871658,0.3333333333333333,0.5,0.0,0.001577010688628,3.271346549860746,0.5,0.001577010688628,3.5157642085893315,2.3984708439161526
2024-11-21,228.52,-0.0020960698689955,22,226.758,52.266177379641974,10,40,0.0,0.4534090909090909,0.6801754385964914,0.7729292929292929,0.5,0.0,-0.00104803493449775,2.0551725907980076,0.5,-0.00104803493449775,2.1951834906576435,0.0,0.0588235294117647,0.23040106951871658,0.3333333333333333,1.0,0.5,-0.0023460698689955,3.263671742289075,1.0,-0.0023460698689955,3.507515980113067,2.3934434814485557
2024-11-22,229.87,0.0059075792053211,22,227.04900000000004,54.83166119158286,10,40,1.0,0.4534090909090909,0.6801754385964914,0.7729292929292929,0.5,0.0,0.00295378960266055,2.0612431382283796,0.5,0.00295378960266055,2.20166760082828,-0.5,0.0588235294117647,0.23040106951871658,0.3333333333333333,0.5,0.5,0.0027037896026605498,3.2724960240123733,0.5,0.0027037896026605498,3.516999565351262,2.4075829383886727
2024-11-25,232.87,0.0130508548309913,22,227.913,59.97921438242697,10,40,0.0,0.4534090909090909,0.6801754385964914,0.7729292929292929,0.5,0.0,0.00652542741549565,2.074693630712577,0.5,0.00652542741549565,2.2160344229505333,0.0,0.0588235294117647,0.23040106951871658,0.3333333333333333,0.5,0.0,0.00652542741549565,3.2938504592845637,0.5,0.00652542741549565,3.539949490735291,2.439003953811155
2024-11-26,235.06,0.0094043887147334,22,228.996,63.26996944175624,10,40,0.5,0.4534090909090909,0.6801754385964914,0.7729292929292929,0.5,0.0,0.0047021943573667,2.0844492433961785,0.5,0.0047021943573667,2.2264546475098617,0.0,0.0588235294117647,0.23040106951871658,0.3333333333333333,1.0,0.5,0.0091543887147334,3.3240036467570575,1.0,0.0091543887147334,3.5723555644040044,2.461941295069567
2024-11-27,234.93,-0.0005530502850336,22,229.977,62.939132027196784,10,40,1.0,0.4534090909090909,0.6801754385964914,0.7729292929292929,0.5,0.0,-0.0002765251425168,2.0838728407720795,0.5,-0.0002765251425168,2.225838976821152,-1.0,0.0588235294117647,0.23040106951871658,0.3333333333333333,0.5,0.5,-0.0005265251425168,3.3222534752632225,0.5,-0.0005265251425168,3.570474629381336,2.4605797177345927
