date,close,news_score,sma,rsi,signal,market_return,position,turnover,transaction_cost,strategy_return_gross,strategy_return,window,sma_window,rsi_threshold,strategy_equity,benchmark_equity
2020-07-14,97.0575,0.0,91.60387499999999,73.96525182707856,0,0.016548401455840356,0,0.0,0.0,0.0,0.0,1,20,40,1.0,1.0165484014558404
2020-07-15,97.725,0.0,92.089125,75.0903542211523,0,0.006877366509543181,0,0.0,0.0,0.0,0.0,1,20,40,1.0,1.0235395773873424
2020-07-16,96.5225,1.0,92.520375,69.2816978139659,0,-0.012304937324123855,0,0.0,0.0,-0.0,-0.0,1,20,40,1.0,1.010944987038831
2020-07-17,96.3275,1.0,92.940125,68.3582409301884,0,-0.0020202543448417654,0,0.0,0.0,-0.0,-0.0,1,20,40,1.0,1.0089026210363699
2020-07-20,98.3575,0.0,93.4865,72.4718353338865,0,0.021073940463522955,0,0.0,0.0,0.0,0.0,1,20,40,1.0,1.0301641748055825
2020-07-21,97.0,0.0,93.85062500000001,66.26756979618077,0,-0.013801692804310872,0,0.0,0.0,-0.0,-0.0,1,20,40,1.0,1.0159461653269095
2020-07-22,97.2725,0.0,94.13262499999999,66.88050722997158,0,0.002809278350515365,0,0.0,0.0,0.0,0.0,1,20,40,1.0,1.0188002408944514
2020-07-23,92.845,0.0,94.274125,50.74624323656817,0,-0.045516461487059456,0,0.0,0.0,-0.0,-0.0,1,20,40,1.0,0.9724280589667722
2020-07-24,92.615,0.0,94.344375,50.07049421103599,0,-0.00247724702461094,0,0.0,0.0,-0.0,-0.0,1,20,40,1.0,0.9700191144510486
2020-07-27,94.81,0.0,94.6645,56.08117440817674,0,0.023700264535982285,0,0.0,0.0,0.0,0.0,1,20,40,1.0,0.9930088240684978
2020-07-28,93.2525,0.0,94.804875,51.356817777193726,0,-0.016427592026157622,0,0.0,0.0,-0.0,-0.0,1,20,40,1.0,0.976696080228326
2020-07-29,95.04,0.0,94.996875,55.94387873712155,0,0.019168386906517343,0,0.0,0.0,0.0,0.0,1,20,40,1.0,0.9954177685842215
2020-07-30,96.19,0.0,95.255,58.64577629697656,0,0.01210016835016825,0,0.0,0.0,0.0,0.0,1,20,40,1.0,1.0074624911628394
2020-07-31,106.26,0.0,96.016625,73.79881798236167,0,0.1046886370724609,0,0.0,0.0,0.0,0.0,1,20,40,1.0,1.1129323662643031
2020-08-03,108.9375,0.5,96.790375,76.28683922173224,0,0.025197628458498045,0,0.0,0.0,0.0,0.0,1,20,40,1.0,1.140975622528868
2020-08-04,109.665,0.0,97.615,76.92791338509825,0,0.006678141135972426,0,0.0,0.0,0.0,0.0,1,20,40,1.0,1.1485952187688198
2020-08-05,110.0625,1.0,98.351,77.28919034395588,0,0.0036246751470385696,0,0.0,0.0,0.0,0.0,1,20,40,1.0,1.1527585033122985
2020-08-06,113.9025,1.0,99.262,80.47060927010321,0,0.034889267461669426,0,0.0,0.0,0.0,0.0,1,20,40,1.0,1.1929774030530749
2020-08-07,111.1125,1.0,100.021625,72.52159539982023,0,-0.024494633568183377,0,0.0,0.0,-0.0,-0.0,1,20,40,1.0,1.1637558587101668
2020-08-10,112.7275,1.0,100.884125,74.11552222410819,0,0.014534818314771103,0,0.0,0.0,0.0,0.0,1,20,40,1.0,1.1806708386792695
2020-08-11,109.375,0.0,101.5,65.60780031334535,0,-0.029739859395444768,0,0.0,0.0,-0.0,-0.0,1,20,40,1.0,1.145557853944646
2020-08-12,113.01,0.0,102.26424999999999,69.67276883172083,0,0.03323428571428577,0,0.0,0.0,0.0,0.0,1,20,40,1.0,1.1836296509648865
2020-08-13,115.01,0.0,103.188625,71.65768776713797,0,0.01769754888947883,0,0.0,0.0,0.0,0.0,1,20,40,1.0,1.2045769945798743
2020-08-14,114.9075,0.0,104.117625,71.39976756282365,0,-0.0008912268498392217,0,0.0,0.0,-0.0,-0.0,1,20,40,1.0,1.2035034432196061
2020-08-17,114.6075,0.0,104.930125,70.59882363885188,0,-0.0026107956399712418,0,0.0,0.0,-0.0,-0.0,1,20,40,1.0,1.200361341677358
2020-08-18,115.5625,0.0,105.85825,71.68762442113677,0,0.00833278799380488,0,0.0,0.0,0.0,0.0,1,20,40,1.0,1.2103636982535146
2020-08-19,115.7075,-1.0,106.78,71.85803145002757,0,0.0012547322877229927,0,0.0,0.0,0.0,0.0,1,20,40,1.0,1.2118823806656012
2020-08-20,118.275,0.0,108.0515,74.75541842681305,1,0.022189572845321193,0,0.0,0.0,0.0,0.0,1,20,40,1.0,1.2387735330313419
2020-08-21,124.37,0.0,109.63924999999999,80.01550747040858,0,0.05153244557176073,1,1.0,0.0005,0.05153244557176073,0.05103244557176073,1,20,40,1.0510324455717608,1.3026105626980171
2020-08-24,125.8575,-0.4,111.191625,81.05310949947307,0,0.011960279810243613,0,1.0,0.0005,0.0,-0.0005,1,20,40,1.050506929348975,1.3181901495116644
2020-08-25,124.825,0.0,112.77024999999999,78.02488147240315,1,-0.008203722463897667,0,0.0,0.0,-0.0,-0.0,1,20,40,1.050506929348975,1.3073760833704269
2020-08-26,126.5225,0.0,114.34437499999999,79.38832332551495,0,0.013599038654115603,1,1.0,0.0005,0.013599038654115603,0.013099038654115602,1,20,40,1.0642675602229337,1.3251551412636475
2020-08-27,125.01,0.0,115.785375,74.92748159892034,0,-0.011954395463257383,0,1.0,0.0005,-0.0,-0.0005,1,20,40,1.0637354264428223,1.3093137126548131
2020-08-28,124.8075,0.3333333333333333,116.71275,74.32532241547626,0,-0.0016198704103671524,0,0.0,0.0,-0.0,-0.0,1,20,40,1.0637354264428223,1.3071927941137955
2020-08-31,129.04,-1.0,117.717875,78.25829101750341,0,0.03391222482623224,0,0.0,0.0,0.0,0.0,1,20,40,1.0637354264428223,1.3515226100390132
2020-09-01,134.18,0.0,118.943625,81.88703176757112,1,0.03983261004339744,0,0.0,0.0,0.0,0.0,1,20,40,1.0637354264428223,1.405357283129532
2020-09-02,131.4,0.0,120.01050000000001,74.63178097523658,0,-0.020718437919213017,1,1.0,0.0005,-0.020718437919213017,-0.021218437919213018,1,20,40,1.0411646223343776,1.3762404755046989
2020-09-03,120.88,0.75,120.359375,54.83311777859201,0,-0.08006088280060886,0,1.0,0.0005,-0.0,-0.0005,1,20,40,1.0406440400232104,1.266057448089863
2020-09-04,120.96,0.0,120.85175,54.931032636998886,0,0.0006618133686300265,0,0.0,0.0,0.0,0.0,1,20,40,1.0406440400232104,1.2668953418344624
2020-09-08,112.82,1.0,120.85637499999999,44.3870659163487,0,-0.0672949735449736,0,0.0,0.0,-0.0,-0.0,1,20,40,1.0406440400232104,1.181639653321462
2020-09-09,117.32,1.0,121.25362499999999,50.09056892252146,-1,0.039886544938840585,0,0.0,0.0,0.0,0.0,1,20,40,1.0406440400232104,1.2287711764551845
2020-09-10,113.49,0.0,121.27762500000001,45.78654494043678,-1,-0.03264575519945445,-1,1.0,0.0005,0.03264575519945445,0.03214575519945445,1,20,40,1.0740963285835678,1.188657013432483
2020-09-11,112.0,0.0,121.127125,44.1955477355253,0,-0.013128910036126484,-1,0.0,0.0,0.013128910036126484,0.013128910036126484,1,20,40,1.0881980426516753,1.1730512424393171
2020-09-14,115.355,0.5,121.14950000000002,48.53223212676621,0,0.029955357142857242,0,1.0,0.0005,0.0,-0.0005,1,20,40,1.0876539436303496,1.2081904113534594
2020-09-15,115.54,-1.0,121.19612500000001,48.768654523754876,-1,0.0016037449612067434,0,0.0,0.0,0.0,0.0,1,20,40,1.0876539436303496,1.2101280406378458
2020-09-16,112.13,1.0,121.02449999999999,44.69332025833739,0,-0.029513588367664934,-1,1.0,0.0005,0.029513588367664934,0.029013588367664933,1,20,40,1.119210687437308,1.1744128197742916
2020-09-17,110.34,0.0,120.756125,42.67726524191708,-1,-0.015963613662712817,0,1.0,0.0005,-0.0,-0.0005,1,20,40,1.1186510820935893,1.1556649472388776
2020-09-18,106.84,0.0,120.184375,38.975170876545725,0,-0.03172013775602678,-1,1.0,0.0005,0.03172013775602678,0.031220137756026778,1,20,40,1.1535755229774796,1.119007095912649
2020-09-21,110.08,0.0,119.469875,43.83250117664774,0,0.030325720703856085,0,1.0,0.0005,0.0,-0.0005,1,20,40,1.152998735215991,1.1529417925689291
2020-09-22,111.81,0.0,118.7675,46.290750480990695,0,0.015715843023255793,0,0.0,0.0,0.0,0.0,1,20,40,1.152998735215991,1.1710612447958937
2020-09-23,107.12,0.0,117.88225,41.04601849992807,0,-0.0419461586620159,0,0.0,0.0,-0.0,-0.0,1,20,40,1.152998735215991,1.1219397240187472
2020-09-24,108.22,0.2,116.96712500000001,42.68620329844954,0,0.01026885735623595,0,0.0,0.0,0.0,0.0,1,20,40,1.152998735215991,1.1334607630069904
2020-09-25,112.28,0.0,116.33062499999998,48.393164294418604,0,0.03751617076326008,0,0.0,0.0,0.0,0.0,1,20,40,1.152998735215991,1.1759838705454158
2020-09-28,114.96,0.0,115.83824999999999,51.80465551645354,0,0.02386889918061974,0,0.0,0.0,0.0,0.0,1,20,40,1.152998735215991,1.2040533109894993
2020-09-29,114.09,-0.3333333333333333,115.09075,50.63447600670303,0,-0.007567849686847539,0,0.0,0.0,-0.0,-0.0,1,20,40,1.152998735215991,1.1949412165169797
2020-09-30,115.81,0.0,114.17225,52.89965071797122,1,0.015075817337189878,0,0.0,0.0,0.0,0.0,1,20,40,1.152998735215991,1.2129559320258692
2020-10-01,116.79,1.0,113.44175,54.1894605157239,0,0.008462136257663344,1,1.0,0.0005,0.008462136257663344,0.007962136257663344,2,20,40,1.1621790682506943,1.223220130397213
2020-10-02,113.02,0.0,113.04875,48.668102416996,-1,-0.032280160972686156,0,1.0,0.0005,-0.0,-0.0005,2,20,40,1.161597978716569,1.183734387682961
2020-10-05,116.5,0.0,112.82575,53.389172801384916,0,0.03079101044062993,-1,1.0,0.0005,-0.03079101044062993,-0.03129101044062993,2,20,40,1.1252504042367342,1.2201827655730397
2020-10-06,113.16,1.0,112.84275,48.7544932757884,0,-0.028669527896995728,0,1.0,0.0005,-0.0,-0.0005,2,20,40,1.124687779034616,1.18520070173601
2020-10-07,115.08,1.0,112.73075000000001,51.368025534189265,0,0.016967126193001114,0,0.0,0.0,0.0,0.0,2,20,40,1.124687779034616,1.2053101516063984
2020-10-08,114.97,0.6666666666666666,112.80474999999998,51.206895440660354,0,-0.0009558567952728803,0,0.0,0.0,-0.0,-0.0,2,20,40,1.124687779034616,1.2041580477075742
2020-10-09,116.97,1.0,113.05324999999998,54.030326570831626,0,0.017395842393667982,0,0.0,0.0,0.0,0.0,2,20,40,1.124687779034616,1.225105391322562
2020-10-12,124.4,1.0,113.50549999999998,62.671985775735415,0,0.06352056082756263,0,0.0,0.0,0.0,0.0,2,20,40,1.124687779034616,1.3029247728522417
2020-10-13,121.1,0.0,113.78349999999998,57.50168184134097,0,-0.026527331189710734,0,0.0,0.0,-0.0,-0.0,2,20,40,1.124687779034616,1.2683616558875117
2020-10-14,121.19,0.0,114.2365,57.604406944438495,0,0.0007431874483898593,0,0.0,0.0,0.0,0.0,2,20,40,1.124687779034616,1.2693042863501862
2020-10-15,120.71,0.0,114.755,56.81562664580132,0,-0.003960722831916841,0,0.0,0.0,-0.0,-0.0,2,20,40,1.124687779034616,1.264276923882589
2020-10-16,119.02,0.4,115.36399999999999,54.01138269986385,0,-0.01400049705906714,0,0.0,0.0,-0.0,-0.0,2,20,40,1.124687779034616,1.2465764185279244
2020-10-19,115.98,0.0,115.65899999999999,49.297840024831615,0,-0.0255419257267685,0,0.0,0.0,-0.0,-0.0,2,20,40,1.124687779034616,1.214736456233143
2020-10-20,117.51,0.0,115.944,51.58775773774279,0,0.013191929643041833,0,0.0,0.0,0.0,0.0,2,20,40,1.124687779034616,1.2307611740986086
2020-10-21,116.87,0.0,116.4315,50.55911142327301,0,-0.0054463449919155416,0,0.0,0.0,-0.0,-0.0,2,20,40,1.124687779034616,1.2240580241418126
2020-10-22,115.75,0.0,116.80799999999999,48.727975743006816,0,-0.009583297681184266,0,0.0,0.0,-0.0,-0.0,2,20,40,1.124687779034616,1.2123275117174195
2020-10-23,115.04,-0.5,116.946,47.55222055440537,0,-0.006133909287256989,0,0.0,0.0,-0.0,-0.0,2,20,40,1.124687779034616,1.204891204734099
2020-10-26,115.05,0.0,116.9505,47.57140870229833,0,8.692628650885936e-05,0,0.0,0.0,0.0,0.0,2,20,40,1.124687779034616,1.2049959414521736
2020-10-27,116.6,0.0,117.076,50.58890542941047,0,0.013472403302911662,0,0.0,0.0,0.0,0.0,2,20,40,1.124687779034616,1.221230132753789
2020-10-28,111.2,1.0,116.84549999999999,41.6049027102245,0,-0.046312178387650005,0,0.0,0.0,-0.0,-0.0,2,20,40,1.124687779034616,1.164672304993322
2020-10-29,115.32,0.0,116.772,49.04067972956857,-1,0.03705035971223003,0,0.0,0.0,0.0,0.0,2,20,40,1.124687779034616,1.2078238328401967
2020-10-30,108.86,0.0,116.56400000000001,40.36218135748704,0,-0.05601803676725625,-1,1.0,0.0005,0.05601803676725625,0.05551803676725625,2,20,40,1.1871282365027436,1.1401639129637862
2020-11-02,108.77,0.0,116.17750000000001,40.255299046046595,0,-0.0008267499540695056,0,1.0,0.0005,-0.0,-0.0005,2,20,40,1.1865346723844923,1.1392212825011117
2020-11-03,110.44,0.0,116.04150000000001,43.25788450017426,0,0.015353498207226313,0,0.0,0.0,0.0,0.0,2,20,40,1.1865346723844923,1.1567123144196265
2020-11-04,114.95,0.0,116.035,50.49389949250393,0,0.04083665338645415,0,0.0,0.0,0.0,0.0,2,20,40,1.1865346723844923,1.203948574271424
2020-11-05,119.03,0.0,116.23800000000001,55.96483804648432,0,0.03549369290996074,0,0.0,0.0,0.0,0.0,2,20,40,1.1865346723844923,1.2466811552459989
2020-11-06,118.69,0.0,116.324,55.41525178710416,0,-0.002856422750567078,0,0.0,0.0,-0.0,-0.0,2,20,40,1.1865346723844923,1.243120106831451
2020-11-09,116.32,-0.3333333333333333,115.92,51.61061044306903,0,-0.01996798382340559,0,0.0,0.0,-0.0,-0.0,2,20,40,1.1865346723844923,1.2182975046476905
2020-11-10,115.97,-1.0,115.6635,51.05315345167049,1,-0.0030089408528197747,0,0.0,0.0,-0.0,-0.0,2,20,40,1.1865346723844923,1.2146317195150678
2020-11-11,119.49,0.6666666666666666,115.5785,56.179510991008755,1,0.030352677416573215,1,1.0,0.0005,0.030352677416573215,0.029852677416573214,2,20,40,1.221955909202766,1.2514990442774463
2020-11-12,119.21,0.0,115.5035,55.67995621882241,0,-0.0023432923257176164,1,0.0,0.0,-0.0023432923257176164,-0.0023432923257176164,2,20,40,1.219092509298366,1.2485664161713481
2020-11-13,119.26,0.0,115.5155,55.755615110581495,0,0.0004194279003439938,0,1.0,0.0005,0.0,-0.0005,2,20,40,1.2184829630437168,1.249090099761723
2020-11-16,120.3,0.0,115.73150000000001,57.38516848109484,0,0.008720442730169253,0,0.0,0.0,0.0,0.0,2,20,40,1.2184829630437168,1.2599827184415164
2020-11-17,119.39,0.0,115.82549999999999,55.460367177534806,0,-0.0075644222776392045,0,0.0,0.0,-0.0,-0.0,2,20,40,1.2184829630437168,1.2504516770966971
2020-11-18,118.03,0.0,115.8835,52.619721987537794,0,-0.01139123879721915,0,0.0,0.0,-0.0,-0.0,2,20,40,1.2184829630437168,1.2362074834385055
2020-11-19,118.64,0.0,116.02799999999999,53.763636399236425,0,0.005168177581970745,0,0.0,0.0,0.0,0.0,2,20,40,1.2184829630437168,1.2425964232410769
2020-11-20,117.34,0.0,116.143,50.940959011282445,0,-0.010957518543492917,0,0.0,0.0,-0.0,-0.0,2,20,40,1.2184829630437168,1.2289806498913347
2020-11-23,113.85,0.0,116.083,44.22769572549312,0,-0.02974262825975804,0,0.0,0.0,-0.0,-0.0,2,20,40,1.2184829630437168,1.1924275352831808
2020-11-24,115.17,0.0,116.0115,47.06895098129285,0,0.011594202898550732,0,0.0,0.0,0.0,0.0,2,20,40,1.2184829630437168,1.2062527820690727
2020-11-25,116.03,0.5,116.253,48.89561645993461,0,0.007467222366935866,0,0.0,0.0,0.0,0.0,2,20,40,1.2184829630437168,1.2152601398235174
2020-11-27,116.59,0.0,116.31649999999999,50.10314105824691,0,0.004826338016030274,0,0.0,0.0,0.0,0.0,2,20,40,1.2184829630437168,1.221125396035714
2020-11-30,119.05,0.0,116.826,55.119901855398226,0,0.021099579723818485,0,0.0,0.0,0.0,0.0,2,20,40,1.2184829630437168,1.246890628682149
2020-12-01,122.72,0.0,117.52349999999998,61.361379754997394,0,0.030827383452330936,0,0.0,0.0,0.0,0.0,2,20,40,1.2184829630437168,1.2853290042156518
2020-12-02,123.08,0.0,118.15549999999999,61.920805580135976,0,0.002933507170795213,0,0.0,0.0,0.0,0.0,2,20,40,1.2184829630437168,1.2890995260663494
2020-12-03,122.94,0.0,118.55499999999999,61.547605027824254,0,-0.0011374715632109789,0,0.0,0.0,-0.0,-0.0,2,20,40,1.2184829630437168,1.2876332120133
2020-12-04,122.25,-1.0,118.71599999999998,59.63974207453501,0,-0.005612493899463167,0,0.0,0.0,-0.0,-0.0,2,20,40,1.2184829630437168,1.2804063784661293
2020-12-07,123.75,-0.3333333333333333,118.96900000000001,62.37054756472423,1,0.012269938650306678,0,0.0,0.0,0.0,0.0,2,20,40,1.2184829630437168,1.29611688617737
2020-12-08,124.38,0.0,119.372,63.48794353917636,1,0.005090909090909035,1,1.0,0.0005,0.005090909090909035,0.004590909090909034,2,20,40,1.2240769075558722,1.302715299416091
2020-12-09,121.78,0.0,119.6625,56.08591891739688,0,-0.0209036822640295,1,0.0,0.0,-0.0209036822640295,-0.0209036822640295,2,20,40,1.1984891928135883,1.275483752716607
2020-12-10,123.24,0.0,119.85,58.978185520642555,0,0.011988832320578124,0,1.0,0.0005,0.0,-0.0005,2,20,40,1.1978899482171816,1.2907753135555482
2020-12-11,122.41,0.0,122.55999999999999,56.692228947644054,0,-0.006734826355079493,0,0.0,0.0,-0.0,-0.0,3,10,40,1.1978899482171816,1.2820821659553283
2020-12-14,121.78,-0.1666666666666667,122.83300000000001,54.95121982640917,0,-0.005146638346540278,0,0.0,0.0,-0.0,-0.0,3,10,40,1.1978899482171816,1.2754837527166072
2020-12-15,127.88,-0.4,123.349,65.87788100118837,1,0.050090326818853725,0,0.0,0.0,0.0,0.0,3,10,40,1.1978899482171816,1.33937315074232
2020-12-16,127.81,0.8333333333333334,123.82199999999997,65.68100303906527,1,-0.0005473881764153088,1,1.0,0.0005,-0.0005473881764153088,-0.0010473881764153088,3,10,40,1.1966352924487722,1.3386399937157956
2020-12-17,128.7,-0.5,124.398,67.03012566484166,0,0.006963461387997638,1,0.0,0.0,0.006963461387997638,0.006963461387997638,3,10,40,1.2049680161032545,1.347961561624465
2020-12-18,126.655,0.0,124.8385,61.08776428510816,1,-0.015889665889665783,0,1.0,0.0005,-0.0,-0.0005,3,10,40,1.204365532095203,1.32654290277814
2020-12-21,128.23,-1.0,125.2865,63.75298512888341,0,0.012435355888042121,1,1.0,0.0005,0.012435355888042121,0.01193535588804212,3,10,40,1.2187400633400505,1.3430389358749426
2020-12-22,131.88,0.0,126.03649999999998,69.04451882312367,1,0.02846447789128903,0,1.0,0.0005,0.0,-0.0005,3,10,40,1.2181306933083804,1.3812678379722954
2020-12-23,130.96,0.3333333333333333,126.95449999999998,66.41279259665217,0,-0.006976038823172437,1,1.0,0.0005,-0.006976038823172437,-0.007476038823172437,3,10,40,1.2090239009535089,1.3716320599094012
2020-12-24,131.97,0.0,127.82749999999999,67.86109996357698,0,0.007712278558338337,0,1.0,0.0005,0.0,-0.0005,3,10,40,1.2084193890030321,1.3822104684349699
2020-12-28,136.69,0.6666666666666666,129.2555,73.59205237174123,0,0.03576570432674098,0,0.0,0.0,0.0,0.0,3,10,40,1.2084193890030321,1.4316461993663412
2020-12-29,134.87,0.0,130.5645,68.51843947010671,0,-0.013314799912210074,0,0.0,0.0,-0.0,-0.0,3,10,40,1.2084193890030321,1.4125841166767024
2020-12-30,133.72,0.25,131.14849999999998,65.44804464262695,0,-0.008526729443167569,0,0.0,0.0,-0.0,-0.0,3,10,40,1.2084193890030321,1.4005393940980844
2020-12-31,132.69,0.0,131.6365,62.73641407072554,0,-0.00770266227938976,0,0.0,0.0,-0.0,-0.0,3,10,40,1.2084193890030321,1.3897515121363657
2021-01-04,129.41,0.0,131.7075,54.931366552646715,0,-0.02471927048006628,0,0.0,0.0,-0.0,-0.0,3,10,40,1.2084193890030321,1.3553978686077859
2021-01-05,131.01,0.5,132.143,57.69618259855131,0,0.012363804960976665,0,0.0,0.0,0.0,0.0,3,10,40,1.2084193890030321,1.372155743499776
2021-01-06,126.6,0.0,131.98,48.80846422945667,-1,-0.033661552553240215,0,0.0,0.0,-0.0,-0.0,3,10,40,1.2084193890030321,1.325966850828728
2021-01-07,130.92,0.6666666666666666,131.88400000000001,55.96454925046641,0,0.034123222748815074,-1,1.0,0.0005,-0.034123222748815074,-0.034623222748815075,3,10,40,1.1665800153235932,1.3712131130371015
2021-01-08,132.05,0.25,131.993,57.632892940912654,0,0.008631225175679935,0,1.0,0.0005,0.0,-0.0005,3,10,40,1.1659967253159316,1.3830483621795697
2021-01-11,128.98,0.0,131.69400000000002,51.88189129583264,-1,-0.023248769405528336,0,0.0,0.0,-0.0,-0.0,3,10,40,1.1659967253159316,1.3508941897305633
2021-01-12,128.8,0.0,130.905,51.557043525546966,0,-0.0013955652039073785,-1,1.0,0.0005,0.0013955652039073785,0.0008955652039073785,3,10,40,1.1670409514109945,1.3490089288052147
2021-01-13,130.89,0.2,130.507,55.07440042083618,0,0.01622670807453397,0,1.0,0.0005,0.0,-0.0005,3,10,40,1.166457430935289,1.3708989028828766
2021-01-14,128.91,0.0,130.026,51.275977380647404,0,-0.015127206050882358,0,0.0,0.0,-0.0,-0.0,3,10,40,1.166457430935289,1.3501610327040388
2021-01-15,127.14,-0.2666666666666667,129.471,48.08339965426517,0,-0.013730509657900791,0,0.0,0.0,-0.0,-0.0,3,10,40,1.166457430935289,1.3316226336047747
2021-01-19,127.83,-0.4,129.313,49.40587661673986,0,0.005427088249174039,0,0.0,0.0,0.0,0.0,3,10,40,1.166457430935289,1.3388494671519453
2021-01-20,132.03,0.0,129.415,56.645285169582955,1,0.032856137057028834,0,0.0,0.0,0.0,0.0,3,10,40,1.166457430935289,1.3828388887434195
2021-01-21,136.87,0.2,130.442,63.18307913156013,0,0.036658335226842365,1,1.0,0.0005,0.036658335226842365,0.036158335226842364,3,10,40,1.2086345897508886,1.43353146029169
2021-01-22,139.07,0.125,131.257,65.71397369167579,0,0.016073646525900376,0,1.0,0.0005,0.0,-0.0005,3,10,40,1.2080302724560132,1.4565735382681764
2021-01-25,142.92,-0.5,132.344,69.64639145556583,0,0.027683900194146682,0,0.0,0.0,0.0,0.0,3,10,40,1.2080302724560132,1.4968971747270277
2021-01-26,143.16,-0.1428571428571428,133.762,69.87832141967323,1,0.0016792611251050804,0,0.0,0.0,0.0,0.0,3,10,40,1.2080302724560132,1.4994108559608263
2021-01-27,142.06,0.0,135.08800000000002,67.33865263476162,1,-0.007683710533668564,1,1.0,0.0005,-0.007683710533668564,-0.008183710533668564,3,10,40,1.1981441023903243,1.4878898169725832
2021-01-28,137.09,-0.25,135.708,57.21983824368998,0,-0.03498521751372663,1,0.0,0.0,-0.03498521751372663,-0.03498521751372663,3,10,40,1.15622677035541,1.4358356680893385
2021-01-29,131.96,0.4,136.013,49.030041428426166,0,-0.037420672550879,0,1.0,0.0005,-0.0,-0.0005,3,10,40,1.1556486569702324,1.3821057317168948
2021-02-01,134.14,1.0,136.713,52.16340352682405,-1,0.016520157623522103,0,0.0,0.0,0.0,0.0,3,10,40,1.1556486569702324,1.4049383362572312
2021-02-02,134.99,0.5,137.429,53.36715094973775,-1,0.00633666318771442,-1,1.0,0.0005,-0.00633666318771442,-0.00683666318771442,3,10,40,1.1477478763391926,1.413840957293601
2021-02-03,133.94,0.5,137.62,51.638513619144135,-1,-0.0077783539521446565,-1,0.0,0.0,0.0077783539521446565,0.0077783539521446565,3,10,40,1.156675465569181,1.4028436018957324
2021-02-04,137.39,0.4,137.67199999999997,56.61151761886047,-1,0.025757802000895946,-1,0.0,0.0,-0.025757802000895946,-0.025757802000895946,3,10,40,1.126882047947756,1.4389777696315864
2021-02-05,136.76,-0.125,137.44099999999997,55.4894077158455,-1,-0.004585486571075048,-1,0.0,0.0,0.004585486571075048,0.004585486571075048,3,10,40,1.132049350445806,1.4323793563928653
2021-02-08,136.91,0.0,136.83999999999997,55.71448294984098,1,0.0010968119333139015,-1,0.0,0.0,-0.0010968119333139015,-0.0010968119333139015,3,10,40,1.1308077052091368,1.4339504071639895
2021-02-09,136.01,0.1666666666666667,136.125,53.95167420272358,0,-0.006573661529471919,1,2.0,0.001,-0.006573661529471919,-0.007573661529471919,3,10,40,1.1222433503949638,1.424524102537245
2021-02-10,135.39,0.3333333333333333,135.45800000000003,52.71430461500136,0,-0.004558488346445122,0,1.0,0.0005,-0.0,-0.0005,3,10,40,1.1216822287197663,1.4180304260165988
2021-02-11,135.13,0.2222222222222222,135.262,52.17390602763705,-1,-0.00192037816677737,0,0.0,0.0,-0.0,-0.0,3,10,40,1.1216822287197663,1.4153072713466506
2021-02-12,135.37,0.0,135.603,52.65637546094345,-1,0.0017760674905646923,-1,1.0,0.0005,-0.0017760674905646923,-0.0022760674905646923,3,10,40,1.1191292042642331,1.4178209525804493
2021-02-16,133.19,0.5,135.50799999999998,47.92688821612953,0,-0.016104011228484927,-1,0.0,0.0,0.016104011228484927,0.016104011228484927,3,10,40,1.1371516735358298,1.3949883480401126
2021-02-17,130.84,-0.4,135.09300000000002,43.40142406906353,-1,-0.017643967264809657,0,1.0,0.0005,-0.0,-0.0005,3,10,40,1.1365830976990619,1.370375219292502
2021-02-18,129.71,0.0,134.67000000000002,41.37816991989074,0,-0.00863650259859372,-1,1.0,0.0005,0.00863650259859372,0.00813650259859372,3,10,40,1.145830909027008,1.358539970150034
2021-02-19,129.87,0.2307692307692308,133.91799999999998,41.79193690105687,0,0.0012335209313083517,0,1.0,0.0005,0.0,-0.0005,3,10,40,1.1452579935724945,1.360215757639233
2021-02-22,126.0,0.3,132.842,35.30160917609773,-1,-0.02979902979902982,0,0.0,0.0,-0.0,-0.0,3,10,40,1.1452579935724945,1.3196826477442316
2021-02-23,125.86,0.125,131.73700000000002,35.089308833449465,-1,-0.0011111111111110628,-1,1.0,0.0005,0.0011111111111110628,0.0006111111111110627,3,10,40,1.1459578734574554,1.3182163336911825
2021-02-24,125.35,-0.4,130.671,34.28052860398611,0,-0.0040521214047354315,-1,0.0,0.0,0.0040521214047354315,0.0040521214047354315,3,10,40,1.1506014338854174,1.3128747610693605
2021-02-25,120.99,-0.1,129.231,28.27946877961935,0,-0.034782608695652195,0,1.0,0.0005,-0.0,-0.0005,4,10,40,1.1500261331684747,1.267209551988687
2021-02-26,121.26,0.0,127.84400000000001,29.10711560040326,0,0.002231589387552857,0,0.0,0.0,0.0,0.0,4,10,40,1.1500261331684747,1.2700374433767105
2021-03-01,127.79,0.625,127.08599999999998,45.49062273248158,0,0.05385122876463799,0,0.0,0.0,0.0,0.0,4,10,40,1.1500261331684747,1.3384305202796458
2021-03-02,125.12,0.2142857142857143,126.27900000000002,41.28896222621908,-1,-0.020893653650520427,0,0.0,0.0,-0.0,-0.0,4,10,40,1.1500261331684747,1.3104658165536371
2021-03-03,122.06,-0.4,125.401,37.063795805969825,-1,-0.024456521739130488,-1,1.0,0.0005,0.024456521739130488,0.023956521739130487,4,10,40,1.1775767592282933,1.2784163808227058
2021-03-04,120.13,-0.0769230769230769,124.44299999999998,34.655019006506066,0,-0.015811895788956254,-1,0.0,0.0,0.015811895788956254,0.015811895788956254,4,10,40,1.1961964802287077,1.2582021942342425
2021-03-05,121.42,0.0555555555555555,123.598,37.575271553911726,0,0.010738366769333263,0,1.0,0.0005,0.0,-0.0005,4,10,40,1.1955983819885934,1.2717132308659096
2021-03-08,116.36,0.5,122.63400000000001,31.60829033104551,0,-0.04167352989622797,0,0.0,0.0,-0.0,-0.0,4,10,40,1.1955983819885934,1.2187164515199904
2021-03-09,121.085,0.1875,122.15649999999998,41.02607124967609,-1,0.04060673771055345,0,0.0,0.0,0.0,0.0,4,10,40,1.1955983819885934,1.2682045508103992
2021-03-10,119.98,0.1428571428571428,121.61949999999999,39.650941200788054,0,-0.009125820704463772,-1,1.0,0.0005,0.009125820704463772,0.008625820704463771,4,10,40,1.205911399266174,1.2566311434631185
2021-03-11,121.96,0.1333333333333333,121.7165,43.317196946178264,0,0.016502750458409654,0,1.0,0.0005,0.0,-0.0005,4,10,40,1.205308443566541,1.2773690136419564
2021-03-12,121.03,0.2727272727272727,121.6935,42.02576846390945,0,-0.007625450967530312,0,0.0,0.0,-0.0,-0.0,4,10,40,1.205308443566541,1.2676284988609872
2021-03-15,123.99,-0.0666666666666666,121.3135,47.40081777403847,0,0.02445674626125749,0,0.0,0.0,0.0,0.0,4,10,40,1.205308443566541,1.2986305674111691
2021-03-16,125.57,0.09375,121.35849999999998,50.062314412885115,1,0.012742963142188923,0,0.0,0.0,0.0,0.0,4,10,40,1.205308443566541,1.3151789688670095
2021-03-17,124.76,-0.1111111111111111,121.62849999999999,48.70179569934296,0,-0.0064505853308910455,1,1.0,0.0005,-0.0064505853308910455,-0.006950585330891046,4,10,40,1.1969308443794884,1.3066952947029395
2021-03-18,120.53,0.0454545454545454,121.66850000000002,42.24510448993796,0,-0.033905097787752525,0,1.0,0.0005,-0.0,-0.0005,4,10,40,1.1963323789572986,1.2623916629572403
2021-03-19,119.99,0.0769230769230769,121.52550000000001,41.48890720451551,0,-0.004480212395254313,0,0.0,0.0,-0.0,-0.0,4,10,40,1.1963323789572986,1.2567358801811934
2021-03-22,123.39,0.2352941176470588,122.22849999999998,47.82200185734863,0,0.0283356946412201,0,0.0,0.0,0.0,0.0,4,10,40,1.1963323789572986,1.2923463643266726
2021-03-23,122.54,0.3333333333333333,122.374,46.4678873545616,0,-0.006888726801199452,0,0.0,0.0,-0.0,-0.0,4,10,40,1.1963323789572986,1.2834437432903028
2021-03-24,120.09,0.0,122.38500000000002,42.71361473849249,-1,-0.019993471519503814,0,0.0,0.0,-0.0,-0.0,4,10,40,1.1963323789572986,1.2577832473619428
2021-03-25,120.59,0.1052631578947368,122.248,43.71308285384864,0,0.004163544008660258,-1,1.0,0.0005,-0.004163544008660258,-0.004663544008660259,4,10,40,1.190753230259046,1.26302008326569
2021-03-26,121.21,0.3666666666666666,122.266,44.99461383892725,0,0.005141388174807027,0,1.0,0.0005,0.0,-0.0005,4,10,40,1.1901578536439166,1.269513759786336
2021-03-29,121.39,-0.1818181818181818,122.006,45.38340089811377,-1,0.0014850259879548577,0,0.0,0.0,0.0,0.0,4,10,40,1.1901578536439166,1.271399020711685
2021-03-30,119.9,-0.2,121.43900000000001,42.69332222812899,0,-0.012274487190048533,-1,1.0,0.0005,0.012274487190048533,0.011774487190048533,4,10,40,1.2041713520457824,1.2557932497185191
2021-03-31,122.15,0.28,121.17800000000003,47.73166322256842,1,0.018765638031693177,0,1.0,0.0005,0.0,-0.0005,4,10,40,1.2035692663697595,1.2793590112853805
2021-04-01,123.0,0.0357142857142857,121.425,49.53667194556931,0,0.0069586573884568015,1,1.0,0.0005,0.0069586573884568015,0.006458657388456801,4,10,40,1.211342707904518,1.2882616323217504
2021-04-05,125.9,0.3333333333333333,122.016,55.218673333834836,0,0.02357723577235782,0,1.0,0.0005,0.0,-0.0005,4,10,40,1.2107370365505659,1.318635280563483
2021-04-06,126.21,0.2857142857142857,122.298,55.79170365771667,0,0.0024622716441620174,0,0.0,0.0,0.0,0.0,4,10,40,1.2107370365505659,1.321882118823806
2021-04-07,127.9,0.0,122.83400000000002,58.880823464622885,0,0.013390381110847116,0,0.0,0.0,0.0,0.0,4,10,40,1.2107370365505659,1.3395826241784707
2021-04-08,130.36,-0.1428571428571428,123.86099999999999,62.9402656542237,0,0.019233776387802992,0,0.0,0.0,0.0,0.0,4,10,40,1.2107370365505659,1.3653478568249058
2021-04-09,132.995,0.2413793103448276,125.10150000000002,66.72918677722635,1,0.0202132555998773,0,0.0,0.0,0.0,0.0,4,10,40,1.2107370365505659,1.3929459820376522
2021-04-12,131.24,-0.103448275862069,126.1045,62.1701180506697,0,-0.013195984811459005,1,1.0,0.0005,-0.013195984811459005,-0.013695984811459005,4,10,40,1.1941548004872984,1.3745646880155005
2021-04-13,134.43,0.08,127.4085,66.63264031071384,1,0.02430661383724475,0,1.0,0.0005,0.0,-0.0005,4,10,40,1.1935577230870549,1.407975701081406
2021-04-14,132.03,0.125,128.62150000000003,60.81971146487423,0,-0.017853157777281914,1,1.0,0.0005,-0.017853157777281914,-0.018353157777281914,4,10,40,1.1716521698789448,1.3828388887434206
2021-04-15,134.5,0.45,129.8565,64.27403018598778,0,0.018707869423615797,0,1.0,0.0005,0.0,-0.0005,4,10,40,1.1710663437940054,1.4087088581079306
2021-04-16,134.16,0.1428571428571428,130.9725,63.44483325910811,0,-0.002527881040892188,0,0.0,0.0,-0.0,-0.0,4,10,40,1.1710663437940054,1.4051478096933827
2021-04-19,134.84,0.0,131.86650000000003,64.43311918376885,0,0.005068574836016637,0,0.0,0.0,0.0,0.0,4,10,40,1.1710663437940054,1.4122699065224784
2021-04-20,133.11,0.1967213114754098,132.5565,59.989555976676456,0,-0.012830020765351446,0,0.0,0.0,-0.0,-0.0,4,10,40,1.1710663437940054,1.394150454295514
2021-04-21,133.5,-0.125,133.1165,60.64840772591006,0,0.0029299075952218256,0,0.0,0.0,0.0,0.0,4,10,40,1.1710663437940054,1.3982351863004365
2021-04-22,131.94,0.0,133.27450000000002,56.63128220876901,0,-0.01168539325842699,0,0.0,0.0,-0.0,-0.0,4,10,40,1.1710663437940054,1.381896258280746
2021-04-23,134.32,0.3181818181818182,133.40699999999998,60.887718968715056,0,0.018038502349552843,0,0.0,0.0,0.0,0.0,4,10,40,1.1710663437940054,1.4068235971825815
2021-04-26,134.72,0.0392156862745098,133.755,61.57037737164881,0,0.0029779630732580387,0,0.0,0.0,0.0,0.0,4,10,40,1.1710663437940054,1.4110130659055793
2021-04-27,134.39,0.06,133.75099999999998,60.63018265980166,0,-0.0024495249406176756,0,0.0,0.0,-0.0,-0.0,4,10,40,1.1710663437940054,1.407556754209106
2021-04-28,133.58,0.1294117647058824,133.906,58.277815981674046,0,-0.006027234169208806,0,0.0,0.0,-0.0,-0.0,4,10,40,1.1710663437940054,1.3990730800450364
2021-04-29,133.48,0.25,133.804,57.9787379153188,0,-0.0007486150621351939,0,0.0,0.0,-0.0,-0.0,4,10,40,1.1710663437940054,1.3980257128642868
2021-04-30,131.46,-0.1967213114754098,133.53400000000002,52.15606774446349,-1,-0.015133353311357345,0,0.0,0.0,-0.0,-0.0,4,10,40,1.1710663437940054,1.3768688958131494
2021-05-03,132.54,-0.02,133.304,54.77138165032067,0,0.008215426745778132,-1,1.0,0.0005,-0.008215426745778132,-0.008715426745778132,4,10,40,1.1608600008602226,1.3881804613652429
2021-05-04,127.85,0.0909090909090909,132.778,43.62025134950916,0,-0.035385543986721,0,1.0,0.0005,-0.0,-0.0005,4,10,40,1.1602795708597926,1.3390589405880964
2021-05-05,128.1,0.4285714285714285,132.238,44.27157049985581,0,0.001955416503715224,0,0.0,0.0,0.0,0.0,4,10,40,1.1602795708597926,1.3416773585399697
2021-05-06,129.74,0.0714285714285714,132.01799999999997,48.47655257563841,-1,0.012802498048399835,0,0.0,0.0,0.0,0.0,4,10,40,1.1602795708597926,1.35885418030426
2021-05-07,130.21,0.2592592592592592,132.507,49.64910754247171,0,0.003622629875134953,-1,1.0,0.0005,-0.003622629875134953,-0.004122629875134953,5,20,40,1.1554961676374573,1.3637768060537823
2021-05-10,126.85,0.2777777777777778,132.2875,42.247074199685464,-1,-0.025804469702787936,0,1.0,0.0005,-0.0,-0.0005,5,20,40,1.1549184195536386,1.3285852687806026
2021-05-11,125.91,-0.032258064516129,131.8615,40.43102503255764,-1,-0.00741032715806067,-1,1.0,0.0005,0.00741032715806067,0.0069103271580606696,5,20,40,1.1628992836736245,1.3187400172815584
2021-05-12,122.77,-0.0344827586206896,131.39849999999998,35.016178092068245,0,-0.02493844809784762,-1,0.0,0.0,0.02493844809784762,0.02493844809784762,5,20,40,1.1919001871025434,1.2858526878060277
2021-05-13,124.97,0.0666666666666666,130.922,40.98029544652051,0,0.01791968722000492,0,1.0,0.0005,0.0,-0.0005,5,20,40,1.1913042370089921,1.3088947657825143
2021-05-14,127.45,0.1428571428571428,130.5865,46.89692384061991,0,0.019844762743058464,0,0.0,0.0,0.0,0.0,5,20,40,1.1913042370089921,1.3348694718650993
2021-05-17,126.27,0.2045454545454546,130.158,44.60562416855216,0,-0.009258532757944304,0,0.0,0.0,-0.0,-0.0,5,20,40,1.1913042370089921,1.3225105391322565
2021-05-18,124.85,0.1212121212121212,129.74499999999998,41.94945989779889,-1,-0.011245743248594287,0,0.0,0.0,-0.0,-0.0,5,20,40,1.1913042370089921,1.3076379251656152
2021-05-19,124.69,0.125,129.3045,41.64851901254576,0,-0.0012815378454145154,-1,1.0,0.0005,0.0012815378454145154,0.0007815378454145154,5,20,40,1.1922352863556174,1.3059621376764161
2021-05-20,127.31,0.1851851851851852,129.073,48.20148778610276,0,0.021012110032881504,0,1.0,0.0005,0.0,-0.0005,5,20,40,1.1916391687124397,1.3334031578120502
2021-05-21,125.43,0.0465116279069767,128.6285,44.35250792454506,0,-0.014767103919566371,0,0.0,0.0,-0.0,-0.0,5,20,40,1.1916391687124397,1.3137126548139617
2021-05-24,127.1,0.1612903225806452,128.2475,48.30167048441163,0,0.013314199154907058,0,0.0,0.0,0.0,0.0,5,20,40,1.1916391687124397,1.3312036867324766
2021-05-25,126.9,0.037037037037037,127.873,47.86358101817535,0,-0.0015735641227379027,0,0.0,0.0,-0.0,-0.0,5,20,40,1.1916391687124397,1.3291089523709778
2021-05-26,126.85,0.2592592592592592,127.5365,47.74698832468618,0,-0.00039401103230896073,0,0.0,0.0,-0.0,-0.0,5,20,40,1.1916391687124397,1.328585268780603
2021-05-27,125.28,0.2352941176470588,127.1265,44.11328181430449,-1,-0.012376823019314087,0,0.0,0.0,-0.0,-0.0,5,20,40,1.1916391687124397,1.3121416040428378
2021-05-28,124.61,-0.25,126.78399999999999,42.62253803983716,-1,-0.00534802043422733,-1,1.0,0.0005,0.00534802043422733,0.004848020434227329,5,20,40,1.1974162597525833,1.305124243931817
2021-06-01,124.28,0.0,126.37100000000001,41.871985648569094,0,-0.002648262579247218,-1,0.0,0.0,0.002648262579247218,0.002648262579247218,5,20,40,1.2005873324250682,1.301667932235344
2021-06-02,125.06,0.2368421052631579,126.23150000000001,44.36571635230367,0,0.006276150627614996,0,1.0,0.0005,0.0,-0.0005,5,20,40,1.1999870387588558,1.309837396245189
2021-06-03,123.54,0.2666666666666667,126.0035,40.701290697831794,-1,-0.012154166000319822,0,0.0,0.0,-0.0,-0.0,5,20,40,1.1999870387588558,1.2939174150977983
2021-06-04,125.89,0.1891891891891892,125.81099999999999,47.870205038339,0,0.01902217905131942,-1,1.0,0.0005,-0.01902217905131942,-0.01952217905131942,5,20,40,1.176560676928943,1.3185305438454091
2021-06-07,125.9,0.2173913043478261,125.59549999999999,47.899069964272954,0,7.943442688063129e-05,0,1.0,0.0005,0.0,-0.0005,5,20,40,1.1759723965904785,1.318635280563484
2021-06-08,126.74,0.1578947368421053,125.58999999999999,50.38430506458339,0,0.006671961874503474,0,0.0,0.0,0.0,0.0,5,20,40,1.1759723965904785,1.3274331648817788
2021-06-09,127.13,0.2592592592592592,125.651,51.540083712237745,0,0.003077165851349317,0,0.0,0.0,0.0,0.0,5,20,40,1.1759723965904785,1.3315178968867014
2021-06-10,126.11,0.08,125.81800000000001,48.3667020226052,0,-0.008023283253362656,0,0.0,0.0,-0.0,-0.0,5,20,40,1.1759723965904785,1.3208347516430576
2021-06-11,127.35,0.0303030303030303,125.93699999999998,52.21833312353779,0,0.009832685750535308,0,0.0,0.0,0.0,0.0,5,20,40,1.1759723965904785,1.3338221046843501
2021-06-14,130.48,0.2424242424242424,126.0885,60.27393051892708,0,0.024577934825284586,0,0.0,0.0,0.0,0.0,5,20,40,1.1759723965904785,1.366604697441806
2021-06-15,129.64,0.081081081081081,126.25699999999999,57.47350656634852,0,-0.006437768240343367,0,0.0,0.0,-0.0,-0.0,5,20,40,1.1759723965904785,1.357806813123511
2021-06-16,130.15,-0.0833333333333333,126.522,58.727318866578614,0,0.003933970996606195,0,0.0,0.0,0.0,0.0,5,20,40,1.1759723965904785,1.3631483857453333
2021-06-17,131.79,0.05,126.877,62.55091903114102,1,0.012600845178639908,0,0.0,0.0,0.0,0.0,5,20,40,1.1759723965904785,1.380325207509623
2021-06-18,130.46,0.3103448275862069,127.03450000000001,57.86875719091412,0,-0.010091812732377137,1,1.0,0.0005,-0.010091812732377137,-0.010591812732377137,5,20,40,1.1635167171873473,1.3663952240056563
2021-06-21,132.3,0.073170731707317,127.378,62.09592504907011,0,0.014103939904951845,0,1.0,0.0005,0.0,-0.0005,5,20,40,1.1629349588287536,1.3856667801314453
2021-06-22,133.98,0.1794871794871795,127.72200000000001,65.4995815763223,0,0.012698412698412431,0,0.0,0.0,0.0,0.0,5,20,40,1.1629349588287536,1.4032625487680348
2021-06-23,133.7,0.1818181818181818,128.06199999999998,64.46064766212261,0,-0.002089864158829724,0,0.0,0.0,-0.0,-0.0,5,20,40,1.1629349588287536,1.4003299206619364
2021-06-24,133.41,0.2272727272727273,128.39,63.340043059621905,0,-0.002169035153328336,0,0.0,0.0,-0.0,-0.0,5,20,40,1.1629349588287536,1.3972925558377631
2021-06-25,133.11,-0.1764705882352941,128.7815,62.13663366276069,0,-0.0022487069934786774,0,0.0,0.0,-0.0,-0.0,5,20,40,1.1629349588287536,1.394150454295515
2021-06-28,134.78,0.28,129.29000000000002,66.00821922043943,1,0.012546014574412068,0,0.0,0.0,0.0,0.0,5,20,40,1.1629349588287536,1.4116414862140296
2021-06-29,136.33,0.4444444444444444,129.89249999999998,69.16018380510806,0,0.011500222584953423,1,1.0,0.0005,0.011500222584953423,0.011000222584953423,5,20,40,1.1757275022276936,1.4278756775156454
2021-06-30,136.96,0.3142857142857143,130.4875,70.36309560669699,0,0.004621139881170633,0,1.0,0.0005,0.0,-0.0005,5,20,40,1.1751396384765798,1.4344740907543665
2021-07-01,137.27,0.3548387096774194,131.174,70.96326739581009,0,0.0022634345794392274,0,0.0,0.0,0.0,0.0,5,20,40,1.1751396384765798,1.4377209290146895
2021-07-02,139.96,0.35,131.8775,75.58383616658918,0,0.019596415822831004,0,0.0,0.0,0.0,0.0,5,20,40,1.1751396384765798,1.4658951061768482
2021-07-06,142.02,0.125,132.6835,78.41635096479098,0,0.014718490997427836,0,0.0,0.0,0.0,0.0,5,20,40,1.1751396384765798,1.4874708701002857
2021-07-07,144.57,0.25,133.575,81.30720776607828,0,0.0179552175749893,0,0.0,0.0,0.0,0.0,5,20,40,1.1751396384765798,1.514178733209395
2021-07-08,143.24,0.1,134.3805,75.61835031623102,0,-0.00919969564916634,0,0.0,0.0,-0.0,-0.0,5,20,40,1.1751396384765798,1.5002487497054284
2021-07-09,145.11,0.2,135.3305,77.95396475256953,0,0.013055012566322244,0,0.0,0.0,0.0,0.0,5,20,40,1.1751396384765798,1.519834515985442
2021-07-12,144.5,0.0,136.18800000000002,75.41606284740682,0,-0.004203707532216994,0,0.0,0.0,-0.0,-0.0,5,20,40,1.1751396384765798,1.5134455761828707
2021-07-13,145.64,-0.1428571428571428,136.946,76.9278295467206,0,0.007889273356401327,0,0.0,0.0,0.0,0.0,5,20,40,1.1751396384765798,1.5253855620434136
2021-07-14,149.15,0.4655172413793103,137.9215,80.83549886433417,1,0.02410052183466105,0,0.0,0.0,0.0,0.0,5,20,40,1.1751396384765798,1.5621481500877177
2021-07-15,148.48,0.4,138.83800000000002,78.11580128381591,0,-0.00449212202480731,1,1.0,0.0005,-0.00449212202480731,-0.004992122024807311,5,20,40,1.1692731980051168,1.5551307899766966
2021-07-16,146.39,0.0689655172413793,139.568,70.1833280198477,0,-0.014075969827586188,0,1.0,0.0005,-0.0,-0.0005,5,20,40,1.1686885614061142,1.5332408158990343
2021-07-19,142.45,-0.0714285714285714,140.1675,58.187412711520395,0,-0.02691440672177059,0,0.0,0.0,-0.0,-0.0,5,20,40,1.1686885614061142,1.4919745489775083
2021-07-20,146.15,0.2571428571428571,140.85999999999999,64.34983145558587,1,0.025974025974026205,0,0.0,0.0,0.0,0.0,6,20,55,1.1686885614061142,1.530727134665236
2021-07-21,145.4,0.1363636363636364,141.43099999999998,62.34405095493345,0,-0.0051317139924734745,1,1.0,0.0005,-0.0051317139924734745,-0.005631713992473475,6,20,55,1.1621068416819997,1.5228718808096156
2021-07-22,146.8,0.4827586206896552,142.086,64.56442879669845,0,0.009628610729023324,0,1.0,0.0005,0.0,-0.0005,6,20,55,1.1615257882611587,1.5375350213401069
2021-07-23,148.56,0.28,142.8435,67.18410075959557,0,0.011989100817438647,0,0.0,0.0,0.0,0.0,6,20,55,1.1615257882611587,1.555968683721296
2021-07-26,148.99,0.2368421052631579,143.6375,67.81023259243388,0,0.002894453419493903,0,0.0,0.0,0.0,0.0,6,20,55,1.1615257882611587,1.5604723625985186
2021-07-27,146.77,0.125,144.237,61.30657415104393,0,-0.014900328881132907,0,0.0,0.0,-0.0,-0.0,6,20,55,1.1615257882611587,1.5372208111858823
2021-07-28,144.98,0.0823529411764705,144.6695,56.593404710879824,0,-0.012195952851400294,0,0.0,0.0,-0.0,-0.0,6,20,55,1.1615257882611587,1.5184729386504678
2021-07-29,145.64,0.1666666666666667,145.1035,57.87921831155676,0,0.004552352048558417,0,0.0,0.0,0.0,0.0,6,20,55,1.1615257882611587,1.5253855620434138
2021-07-30,145.86,0.0,145.533,58.32240668057998,0,0.0015105740181271532,0,0.0,0.0,0.0,0.0,6,20,55,1.1615257882611587,1.527689769841063
2021-08-02,145.52,0.2631578947368421,145.81099999999998,57.31864919162099,0,-0.002331002331002363,0,0.0,0.0,-0.0,-0.0,6,20,55,1.1615257882611587,1.524128721426515
2021-08-03,147.36,0.4090909090909091,146.078,61.209481680901845,0,0.01264431006047273,0,0.0,0.0,0.0,0.0,6,20,55,1.1615257882611587,1.5434002775523037
2021-08-04,146.95,0.2142857142857143,146.19699999999997,59.89916620035957,0,-0.0027823018458199567,0,0.0,0.0,-0.0,-0.0,6,20,55,1.1615257882611587,1.5391060721112308
2021-08-05,147.06,-0.0769230769230769,146.388,60.14567145337868,0,0.0007485539299081356,0,0.0,0.0,0.0,0.0,6,20,55,1.1615257882611587,1.540258176010055
2021-08-06,146.14,0.0588235294117647,146.4395,56.99027898732173,0,-0.00625594995240053,0,0.0,0.0,-0.0,-0.0,6,20,55,1.1615257882611587,1.5306223979471605
2021-08-09,146.09,0.0,146.519,56.81582328433969,0,-0.0003421376762008377,0,0.0,0.0,-0.0,-0.0,6,20,55,1.1615257882611587,1.530098714356786
2021-08-10,145.6,0.1428571428571428,146.517,55.03772556229193,0,-0.0033540967896502627,0,0.0,0.0,-0.0,-0.0,6,20,55,1.1615257882611587,1.5249666151711139
2021-08-11,145.86,0.2272727272727273,146.3525,55.82767363704815,0,0.0017857142857145014,0,0.0,0.0,0.0,0.0,6,20,55,1.1615257882611587,1.5276897698410625
2021-08-12,148.89,0.3809523809523809,146.373,63.80794229834062,0,0.020773344302755792,0,0.0,0.0,0.0,0.0,6,20,55,1.1615257882611587,1.5594249954177686
2021-08-13,149.1,0.24,146.5085,64.28947394834313,0,0.0014104372355430161,0,0.0,0.0,0.0,0.0,6,20,55,1.1615257882611587,1.5616244664973422
2021-08-16,151.12,0.25,146.942,68.61510084989527,0,0.013547954393024808,0,0.0,0.0,0.0,0.0,6,20,55,1.1615257882611587,1.5827812835484798
2021-08-17,150.19,0.0,147.144,64.72770065717401,0,-0.0061540497617788015,0,0.0,0.0,-0.0,-0.0,6,20,55,1.1615257882611587,1.5730407687675103
2021-08-18,146.36,0.1176470588235294,147.192,51.729617244155754,0,-0.025501032026100212,0,0.0,0.0,-0.0,-0.0,6,20,55,1.1615257882611587,1.5329266057448088
2021-08-19,146.7,-0.0769230769230769,147.18699999999998,52.63885232614186,0,0.0023230390817161606,0,0.0,0.0,0.0,0.0,6,20,55,1.1615257882611587,1.5364876541593564
2021-08-20,148.19,0.3846153846153846,147.1685,56.50539548917595,1,0.010156782549420651,0,0.0,0.0,0.0,0.0,6,20,55,1.1615257882611587,1.5520934251525225
2021-08-23,149.71,0.2,147.2045,60.08533082279512,0,0.010257102368580906,1,1.0,0.0005,0.010257102368580906,0.009757102368580906,6,20,55,1.1728589142809696,1.5680134062999131
2021-08-24,149.62,0.2,147.347,59.77162795782885,0,-0.0006011622470109002,0,1.0,0.0005,-0.0,-0.0005,6,20,55,1.172272484823829,1.5670707758372386
2021-08-25,148.36,0.1153846153846154,147.51600000000002,55.40997877684251,0,-0.00842133404625045,0,0.0,0.0,-0.0,-0.0,6,20,55,1.172272484823829,1.5538739493597964
2021-08-26,147.54,0.4615384615384616,147.61100000000002,52.714040510016446,0,-0.005527096252359254,0,0.0,0.0,-0.0,-0.0,6,20,55,1.172272484823829,1.5452855384776512
2021-08-27,148.6,0.1290322580645161,147.748,55.71367474139131,0,0.00718449234106,0,0.0,0.0,0.0,0.0,6,20,55,1.172272484823829,1.5563876305935946
2021-08-30,153.12,0.1714285714285714,148.128,65.70430624413714,0,0.03041722745625841,0,0.0,0.0,0.0,0.0,6,20,55,1.172272484823829,1.6037286271634672
2021-08-31,151.83,-0.1891891891891892,148.35150000000002,61.44401911854474,0,-0.0084247648902821,0,0.0,0.0,-0.0,-0.0,6,20,55,1.172272484823829,1.5902175905318001
2021-09-01,152.51,0.1290322580645161,148.6295,62.81282574901794,1,0.004478693275373535,0,0.0,0.0,0.0,0.0,6,20,55,1.172272484823829,1.5973396873608956
2021-09-02,153.65,0.0238095238095238,148.959,65.05280157714765,0,0.007474919677398217,1,1.0,0.0005,0.007474919677398217,0.006974919677398217,6,20,55,1.1804489912454994,1.6092796732214387
2021-09-03,154.3,-0.1764705882352941,149.36700000000002,66.29927378952812,0,0.004230393752033823,0,1.0,0.0005,0.0,-0.0005,6,20,55,1.1798587667498768,1.6160875598963098
2021-09-07,156.69,0.2368421052631579,149.897,70.4699261908581,1,0.01548930654569003,0,0.0,0.0,0.0,0.0,6,20,55,1.1798587667498768,1.6411196355162199
2021-09-08,155.11,-0.1290322580645161,150.3725,64.76380535498316,0,-0.010083604569532056,1,1.0,0.0005,-0.010083604569532056,-0.010583604569532057,6,20,55,1.1673716081147003,1.6245712340603797
2021-09-09,154.07,0.1739130434782609,150.78300000000002,61.24826663373331,1,-0.006704919089678407,0,1.0,0.0005,-0.0,-0.0005,6,20,55,1.166787922310643,1.613678615380586
2021-09-10,148.97,-0.1014492753623188,150.78699999999998,47.60218573479221,0,-0.033101836827416076,1,1.0,0.0005,-0.033101836827416076,-0.033601836827416076,6,20,55,1.127581704932961,1.560262889162367
2021-09-13,149.55,0.14,150.8095,48.99398946559694,0,0.0038934013559777103,0,1.0,0.0005,0.0,-0.0005,6,20,55,1.1270179140804946,1.5663376188107136
2021-09-14,148.12,0.0560747663551401,150.6595,45.766219392320636,0,-0.009562019391507914,0,0.0,0.0,-0.0,-0.0,6,20,55,1.1270179140804946,1.5513602681259973
2021-09-15,149.03,-0.0434782608695652,150.60150000000002,48.109052874355385,0,0.0061436672967862815,0,0.0,0.0,0.0,0.0,6,20,55,1.1270179140804946,1.5608913094708166
2021-09-16,148.79,-0.0769230769230769,150.723,47.525934482085155,0,-0.0016104140106019127,0,0.0,0.0,-0.0,-0.0,6,20,55,1.1270179140804946,1.558377628237018
2021-09-17,146.06,-0.0689655172413793,150.691,41.38161908921512,0,-0.018348007258552235,0,0.0,0.0,-0.0,-0.0,6,20,55,1.1270179140804946,1.52978450420256
2021-09-20,142.94,0.0555555555555555,150.4285,35.70095285462442,0,-0.02136108448582774,0,0.0,0.0,-0.0,-0.0,6,20,55,1.1270179140804946,1.497106648163179
2021-09-21,143.43,0.1111111111111111,150.1145,37.15995014305227,0,0.003428011753183302,0,0.0,0.0,0.0,0.0,6,20,55,1.1270179140804946,1.5022387473488512
2021-09-22,145.85,-0.09375,149.926,43.927115860377,0,0.016872341908944932,0,0.0,0.0,0.0,0.0,6,20,55,1.1270179140804946,1.527585033122986
2021-09-23,146.83,0.05,149.84949999999998,46.44239855608285,0,0.006719232087761595,0,0.0,0.0,0.0,0.0,6,20,55,1.1270179140804946,1.5378492314943304
2021-09-24,146.92,0.2,149.8185,46.67895440055337,0,0.0006129537560441989,0,0.0,0.0,0.0,0.0,6,20,55,1.1270179140804946,1.5387918619570045
2021-09-27,145.37,-0.25,149.657,43.144579036265505,0,-0.010549959161448297,0,0.0,0.0,-0.0,-0.0,6,20,55,1.1270179140804946,1.5225576706553892
2021-09-28,141.91,0.08,149.09650000000002,36.50069854318768,0,-0.023801334525693107,0,0.0,0.0,-0.0,-0.0,6,20,55,1.1270179140804946,1.48631876620146
2021-09-29,142.83,0.0,148.6465,39.18246409718392,0,0.006482982171799101,0,0.0,0.0,0.0,0.0,7,20,55,1.1270179140804946,1.4959545442643545
2021-09-30,141.5,0.0714285714285714,148.096,36.76513112051263,0,-0.009311769236154954,0,0.0,0.0,-0.0,-0.0,7,20,55,1.1270179140804946,1.4820245607603875
2021-10-01,142.65,0.1052631578947368,147.546,40.20049843423881,0,0.008127208480565473,0,0.0,0.0,0.0,0.0,7,20,55,1.1270179140804946,1.4940692833390057
2021-10-04,139.14,-0.1785714285714286,146.78799999999998,34.109531157633015,0,-0.02460567823343862,0,0.0,0.0,-0.0,-0.0,7,20,55,1.1270179140804946,1.4573066952947018
2021-10-05,141.11,0.2424242424242424,146.00900000000001,39.63750295505297,0,0.01415840160988946,0,0.0,0.0,0.0,0.0,7,20,55,1.1270179140804946,1.477939828755465
2021-10-06,142.0,0.1764705882352941,145.3535,42.00475275764602,-1,0.006307136276663572,0,0.0,0.0,0.0,0.0,7,20,55,1.1270179140804946,1.4872613966641346
2021-10-07,143.29,0.0526315789473684,144.8145,45.35016857198178,0,0.009084507042253387,-1,1.0,0.0005,-0.009084507042253387,-0.009584507042253387,7,20,55,1.1162160029462445,1.5007724332958015
2021-10-08,142.9,0.0,144.51100000000002,44.51415105619067,0,-0.00272175308814282,0,1.0,0.0005,-0.0,-0.0005,7,20,55,1.1156578949447713,1.496687701290879
2021-10-11,142.81,0.125,144.174,44.311143587870696,0,-0.0006298110566830273,0,0.0,0.0,-0.0,-0.0,7,20,55,1.1156578949447713,1.4957450708282045
2021-10-12,141.51,-0.1515151515151515,143.8435,41.3758826334986,0,-0.009103003991317249,0,0.0,0.0,-0.0,-0.0,7,20,55,1.1156578949447713,1.4821292974784623
2021-10-13,140.91,-0.2307692307692308,143.4375,40.057004083098256,0,-0.004239983040067785,0,0.0,0.0,-0.0,-0.0,7,20,55,1.1156578949447713,1.475845094393966
2021-10-14,143.76,0.1290322580645161,143.18599999999998,48.460766770912315,0,0.020225675963380763,0,0.0,0.0,0.0,0.0,7,20,55,1.1156578949447713,1.5056950590453235
2021-10-15,144.84,0.0714285714285714,143.125,51.24993137557057,0,0.0075125208681137146,0,0.0,0.0,0.0,0.0,7,20,55,1.1156578949447713,1.5170066245974172
2021-10-18,146.55,0.1818181818181818,143.3055,55.368399347391296,0,0.011806130903065482,0,0.0,0.0,0.0,0.0,7,20,55,1.1156578949447713,1.5349166033882318
2021-10-19,148.76,0.3414634146341464,143.572,60.06414238732943,0,0.015080177413851814,0,0.0,0.0,0.0,0.0,7,20,55,1.1156578949447713,1.558063418082793
2021-10-20,149.26,0.25,143.7425,61.06228979576072,0,0.0033611185802635557,0,0.0,0.0,0.0,0.0,7,20,55,1.1156578949447713,1.5633002539865402
2021-10-21,149.48,-0.2941176470588235,143.875,61.518039315516255,0,0.001473938094600058,0,0.0,0.0,0.0,0.0,7,20,55,1.1156578949447713,1.5656044617841889
2021-10-22,148.69,-0.3125,143.9635,58.85411584186997,1,-0.005284987958255272,0,0.0,0.0,-0.0,-0.0,7,20,55,1.1156578949447713,1.5573302610562687
2021-10-25,148.64,-0.027027027027027,144.127,58.68091749145631,1,-0.00033627009213810233,1,1.0,0.0005,-0.00033627009213810233,-0.0008362700921381023,7,20,55,1.1147249036141713,1.556806577465894
2021-10-26,149.32,0.048780487804878,144.4975,60.38823651969618,0,0.00457481162540363,1,0.0,0.0,0.00457481162540363,0.00457481162540363,7,20,55,1.1198245600623524,1.5639286742949896
2021-10-27,148.85,-0.0833333333333333,144.7985,58.586323251089276,0,-0.0031476024645057388,0,1.0,0.0005,-0.0,-0.0005,7,20,55,1.1192646477823214,1.5590060485454675
2021-10-28,152.57,0.1097560975609756,145.352,66.98363934245612,1,0.024991602284178738,0,0.0,0.0,0.0,0.0,7,20,55,1.1192646477823214,1.5979681076693448
2021-10-29,149.8,-0.1512605042016807,145.7095,57.61542174394957,0,-0.0181556007078717,1,1.0,0.0005,-0.0181556007078717,-0.0186556007078717,7,20,55,1.0983840934268576,1.5689560367625868
2021-11-01,148.96,0.1428571428571428,146.2005,55.09881869750445,1,-0.005607476635514086,0,1.0,0.0005,-0.0,-0.0005,7,20,55,1.0978349013801443,1.5601581524442918
2021-11-02,150.02,0.0967741935483871,146.64600000000002,57.614767531530205,0,0.007116004296455536,1,1.0,0.0005,0.007116004296455536,0.0066160042964555354,7,20,55,1.1050981818044743,1.5712602445602355
2021-11-03,151.49,0.1428571428571428,147.1205,60.88781475834846,0,0.009798693507532263,0,1.0,0.0005,0.0,-0.0005,7,20,55,1.104545632713572,1.5866565421172514
2021-11-04,150.96,0.0344827586206896,147.504,59.11533582685631,0,-0.0034985807644069,0,0.0,0.0,-0.0,-0.0,7,20,55,1.104545632713572,1.5811054960592796
2021-11-05,151.28,0.2777777777777778,147.923,59.87483330426045,0,0.002119766825649183,0,0.0,0.0,0.0,0.0,7,20,55,1.104545632713572,1.5844570710376777
2021-11-08,150.44,0.5,148.30450000000002,56.8874146470547,0,-0.005552617662612391,0,0.0,0.0,-0.0,-0.0,7,20,55,1.104545632713572,1.5756591867193828
2021-11-09,150.81,0.1052631578947368,148.76950000000002,57.88420515673123,0,0.0024594522733316637,0,0.0,0.0,0.0,0.0,7,20,55,1.104545632713572,1.5795344452881557
2021-11-10,147.92,-0.1111111111111111,149.11999999999998,48.45964923687625,0,-0.01916318546515494,0,0.0,0.0,-0.0,-0.0,7,20,55,1.104545632713572,1.549265533764498
2021-11-11,147.87,0.4705882352941176,149.3255,48.31308687561156,0,-0.0003380205516494428,0,0.0,0.0,-0.0,-0.0,7,20,55,1.104545632713572,1.5487418501741235
2021-11-12,149.99,-0.037037037037037,149.583,54.58489863208117,0,0.01433691756272415,0,0.0,0.0,0.0,0.0,7,20,55,1.104545632713572,1.5709460344060107
2021-11-15,150.0,0.2307692307692308,149.75549999999998,54.61287516638368,0,6.667111140745696e-05,0,0.0,0.0,0.0,0.0,7,20,55,1.104545632713572,1.5710507711240858
2021-11-16,151.0,0.2068965517241379,149.8675,57.436552735481825,0,0.006666666666666599,0,0.0,0.0,0.0,0.0,7,20,55,1.104545632713572,1.5815244429315796
2021-11-17,153.49,0.2,150.079,63.52205978032634,0,0.01649006622516569,0,0.0,0.0,0.0,0.0,7,20,55,1.104545632713572,1.6076038857322397
2021-11-18,157.87,0.40625,150.4985,71.29629081475971,0,0.02853606098117134,0,0.0,0.0,0.0,0.0,7,20,55,1.104545632713572,1.653478568249063
2021-11-19,160.55,0.3636363636363636,151.09150000000002,74.83089134358609,0,0.016975992905555293,0,0.0,0.0,0.0,0.0,7,20,55,1.104545632713572,1.6815480086931467
2021-11-22,161.02,0.2173913043478261,151.7105,75.40294037935959,0,0.0029274369355341,0,0.0,0.0,0.0,0.0,7,20,55,1.104545632713572,1.6864706344426688
2021-11-23,161.41,-0.08,152.315,75.89257009514459,0,0.002422059371506524,0,0.0,0.0,0.0,0.0,7,20,55,1.104545632713572,1.6905553664475912
2021-11-24,161.94,0.05,152.9695,76.5750031594748,1,0.0032835635958119447,0,0.0,0.0,0.0,0.0,7,20,55,1.104545632713572,1.696106412505563
2021-11-26,156.81,0.0476190476190476,153.1815,59.12776187995883,0,-0.03167839940718786,1,1.0,0.0005,-0.03167839940718786,-0.03217839940718786,7,20,55,1.0690031221806497,1.6423764761331192
2021-11-29,160.24,0.1111111111111111,153.7035,64.88818587403514,0,0.021873604999681273,0,1.0,0.0005,0.0,-0.0005,7,20,55,1.0684686206195595,1.6783011704328235
2021-11-30,165.3,0.08,154.5205,71.31169083057546,0,0.03157763354967558,0,0.0,0.0,0.0,0.0,7,20,55,1.0684686206195595,1.7312979497787429
2021-12-01,164.77,0.0,155.25799999999998,69.86984569995124,0,-0.003206291591046573,0,0.0,0.0,-0.0,-0.0,7,20,55,1.0684686206195595,1.725746903720771
2021-12-02,163.76,-0.1333333333333333,155.87150000000003,67.08615505214274,0,-0.006129756630454675,0,0.0,0.0,-0.0,-0.0,7,20,55,1.0684686206195595,1.715168495195202
2021-12-03,161.84,-0.25,156.4155,62.02701603448736,1,-0.011724474841230959,0,0.0,0.0,-0.0,-0.0,7,20,55,1.0684686206195595,1.6950590453248138
2021-12-06,165.32,0.1470588235294118,157.1175,66.89940754142857,1,0.021502718734552673,1,1.0,0.0005,0.021502718734552673,0.021002718734552672,7,20,55,1.0909093665351277,1.7315074232148926
2021-12-07,171.18,0.3469387755102041,158.15449999999998,73.14759085717675,0,0.035446406968304034,1,0.0,0.0,0.035446406968304034,0.035446406968304034,7,20,55,1.1295781839068666,1.792883140006807
2021-12-08,175.08,0.024390243902439,159.368,76.34755889062747,0,0.022783035401331864,0,1.0,0.0005,0.0,-0.0005,7,20,55,1.1290133948149133,1.8337304600560331
2021-12-09,174.56,0.0303030303030303,160.70000000000002,75.06312299732609,0,-0.002970070824765858,0,0.0,0.0,-0.0,-0.0,8,20,40,1.1290133948149133,1.8282841507161363
2021-12-10,179.45,0.1428571428571428,162.279,78.69327047804211,0,0.02801329055911994,0,0.0,0.0,0.0,0.0,8,20,40,1.1290133948149133,1.8795004058547813
2021-12-13,175.74,0.25,163.5665,70.32834050296313,0,-0.020674282529952515,0,0.0,0.0,-0.0,-0.0,8,20,40,1.1290133948149133,1.840643083448979
2021-12-14,174.33,0.0555555555555555,164.78300000000002,67.39616613208482,0,-0.008023216114714904,0,0.0,0.0,-0.0,-0.0,8,20,40,1.1290133948149133,1.8258752062004127
2021-12-15,179.3,0.0909090909090909,166.198,71.85111372600552,0,0.028509149314518423,0,0.0,0.0,0.0,0.0,8,20,40,1.1290133948149133,1.8779293550836573
2021-12-16,172.26,-0.3125,167.1365,59.457887987449745,0,-0.0392638036809817,0,0.0,0.0,-0.0,-0.0,8,20,40,1.1290133948149133,1.8041947055589
2021-12-17,171.14,-0.25,167.8,57.75124662787942,1,-0.006501799605247882,0,0.0,0.0,-0.0,-0.0,8,20,40,1.1290133948149133,1.792464193134507
2021-12-20,169.75,-0.3157894736842105,168.26,55.617581077037826,1,-0.008122005375715724,1,1.0,0.0005,-0.008122005375715724,-0.008622005375715724,8,20,40,1.119279035255564,1.7779057893220904
2021-12-21,172.99,0.3571428571428572,168.8585,59.38438416584514,1,0.019086892488954454,1,0.0,0.0,0.019086892488954454,0.019086892488954454,8,20,40,1.1406425938666276,1.8118404859783708
2021-12-22,175.64,0.2142857142857143,169.57,62.20946293022704,0,0.015318804555176424,1,0.0,0.0,0.015318804555176424,0.015318804555176424,8,20,40,1.1581158748293798,1.8395957162682293
2021-12-23,176.28,0.2666666666666667,170.28699999999998,62.880973539733766,0,0.0036438168982009245,0,1.0,0.0005,0.0,-0.0005,8,20,40,1.1575368168919653,1.8462988662250255
2021-12-27,180.33,0.0434782608695652,171.46300000000002,66.89041012133566,0,0.022974812797821764,0,0.0,0.0,0.0,0.0,8,20,40,1.1575368168919653,1.888717237045376
2021-12-28,179.29,0.1428571428571428,172.4155,64.95028026000733,0,-0.005767204569400608,0,0.0,0.0,-0.0,-0.0,8,20,40,1.1575368168919653,1.8778246183655822
2021-12-29,179.38,-0.03125,173.1195,65.04476746241099,0,0.0005019800323498025,0,0.0,0.0,0.0,0.0,8,20,40,1.1575368168919653,1.8787672488282567
2021-12-30,178.2,0.0714285714285714,173.791,62.65969859480313,0,-0.006578213847697634,0,0.0,0.0,-0.0,-0.0,8,20,40,1.1575368168919653,1.866408316095414
2021-12-31,177.57,0.3076923076923077,174.48149999999998,61.36592270843056,0,-0.0035353535353535026,0,0.0,0.0,-0.0,-0.0,8,20,40,1.1575368168919653,1.8598099028566928
2022-01-03,182.01,0.3611111111111111,175.49,66.60004365822158,0,0.025004223686433402,0,0.0,0.0,0.0,0.0,8,20,40,1.1575368168919653,1.9063130056819655
2022-01-04,179.7,0.1578947368421053,176.209,61.90125052314123,0,-0.012691610351079574,0,0.0,0.0,-0.0,-0.0,8,20,40,1.1575368168919653,1.8821188238066546
2022-01-05,174.92,0.2,176.39600000000002,53.49126446244984,0,-0.02659988870339458,0,0.0,0.0,-0.0,-0.0,8,20,40,1.1575368168919653,1.8320546725668336
2022-01-06,172.0,0.2307692307692308,176.24200000000002,49.1025294785558,0,-0.01669334552938484,0,0.0,0.0,-0.0,-0.0,8,20,40,1.1575368168919653,1.8014715508889514
2022-01-07,172.17,0.0588235294117647,176.1225,49.36300992553249,-1,0.000988372093023271,0,0.0,0.0,0.0,0.0,8,20,40,1.1575368168919653,1.8032520750962253
2022-01-10,172.19,0.0909090909090909,175.7595,49.39582180163515,0,0.00011616425625837756,-1,1.0,0.0005,-0.00011616425625837756,-0.0006161642562583776,8,20,40,1.1568235840800933,1.8034615485323753
2022-01-11,175.08,0.3478260869565217,175.7265,54.03113895310886,0,0.016783785353388758,0,1.0,0.0005,0.0,-0.0005,8,20,40,1.1562451722880533,1.8337304600560327
2022-01-12,175.53,0.0,175.7865,54.72654122775399,-1,0.0025702535983549435,0,0.0,0.0,0.0,0.0,8,20,40,1.1562451722880533,1.8384436123694048
2022-01-13,172.19,0.1219512195121951,175.43099999999998,48.82296530400488,0,-0.019028086367002817,-1,1.0,0.0005,0.019028086367002817,0.018528086367002816,8,20,40,1.1776681827016364,1.803461548532375
2022-01-14,173.07,0.12,175.4715,50.34288120252953,0,0.005110633602415815,0,1.0,0.0005,0.0,-0.0005,8,20,40,1.1770793486102857,1.8126783797229695
2022-01-18,169.8,0.0,175.4045,44.99525634096117,0,-0.01889408909689716,0,0.0,0.0,-0.0,-0.0,8,20,40,1.1770793486102857,1.7784294729124646
2022-01-19,166.23,0.0625,175.2285,39.99969094070709,0,-0.02102473498233226,0,0.0,0.0,-0.0,-0.0,8,20,40,1.1770793486102857,1.7410384645597112
2022-01-20,164.51,0.1282051282051282,174.8045,37.82099899068748,0,-0.01034710942669792,0,0.0,0.0,-0.0,-0.0,8,20,40,1.1770793486102857,1.7230237490508218
2022-01-21,162.41,0.1666666666666667,174.14299999999997,35.29339973284732,0,-0.012765181447936258,0,0.0,0.0,-0.0,-0.0,8,20,40,1.1770793486102857,1.7010290382550846
2022-01-24,161.62,-0.1,173.41000000000003,34.36302253058699,0,-0.004864232497998833,0,0.0,0.0,-0.0,-0.0,8,20,40,1.1770793486102857,1.6927548375271644
2022-01-25,159.78,0.0277777777777777,172.3825,32.23181500122152,0,-0.011384729612671673,0,0.0,0.0,-0.0,-0.0,8,20,40,1.1770793486102857,1.6734832814013756
2022-01-26,159.69,0.1944444444444444,171.40249999999997,32.12685785674411,0,-0.0005632745024408692,0,0.0,0.0,-0.0,-0.0,8,20,40,1.1770793486102857,1.672540650938701
2022-01-27,159.22,0.1111111111111111,170.39450000000002,31.549089037351663,0,-0.0029432024547560998,0,0.0,0.0,-0.0,-0.0,8,20,40,1.1770793486102857,1.667618025189179
2022-01-28,170.33,0.0963855421686747,170.001,53.045431995098795,0,0.0697776661223466,0,0.0,0.0,0.0,0.0,8,20,40,1.1770793486102857,1.7839805189704365
2022-01-31,174.78,0.2093023255813954,169.8615,58.647152150517094,0,0.026125755885633595,0,0.0,0.0,0.0,0.0,8,20,40,1.1770793486102857,1.830588358513784
2022-02-01,174.61,0.3157894736842105,169.4915,58.36070947843149,0,-0.000972651333104424,0,0.0,0.0,-0.0,-0.0,8,20,40,1.1770793486102857,1.8288078343065102
2022-02-02,175.84,0.05,169.29850000000002,59.88726950964498,0,0.007044270087623872,0,0.0,0.0,0.0,0.0,8,20,40,1.1770793486102857,1.8416904506297278
2022-02-03,172.9,-0.0634920634920634,169.1975,54.72301664824751,0,-0.01671974522292996,0,0.0,0.0,-0.0,-0.0,8,20,40,1.1770793486102857,1.8108978555156956
2022-02-04,172.39,0.2558139534883721,169.217,53.85543559629441,1,-0.0029496818970504712,0,0.0,0.0,-0.0,-0.0,8,20,40,1.1770793486102857,1.8055562828938734
2022-02-07,171.66,0.3,169.1915,52.57067863658612,0,-0.004234584372643346,1,1.0,0.0005,-0.004234584372643346,-0.004734584372643347,8,20,40,1.1715063671209942,1.7979105024744029
2022-02-08,174.83,0.2045454545454546,169.3235,57.33088870987449,0,0.01846673657229414,0,1.0,0.0005,0.0,-0.0005,8,20,40,1.1709206139374337,1.8311120421041587
2022-02-09,176.28,0.2553191489361702,169.3835,59.341040672988214,0,0.008293771091917757,0,0.0,0.0,0.0,0.0,8,20,40,1.1709206139374337,1.8462988662250246
2022-02-10,172.12,0.0303030303030303,169.21300000000002,51.801155194710105,0,-0.02359882005899705,0,0.0,0.0,-0.0,-0.0,8,20,40,1.1709206139374337,1.80272839150585
2022-02-11,168.64,0.2692307692307692,169.0355,46.480655396843616,0,-0.020218452242621532,0,0.0,0.0,-0.0,-0.0,8,20,40,1.1709206139374337,1.766280013615771
2022-02-14,168.88,0.1111111111111111,168.826,46.88582801040968,0,0.0014231499051233776,0,0.0,0.0,0.0,0.0,8,20,40,1.1709206139374337,1.7687936948495697
2022-02-15,172.79,0.2380952380952381,168.97549999999998,53.11351999730772,0,0.023152534343912734,0,0.0,0.0,0.0,0.0,8,20,40,1.1709206139374337,1.8097457516168707
2022-02-16,172.55,0.2222222222222222,169.29149999999998,52.70502391880779,0,-0.0013889692690548516,0,0.0,0.0,-0.0,-0.0,8,20,40,1.1709206139374337,1.8072320703830722
2022-02-17,168.88,0.1621621621621622,169.51,46.78009175283182,-1,-0.02126919733410615,0,0.0,0.0,-0.0,-0.0,8,20,40,1.1709206139374337,1.7687936948495695
2022-02-18,167.3,0.0,169.7545,44.46268251039279,0,-0.009355755566082369,-1,1.0,0.0005,0.009355755566082369,0.008855755566082368,8,20,40,1.1812900006817508,1.7522452933937291
2022-02-22,164.32,-0.0869565217391304,169.8895,40.39784045155441,0,-0.01781231320980281,0,1.0,0.0005,-0.0,-0.0005,9,20,40,1.18069935568141,1.7210337514073972
2022-02-23,160.07,0.1481481481481481,169.904,35.42388839381911,0,-0.025864167478091504,0,0.0,0.0,-0.0,-0.0,9,20,40,1.18069935568141,1.6765206462255482
2022-02-24,162.74,0.074074074074074,170.0565,40.38950503593123,0,0.01668020241144519,0,0.0,0.0,0.0,0.0,9,20,40,1.18069935568141,1.7044853499515573
2022-02-25,164.85,0.3125,170.338,44.05092927265411,0,0.012965466388103586,0,0.0,0.0,0.0,0.0,9,20,40,1.18069935568141,1.7265847974653692
2022-02-28,165.12,-0.1724137931034483,170.0775,44.52052663216143,-1,0.0016378525932667642,0,0.0,0.0,0.0,0.0,9,20,40,1.18069935568141,1.7294126888533927
2022-03-01,163.2,0.0666666666666666,169.4985,41.83171378851577,0,-0.011627906976744318,-1,1.0,0.0005,0.011627906976744318,0.011127906976744317,9,20,40,1.1938380682789347,1.7093032389830043
2022-03-02,166.56,-0.0217391304347826,169.096,47.775919310428776,0,0.020588235294117796,0,1.0,0.0005,0.0,-0.0005,9,20,40,1.1932411492447952,1.744494776256184
2022-03-03,166.23,0.125,168.6155,47.26505325637895,0,-0.001981268011527426,0,0.0,0.0,-0.0,-0.0,9,20,40,1.1932411492447952,1.741038464559711
2022-03-04,163.17,-0.0833333333333333,168.129,42.7050097282976,0,-0.01840822956145105,0,0.0,0.0,-0.0,-0.0,9,20,40,1.1932411492447952,1.7089890288287797
2022-03-07,159.3,-0.2380952380952381,167.47449999999998,37.74520228733105,0,-0.023717595146166448,0,0.0,0.0,-0.0,-0.0,9,20,40,1.1932411492447952,1.6684559189337784
2022-03-08,157.44,0.2686567164179104,166.7635,35.6048660265611,0,-0.01167608286252364,0,0.0,0.0,-0.0,-0.0,9,20,40,1.1932411492447952,1.6489748893718397
2022-03-09,162.95,0.3076923076923077,166.1695,45.469540284895686,-1,0.03499745934959342,0,0.0,0.0,0.0,0.0,9,20,40,1.1932411492447952,1.706684821031131
2022-03-10,158.52,0.1025641025641026,165.2815,40.14482838910956,-1,-0.027186253451979003,-1,1.0,0.0005,0.027186253451979003,0.026686253451979003,9,20,40,1.2250842849828725,1.6602864549239331
2022-03-11,154.73,-0.103448275862069,164.41199999999998,36.23527393114025,0,-0.023908655059298622,-1,0.0,0.0,0.023908655059298622,0.023908655059298622,9,20,40,1.2543744025710954,1.620591238773531
2022-03-14,150.62,-0.2195121951219512,163.51100000000002,32.53498552939966,0,-0.026562399017643568,0,1.0,0.0005,-0.0,-0.0005,9,20,40,1.25374721536981,1.5775444476447313
2022-03-15,155.09,0.2333333333333333,162.8215,39.74220349762652,0,0.0296773336874252,0,0.0,0.0,0.0,0.0,9,20,40,1.25374721536981,1.6243617606242289
2022-03-16,159.59,-0.0833333333333333,162.1615,45.996785933973825,-1,0.02901541040686051,0,0.0,0.0,0.0,0.0,9,20,40,1.25374721536981,1.6714932837579515
2022-03-17,160.62,0.1714285714285714,161.565,47.34401731712721,0,0.006454038473588497,-1,1.0,0.0005,-0.006454038473588497,-0.0069540384735884975,9,20,40,1.2450286089979739,1.6822811657196701
2022-03-18,163.98,0.3333333333333333,161.32,51.587000493529885,0,0.020918939110945,0,1.0,0.0005,0.0,-0.0005,9,20,40,1.244406094693475,1.7174727029928494
2022-03-21,165.38,-0.25,161.224,53.276403617684835,0,0.00853762653982204,0,0.0,0.0,0.0,0.0,9,20,40,1.244406094693475,1.732135843523341
2022-03-22,168.82,0.04,161.449,57.226112737676,1,0.020800580481315833,0,0.0,0.0,0.0,0.0,9,20,40,1.244406094693475,1.76816527454112
2022-03-23,170.21,0.2068965517241379,161.95600000000002,58.74372188719365,0,0.008233621608814135,1,1.0,0.0005,0.008233621608814135,0.007733621608814134,9,20,40,1.2540298605575364,1.7827236783535365
2022-03-24,174.07,0.1714285714285714,162.52249999999998,62.7013214474682,0,0.022677868515363242,0,1.0,0.0005,0.0,-0.0005,9,20,40,1.2534028456272577,1.8231520515304627
2022-03-25,174.72,0.1666666666666667,163.01600000000002,63.339079431866615,0,0.0037341299477222645,0,0.0,0.0,0.0,0.0,9,20,40,1.2534028456272577,1.8299599382053338
2022-03-28,175.6,0.2982456140350877,163.54000000000002,64.2307937911965,0,0.005036630036630019,0,0.0,0.0,0.0,0.0,9,20,40,1.2534028456272577,1.8391767693959284
2022-03-29,178.96,0.21875,164.328,67.48297330845772,0,0.01913439635535319,0,0.0,0.0,0.0,0.0,9,20,40,1.2534028456272577,1.8743683066691081
2022-03-30,177.77,0.2549019607843137,164.8885,65.22121366187888,0,-0.006649530621367861,0,0.0,0.0,-0.0,-0.0,9,20,40,1.2534028456272577,1.8619046372181904
2022-03-31,174.61,0.1538461538461539,165.3075,59.516732782951614,0,-0.01777577769027394,0,0.0,0.0,-0.0,-0.0,9,20,40,1.2534028456272577,1.8288078343065097
2022-04-01,174.31,-0.054054054054054,165.8645,58.98923712650793,0,-0.001718114655518077,0,0.0,0.0,-0.0,-0.0,9,20,40,1.2534028456272577,1.8256657327642614
2022-04-04,178.44,0.3666666666666666,166.82150000000001,63.75217811789487,1,0.023693419769376334,0,0.0,0.0,0.0,0.0,9,20,40,1.2534028456272577,1.868921997329211
2022-04-05,175.06,0.0869565217391304,167.70250000000001,57.83246835957935,0,-0.0189419412687738,1,1.0,0.0005,-0.0189419412687738,-0.0194419412687738,9,20,40,1.2290342611164584,1.8335209866198816
2022-04-06,171.83,-0.1851851851851852,168.1465,52.78804561237394,0,-0.01845081686278982,0,1.0,0.0005,-0.0,-0.0005,9,20,40,1.2284197439859001,1.7996910266816766
2022-04-07,172.14,0.391304347826087,168.8275,53.20987593788639,1,0.0018041087120990174,0,0.0,0.0,0.0,0.0,9,20,40,1.2284197439859001,1.8029378649419994
2022-04-08,170.09,0.1153846153846154,169.59550000000002,50.02667324708754,0,-0.011908911351225626,1,1.0,0.0005,-0.011908911351225626,-0.012408911351225627,9,20,40,1.213176392280684,1.7814668377366372
2022-04-11,165.75,0.0,170.352,44.02232863247065,0,-0.02551590334528786,0,1.0,0.0005,-0.0,-0.0005,9,20,40,1.2125698040845436,1.7360111020921136
2022-04-12,167.66,-0.0967741935483871,170.9805,47.035193793484424,0,0.011523378582201982,0,0.0,0.0,0.0,0.0,9,20,40,1.2125698040845436,1.7560158152444267
2022-04-13,170.4,0.0606060606060606,171.52100000000002,51.101173296018196,0,0.016342598115233198,0,0.0,0.0,0.0,0.0,9,20,40,1.2125698040845436,1.78471367599696
2022-04-14,165.29,0.064516129032258,171.7545,44.27480827490441,0,-0.029988262910798147,0,0.0,0.0,-0.0,-0.0,9,20,40,1.2125698040845436,1.7311932130606662
2022-04-18,165.07,0.3333333333333333,171.80900000000003,44.00227456623358,0,-0.0013309940105269424,0,0.0,0.0,-0.0,-0.0,9,20,40,1.2125698040845436,1.7288890052630175
2022-04-19,167.4,0.1379310344827586,171.91,47.67580795513328,-1,0.014115223844429758,0,0.0,0.0,0.0,0.0,9,20,40,1.2125698040845436,1.7532926605744785
2022-04-20,167.23,-0.2,171.83049999999997,47.431320542489864,0,-0.0010155316606930143,-1,1.0,0.0005,0.0010155316606930143,0.0005155316606930142,9,20,40,1.2131949222093497,1.7515121363672044
2022-04-21,166.42,0.032258064516129,171.641,46.21523427960095,0,-0.004843628535549871,0,1.0,0.0005,-0.0,-0.0005,9,20,40,1.212588324748245,1.7430284622031342
2022-04-22,161.79,-0.0277777777777777,171.027,39.915510468387694,0,-0.027821175339502457,0,0.0,0.0,-0.0,-0.0,9,20,40,1.212588324748245,1.6945353617344374
2022-04-25,162.88,0.0,170.435,41.92263109599366,0,0.006737128376290258,0,0.0,0.0,0.0,0.0,9,20,40,1.212588324748245,1.7059516640046057
2022-04-26,156.8,0.0425531914893617,169.495,34.91615995468254,0,-0.037328094302553905,0,0.0,0.0,-0.0,-0.0,9,20,40,1.212588324748245,1.642271739415043
2022-04-27,156.57,0.027027027027027,168.3755,34.680036411767304,0,-0.0014668367346939437,0,0.0,0.0,-0.0,-0.0,9,20,40,1.212588324748245,1.6398627948993194
2022-04-28,163.64,0.2333333333333333,167.669,46.62819477481758,0,0.04515552149198432,0,0.0,0.0,0.0,0.0,9,20,40,1.212588324748245,1.713911654578301
2022-04-29,157.65,-0.2987012987012987,166.82099999999997,39.959153468483834,-1,-0.036604742116841726,0,0.0,0.0,-0.0,-0.0,9,20,40,1.212588324748245,1.6511743604514129
2022-05-02,157.96,-0.2272727272727273,166.00349999999997,40.433977793219945,0,0.001966381224230984,-1,1.0,0.0005,-0.001966381224230984,-0.002466381224230984,9,20,40,1.2095976196713643,1.654421198711736
2022-05-03,159.48,0.0,165.0555,42.82170089893917,0,0.009622689288427244,0,1.0,0.0005,0.0,-0.0005,9,20,40,1.2089928208615286,1.6703411798591266
2022-05-04,166.02,0.1481481481481481,160.921,51.77836240644358,0,0.04100827689992492,0,0.0,0.0,0.0,0.0,10,10,40,1.2089928208615286,1.738838993480137
2022-05-05,156.77,-0.1,159.95600000000002,41.804068745774195,0,-0.05571617877364177,0,0.0,0.0,-0.0,-0.0,10,10,40,1.2089928208615286,1.6419575292608184
2022-05-06,157.28,-0.2083333333333333,159.505,42.4621815760089,0,0.00325317343879572,0,0.0,0.0,0.0,0.0,10,10,40,1.2089928208615286,1.6472991018826404
2022-05-09,152.06,-0.1666666666666667,158.423,37.75590322279235,0,-0.033189216683621514,0,0.0,0.0,-0.0,-0.0,10,10,40,1.2089928208615286,1.5926265350475224
2022-05-10,154.51,-0.08,158.19400000000002,41.057932625739106,0,0.016112061028541236,0,0.0,0.0,0.0,0.0,10,10,40,1.2089928208615286,1.6182870309758823
2022-05-11,146.5,-0.0833333333333333,157.18699999999998,34.596033289696194,0,-0.05184130476991777,0,0.0,0.0,-0.0,-0.0,10,10,40,1.2089928208615286,1.5343929197978563
2022-05-12,142.56,-0.1666666666666667,155.079,31.933709517190806,0,-0.02689419795221837,0,0.0,0.0,-0.0,-0.0,10,10,40,1.2089928208615286,1.4931266528763305
2022-05-13,147.11,-0.0769230769230769,154.025,37.87899726862409,0,0.03191638608305292,0,0.0,0.0,0.0,0.0,10,10,40,1.2089928208615286,1.540781859600428
2022-05-16,145.54,-0.0526315789473684,152.783,36.68819386354172,0,-0.010672286044456691,0,0.0,0.0,-0.0,-0.0,10,10,40,1.2089928208615286,1.5243381948626622
2022-05-17,149.24,0.2307692307692308,151.75900000000001,41.366355653380104,0,0.025422564243507084,0,0.0,0.0,0.0,0.0,10,10,40,1.2089928208615286,1.5630907805503897
2022-05-18,140.82,-0.0689655172413793,149.239,35.02399088100644,-1,-0.05641919056553213,0,0.0,0.0,-0.0,-0.0,10,10,40,1.2089928208615286,1.4749024639312909
2022-05-19,137.35,-0.0303030303030303,147.29699999999997,32.792570082338585,0,-0.024641386166737722,-1,1.0,0.0005,0.024641386166737722,0.02414138616673772,10,10,40,1.2381795834227602,1.438558822759287
2022-05-20,137.59,0.125,145.328,33.10999682494334,0,0.00174736075718962,0,1.0,0.0005,0.0,-0.0005,10,10,40,1.237560493631049,1.4410725039930854
2022-05-23,143.11,0.1515151515151515,144.433,40.11569983580104,0,0.040119194708917894,0,0.0,0.0,0.0,0.0,10,10,40,1.237560493631049,1.4988871723704518
2022-05-24,140.36,-0.1666666666666667,143.018,37.98147284835791,0,-0.01921598770176791,0,0.0,0.0,-0.0,-0.0,10,10,40,1.237560493631049,1.4700845748998435
2022-05-25,140.52,-0.103448275862069,142.42000000000002,38.18752366925083,0,0.0011399259048161525,0,0.0,0.0,0.0,0.0,10,10,40,1.237560493631049,1.4717603623890425
2022-05-26,143.78,0.1590909090909091,142.542,42.387545788928556,1,0.023199544548818674,0,0.0,0.0,0.0,0.0,10,10,40,1.237560493631049,1.5059045324814726
2022-05-27,149.64,-0.2083333333333333,142.79500000000002,49.08467468005238,0,0.04075671164278738,1,1.0,0.0005,0.04075671164278738,0.04025671164278738,10,10,40,1.2873806095636597,1.5672802492733866
2022-05-31,148.84,0.25,143.125,48.25989919075133,1,-0.00534616412723854,0,1.0,0.0005,-0.0,-0.0005,10,10,40,1.286736919258878,1.5589013118273918
2022-06-01,148.71,-0.0526315789473684,143.072,48.11840484038275,0,-0.000873421123353868,1,1.0,0.0005,-0.000873421123353868,-0.001373421123353868,10,10,40,1.2849696875937686,1.5575397344924178
2022-06-02,151.21,0.2727272727272727,144.11100000000002,51.088336541776044,1,0.01681124335955886,0,1.0,0.0005,0.0,-0.0005,10,10,40,1.2843272027499717,1.5837239140111525
2022-06-03,145.38,0.032258064516129,144.91400000000002,44.66690015142548,0,-0.038555651081277786,1,1.0,0.0005,-0.038555651081277786,-0.03905565108127779,10,10,40,1.2341669676451752,1.522662407373463
2022-06-06,146.14,0.4193548387096774,145.769,45.62636379048294,0,0.005227679185582534,0,1.0,0.0005,0.0,-0.0005,10,10,40,1.2335498841613526,1.5306223979471583
2022-06-07,148.71,0.0,146.329,48.855921801465726,0,0.0175858765567265,0,0.0,0.0,0.0,0.0,10,10,40,1.2335498841613526,1.5575397344924178
2022-06-08,147.96,0.1818181818181818,147.089,47.96065467281214,0,-0.005043373007867613,0,0.0,0.0,-0.0,-0.0,10,10,40,1.2335498841613526,1.5496844806367975
2022-06-09,142.64,0.05,147.301,42.071434398124346,0,-0.03595566369289016,0,0.0,0.0,-0.0,-0.0,10,10,40,1.2335498841613526,1.4939645466209297
2022-06-10,137.13,-0.0416666666666666,146.63600000000002,37.003405929573795,0,-0.038628715647784584,0,0.0,0.0,-0.0,-0.0,10,10,40,1.2335498841613526,1.4362546149616384
2022-06-13,131.88,-0.1935483870967742,144.85999999999999,32.93268562990019,0,-0.038284839203675314,0,0.0,0.0,-0.0,-0.0,10,10,40,1.2335498841613526,1.3812678379722956
2022-06-14,132.76,0.0238095238095238,143.252,34.2385822051768,0,0.0066727327873823405,0,0.0,0.0,0.0,0.0,10,10,40,1.2335498841613526,1.39048466916289
2022-06-15,135.43,0.075,141.924,38.172223614956465,0,0.02011147936125357,0,0.0,0.0,0.0,0.0,10,10,40,1.2335498841613526,1.418449372888899
2022-06-16,130.06,-0.2941176470588235,139.809,33.793884263349696,0,-0.03965148046961531,0,0.0,0.0,-0.0,-0.0,10,10,40,1.2335498841613526,1.3622057552826567
2022-06-17,131.56,0.2307692307692308,138.427,36.00204023300745,0,0.011533138551437894,0,0.0,0.0,0.0,0.0,10,10,40,1.2335498841613526,1.3779162629938977
2022-06-21,135.87,0.1785714285714286,137.4,41.98907927089222,-1,0.03276071754332621,0,0.0,0.0,0.0,0.0,10,10,40,1.2335498841613526,1.4230577884841964
2022-06-22,135.35,0.0526315789473684,136.064,41.48482913558358,0,-0.0038271877529992837,-1,1.0,0.0005,0.0038271877529992837,0.0033271877529992837,10,10,40,1.237654136228648,1.4176114791442995
2022-06-23,138.27,0.0714285714285714,135.09499999999997,45.44665385250988,0,0.021573697820465476,0,1.0,0.0005,0.0,-0.0005,10,10,40,1.2370353091605337,1.4481946008221818
2022-06-24,141.66,0.0,134.997,49.70420602091681,0,0.024517248860924212,0,0.0,0.0,0.0,0.0,10,10,40,1.2370353091605337,1.483700348249586
2022-06-27,141.66,0.1,135.45,49.70420602091681,0,0.0,0,0.0,0.0,0.0,0.0,10,10,40,1.2370353091605337,1.483700348249586
2022-06-28,137.44,0.1351351351351351,136.006,44.670982598223645,0,-0.029789637159395754,0,0.0,0.0,-0.0,-0.0,10,10,40,1.2370353091605337,1.4395014532219619
2022-06-29,139.23,0.1282051282051282,136.653,47.117187736843285,0,0.013023864959254894,0,0.0,0.0,0.0,0.0,10,10,40,1.2370353091605337,1.4582493257573759
2022-06-30,136.72,-0.3181818181818182,136.78199999999998,44.16831441705939,0,-0.018027723910076787,0,0.0,0.0,-0.0,-0.0,10,10,40,1.2370353091605337,1.4319604095205662
2022-07-01,138.93,0.1142857142857143,137.669,47.296003263108126,1,0.01616442363955528,0,0.0,0.0,0.0,0.0,10,10,40,1.2370353091605337,1.4551072242151277
2022-07-05,141.56,-0.25,138.669,50.8263958364973,0,0.018930396602605537,1,1.0,0.0005,0.018930396602605537,0.018430396602605537,10,10,40,1.2598343605197893,1.4826529810688365
2022-07-06,142.92,0.1724137931034483,139.374,52.594767607148356,1,0.009607233681830918,0,1.0,0.0005,0.0,-0.0005,10,10,40,1.2592044433395295,1.496897174727028
2022-07-07,146.35,0.4482758620689655,140.474,56.81303505650593,0,0.023999440246291748,1,1.0,0.0005,0.023999440246291748,0.023499440246291747,10,10,40,1.2887950429136519,1.5328218690267323
2022-07-08,147.04,0.1,141.351,57.62982013174927,0,0.004714724974376416,0,1.0,0.0005,0.0,-0.0005,10,10,40,1.2881506453921951,1.540048702573903
2022-07-11,144.87,-0.1515151515151515,141.672,54.160584649148234,0,-0.014757889009793135,0,0.0,0.0,-0.0,-0.0,10,10,40,1.2881506453921951,1.5173208347516414
2022-07-12,145.86,0.1111111111111111,142.09199999999998,55.4774067644703,1,0.006833712984054774,0,0.0,0.0,0.0,0.0,10,10,40,1.2881506453921951,1.5276897698410605
2022-07-13,145.49,-0.24,142.897,54.84329935405098,0,-0.002536679007267284,1,1.0,0.0005,-0.002536679007267284,-0.003036679007267284,10,10,40,1.284238945369135,1.5238145112722876
2022-07-14,148.47,0.28,143.821,58.91630827669404,1,0.020482507388823956,0,1.0,0.0005,0.0,-0.0005,10,10,40,1.2835968258964505,1.5550260532586193
2022-07-15,150.17,0.2222222222222222,145.166,61.07334521803767,0,0.011450124604297063,1,1.0,0.0005,0.011450124604297063,0.010950124604297062,10,10,40,1.297652371081697,1.5728312953313588
2022-07-18,147.07,-0.2,145.98,55.36487308110803,0,-0.020643270959579074,0,1.0,0.0005,-0.0,-0.0005,11,10,40,1.297003544896156,1.5403629127281278
2022-07-19,151.0,0.0566037735849056,146.924,60.416155892569336,1,0.02672196913034619,0,0.0,0.0,0.0,0.0,11,10,40,1.297003544896156,1.581524442931579
2022-07-20,153.04,0.1,147.93599999999998,62.77133874231594,0,0.013509933774834337,1,1.0,0.0005,0.013509933774834337,0.013009933774834337,11,10,40,1.3138774751209805,1.6028907334188662
2022-07-21,155.35,0.0,148.83599999999998,65.2897729676204,0,0.015094093047569368,0,1.0,0.0005,0.0,-0.0005,11,10,40,1.3132205363834202,1.6270849152941773
2022-07-22,154.09,0.0294117647058823,149.541,62.79450007143973,0,-0.00811071773414862,0,0.0,0.0,-0.0,-0.0,11,10,40,1.3132205363834202,1.613888088816735
2022-07-25,152.95,-0.1551724137931035,150.349,60.540079856927676,0,-0.007398273736128336,0,0.0,0.0,-0.0,-0.0,11,10,40,1.3132205363834202,1.601948102956192
2022-07-26,151.6,-0.1,150.923,57.889583053227746,1,-0.008826413860738791,0,0.0,0.0,-0.0,-0.0,11,10,40,1.3132205363834202,1.5878086460160752
2022-07-27,156.79,-0.1212121212121212,152.053,64.35127903048146,1,0.03423482849604231,1,1.0,0.0005,0.03423482849604231,0.03373482849604231,11,10,40,1.3575218059557956,1.6421670026969686
2022-07-28,157.35,0.2142857142857143,152.94099999999997,64.97577673209554,1,0.0035716563556349445,1,0.0,0.0,0.0035716563556349445,0.0035716563556349445,11,10,40,1.3623704073419507,1.6480322589091652
2022-07-29,162.51,0.4,154.17499999999998,70.16252649915317,0,0.032793136320305116,1,0.0,0.0,0.032793136320305116,0.032793136320305116,11,10,40,1.407046805828665,1.7020764054358337
2022-08-01,161.51,0.1176470588235294,155.61899999999997,68.05900309436163,0,-0.006153467478924424,0,1.0,0.0005,-0.0,-0.0005,11,10,40,1.4063432824257507,1.6916027336283397
2022-08-02,160.01,0.0526315789473684,156.51999999999998,64.91513693299179,0,-0.009287350628444102,0,0.0,0.0,-0.0,-0.0,11,10,40,1.4063432824257507,1.6758922259170987
2022-08-03,166.13,0.3846153846153846,157.829,70.83470122877674,0,0.03824760952440465,0,0.0,0.0,0.0,0.0,11,10,40,1.4063432824257507,1.7399910973789612
2022-08-04,165.81,-0.1875,158.875,70.16805924615724,0,-0.0019262023716366539,0,0.0,0.0,-0.0,-0.0,11,10,40,1.4063432824257507,1.736639522400563
2022-08-05,165.35,0.2272727272727273,160.00099999999998,69.16043903013521,1,-0.0027742596948314713,0,0.0,0.0,-0.0,-0.0,11,10,40,1.4063432824257507,1.7318216333691159
2022-08-08,164.87,0.05,161.193,68.0621138763598,0,-0.002902933172059252,1,1.0,0.0005,-0.002902933172059252,-0.003402933172059252,11,10,40,1.4015575902186814,1.726794270901519
2022-08-09,164.92,0.0263157894736842,162.525,68.11891014413449,0,0.0003032692424334016,0,1.0,0.0005,0.0,-0.0005,11,10,40,1.4008568114235722,1.7273179544918935
2022-08-10,169.24,0.3076923076923077,163.77,72.64522895344479,0,0.026194518554450763,0,0.0,0.0,0.0,0.0,11,10,40,1.4008568114235722,1.7725642167002673
2022-08-11,168.49,0.2272727272727273,164.88400000000001,70.76676222786081,0,-0.004431576459465902,0,0.0,0.0,-0.0,-0.0,11,10,40,1.4008568114235722,1.7647089628446468
2022-08-12,172.1,0.2727272727272727,165.84300000000002,74.22198815922064,0,0.021425603893405976,0,0.0,0.0,0.0,0.0,11,10,40,1.4008568114235722,1.8025189180696994
2022-08-15,173.19,0.0512820512820512,167.01100000000002,75.1760454998713,0,0.006333527019174889,0,0.0,0.0,0.0,0.0,11,10,40,1.4008568114235722,1.8139352203398678
2022-08-16,173.03,-0.119047619047619,168.31300000000002,74.73877597799458,0,-0.0009238408684103527,0,0.0,0.0,-0.0,-0.0,11,10,40,1.4008568114235722,1.812259432850669
2022-08-17,174.55,-0.1071428571428571,169.155,76.1575983241866,1,0.008784603825926274,0,0.0,0.0,0.0,0.0,11,10,40,1.4008568114235722,1.8281794139980598
2022-08-18,174.15,-0.0769230769230769,169.989,74.96435361608019,1,-0.0022916069894013402,1,1.0,0.0005,-0.0022916069894013402,-0.0027916069894013402,11,10,40,1.3969461697576517,1.8239899452750623
2022-08-19,171.52,-0.08,170.606,67.47817715685102,1,-0.01510192362905538,1,0.0,0.0,-0.01510192362905538,-0.01510192362905538,11,10,40,1.3758495953880703,1.7964441884213533
2022-08-22,167.57,-0.0416666666666666,170.876,58.09462555642729,0,-0.023029384328358327,1,0.0,0.0,-0.023029384328358327,-0.023029384328358327,11,10,40,1.3441646262778622,1.7550731847817522
2022-08-23,167.23,0.0,171.107,57.35528614069316,0,-0.002029002804798008,0,1.0,0.0005,-0.0,-0.0005,11,10,40,1.3434925439647234,1.7515121363672044
2022-08-24,167.53,0.175,170.93599999999998,57.86482780035997,0,0.0017939364946482073,0,0.0,0.0,0.0,0.0,11,10,40,1.3434925439647234,1.7546542379094527
2022-08-25,170.03,0.2857142857142857,171.08999999999997,61.945434154575594,0,0.014922700411866607,0,0.0,0.0,0.0,0.0,11,10,40,1.3434925439647234,1.7808384174281877
2022-08-26,163.62,-0.0384615384615384,170.24200000000002,48.87548940454298,-1,-0.037699229547726865,0,0.0,0.0,-0.0,-0.0,11,10,40,1.3434925439647234,1.7137021811421518
2022-08-29,161.38,-0.1176470588235294,169.06099999999998,45.280095660090716,0,-0.01369025791468037,-1,1.0,0.0005,0.01369025791468037,0.01319025791468037,11,10,40,1.3612135571260682,1.6902411562933655
2022-08-30,158.91,-0.0588235294117647,167.649,41.64241273196901,0,-0.015305490147477951,0,1.0,0.0005,-0.0,-0.0005,11,10,40,1.3605329503475052,1.6643711869288556
2022-08-31,157.22,0.1111111111111111,165.916,39.31511730188506,0,-0.010634950600969084,0,0.0,0.0,-0.0,-0.0,11,10,40,1.3605329503475052,1.646670681574191
2022-09-01,157.96,0.037037037037037,164.297,40.873337033884006,0,0.004706780307848879,0,0.0,0.0,0.0,0.0,11,10,40,1.3605329503475052,1.6544211987117365
2022-09-02,155.81,-0.0606060606060606,162.726,37.833721411493855,0,-0.01361104076981523,0,0.0,0.0,-0.0,-0.0,11,10,40,1.3605329503475052,1.6319028043256245
2022-09-06,154.53,-0.15625,161.422,36.111911354014275,0,-0.008215133816828146,0,0.0,0.0,-0.0,-0.0,11,10,40,1.3605329503475052,1.6184965044120323
2022-09-07,155.96,0.1911764705882353,160.29500000000002,39.42845401705889,0,0.009253866563126989,0,0.0,0.0,0.0,0.0,11,10,40,1.3605329503475052,1.6334738550967487
2022-09-08,154.46,0.1186440677966102,158.988,37.24438477608753,0,-0.009617850730956667,0,0.0,0.0,-0.0,-0.0,11,10,40,1.3605329503475052,1.6177633473855078
2022-09-09,157.37,0.3333333333333333,157.722,43.7537231400695,0,0.01883982908196291,0,0.0,0.0,0.0,0.0,11,10,40,1.3605329503475052,1.648241732345315
2022-09-12,163.43,0.4375,157.703,54.3685485902892,0,0.038507974836372805,0,0.0,0.0,0.0,0.0,11,10,40,1.3605329503475052,1.711712183498728
2022-09-13,153.84,0.1666666666666667,156.949,41.13765273649465,-1,-0.058679556996879434,0,0.0,0.0,-0.0,-0.0,11,10,40,1.3605329503475052,1.6112696708648613
2022-09-14,155.31,0.032258064516129,156.589,43.41095551833754,0,0.00955538221528851,-1,1.0,0.0005,-0.00955538221528851,-0.01005538221528851,11,10,40,1.3468522715152669,1.6266659684218772
2022-09-15,152.37,0.0588235294117647,156.10399999999998,40.077214101484785,0,-0.018929882171141554,0,1.0,0.0005,-0.0,-0.0005,11,10,40,1.3461788453795094,1.5958733733078452
2022-09-16,150.7,-0.1666666666666667,155.378,38.27897795541064,0,-0.010960162761698644,0,0.0,0.0,-0.0,-0.0,11,10,40,1.3461788453795094,1.57838234138933
2022-09-19,154.48,0.4705882352941176,155.245,44.36403729661185,0,0.02508294625082952,0,0.0,0.0,0.0,0.0,11,10,40,1.3461788453795094,1.617972820821657
2022-09-20,156.9,0.0857142857142857,155.482,47.90511183335443,0,0.015665458311755698,0,0.0,0.0,0.0,0.0,11,10,40,1.3461788453795094,1.6433191065957924
2022-09-21,153.72,0.2222222222222222,155.25799999999998,43.94685726526432,0,-0.020267686424474185,0,0.0,0.0,-0.0,-0.0,11,10,40,1.3461788453795094,1.6100128302479617
2022-09-22,152.74,0.0333333333333333,155.08599999999998,42.77389431523664,-1,-0.006375227686703067,0,0.0,0.0,-0.0,-0.0,11,10,40,1.3461788453795094,1.5997486318766176
2022-09-23,150.43,-0.1470588235294118,154.392,40.05973620188138,0,-0.015123739688359339,-1,1.0,0.0005,0.015123739688359339,0.014623739688359338,11,10,40,1.3658650143883153,1.5755544500013068
2022-09-26,150.77,-0.0476190476190476,153.126,40.656607019834794,0,0.002260187462607144,0,1.0,0.0005,0.0,-0.0005,11,10,40,1.3651820818811213,1.5791154984158546
2022-09-27,151.76,0.1875,152.918,42.45349743113816,0,0.006566293029117043,0,0.0,0.0,0.0,0.0,12,10,40,1.3651820818811213,1.5894844335052734
2022-09-28,149.84,-0.0588235294117647,152.371,39.92837975276523,0,-0.01265155508697935,0,0.0,0.0,-0.0,-0.0,12,10,40,1.3651820818811213,1.5693749836348851
2022-09-29,142.48,-0.1351351351351351,151.382,32.05697920722861,0,-0.04911906033101987,0,0.0,0.0,-0.0,-0.0,12,10,40,1.3651820818811213,1.49228875913173
2022-09-30,138.2,-0.15,150.132,28.534191048174392,0,-0.030039303761931535,0,0.0,0.0,-0.0,-0.0,12,10,40,1.3651820818811213,1.447461443795656
2022-10-03,142.45,0.1428571428571428,148.929,36.04935881283562,0,0.030752532561505008,0,0.0,0.0,0.0,0.0,12,10,40,1.3651820818811213,1.4919745489775051
2022-10-04,146.1,0.1081081081081081,147.849,41.71781517392459,0,0.025623025623025653,0,0.0,0.0,0.0,0.0,12,10,40,1.3651820818811213,1.530203451074858
2022-10-05,146.4,0.28,147.11700000000002,42.17152140586306,0,0.002053388090349051,0,0.0,0.0,0.0,0.0,12,10,40,1.3651820818811213,1.533345552617106
2022-10-06,145.43,-0.0666666666666666,146.38600000000002,41.05856575625845,-1,-0.006625683060109244,0,0.0,0.0,-0.0,-0.0,12,10,40,1.3651820818811213,1.523186090963837
2022-10-07,140.09,-0.0454545454545454,145.352,35.50355795714145,0,-0.03671869627999724,-1,1.0,0.0005,0.03671869627999724,0.03621869627999724,12,10,40,1.4146271970716682,1.4672566835118197
2022-10-10,140.42,0.0,144.317,36.079105374189766,0,0.0023556285245198705,0,1.0,0.0005,0.0,-0.0005,12,10,40,1.4139198834731324,1.4707129952082925
2022-10-11,138.98,-0.0833333333333333,143.039,34.627015012824614,0,-0.010254949437402017,0,0.0,0.0,-0.0,-0.0,12,10,40,1.4139198834731324,1.4556309078055014
2022-10-12,138.34,0.1071428571428571,141.88899999999998,33.97257696715823,0,-0.004604979133688181,0,0.0,0.0,-0.0,-0.0,12,10,40,1.4139198834731324,1.4489277578487054
2022-10-13,142.99,0.2413793103448276,141.94,42.478839552805546,0,0.03361283793552117,0,0.0,0.0,0.0,0.0,12,10,40,1.4139198834731324,1.497630331753552
2022-10-14,138.38,0.3333333333333333,141.958,37.34253371989946,-1,-0.03224001678439059,0,0.0,0.0,-0.0,-0.0,12,10,40,1.4139198834731324,1.449346704721005
2022-10-17,142.41,0.2,141.954,43.74607038710975,0,0.029122705593293885,-1,1.0,0.0005,-0.029122705593293885,-0.029622705593293885,12,10,40,1.3720357510325034,1.4915556021052054
2022-10-18,143.75,0.1176470588235294,141.719,45.732050606473976,0,0.009409451583456185,0,1.0,0.0005,0.0,-0.0005,12,10,40,1.3713497331569873,1.505590322327247
2022-10-19,143.86,0.0,141.465,45.900894247777,0,0.000765217391304418,0,0.0,0.0,0.0,0.0,12,10,40,1.3713497331569873,1.5067424262260716
2022-10-20,143.39,0.0,141.261,45.25303764208788,0,-0.0032670652022801505,0,0.0,0.0,-0.0,-0.0,12,10,40,1.3713497331569873,1.5018198004765493
2022-10-21,147.27,0.1025641025641026,141.97899999999998,51.356810195539474,0,0.027059069670130498,0,0.0,0.0,0.0,0.0,12,10,40,1.3713497331569873,1.5424576470896256
2022-10-24,149.45,0.03125,142.882,54.430911052655254,0,0.014802743260677431,0,0.0,0.0,0.0,0.0,12,10,40,1.3713497331569873,1.565290251629962
2022-10-25,152.34,0.0,144.21800000000002,58.20208620883079,0,0.019337571094011574,0,0.0,0.0,0.0,0.0,12,10,40,1.3713497331569873,1.5955591631536197
2022-10-26,149.35,-0.2142857142857143,145.31900000000002,53.28850722406614,0,-0.019627149796507926,0,0.0,0.0,-0.0,-0.0,12,10,40,1.3713497331569873,1.5642428844492127
2022-10-27,144.8,0.048780487804878,145.5,46.81199183149707,0,-0.030465349849347012,0,0.0,0.0,-0.0,-0.0,12,10,40,1.3713497331569873,1.5165876777251157
2022-10-28,155.74,0.1666666666666667,147.23600000000002,59.54365411103034,0,0.07555248618784538,0,0.0,0.0,0.0,0.0,12,10,40,1.3713497331569873,1.631169647299099
2022-10-31,153.34,0.0,148.329,56.356562956191866,0,-0.015410299216643164,0,0.0,0.0,-0.0,-0.0,12,10,40,1.3713497331569873,1.6060328349611137
2022-11-01,150.65,0.1304347826086956,149.019,52.936456751837376,0,-0.017542715534107245,0,0.0,0.0,-0.0,-0.0,12,10,40,1.3713497331569873,1.577858657798955
2022-11-02,145.03,-0.1111111111111111,149.136,46.57680278359293,0,-0.037305011616329264,0,0.0,0.0,-0.0,-0.0,12,10,40,1.3713497331569873,1.5189966222408393
2022-11-03,138.88,-0.0434782608695652,148.685,40.800294520522264,0,-0.04240501965110666,0,0.0,0.0,-0.0,-0.0,12,10,40,1.3713497331569873,1.4545835406247518
2022-11-04,138.38,0.0416666666666666,147.796,40.362018035994446,0,-0.0036002304147465525,0,0.0,0.0,-0.0,-0.0,12,10,40,1.3713497331569873,1.449346704721005
2022-11-07,138.92,-0.2741935483870968,146.743,41.097926659932895,0,0.0039022980199450163,0,0.0,0.0,0.0,0.0,12,10,40,1.3713497331569873,1.4550024874970515
2022-11-08,139.5,0.08,145.459,41.926814030988936,0,0.004175064785488125,0,0.0,0.0,0.0,0.0,12,10,40,1.3713497331569873,1.461077217145398
2022-11-09,134.87,-0.2857142857142857,144.011,37.4020305517219,0,-0.03318996415770603,0,0.0,0.0,-0.0,-0.0,12,10,40,1.3713497331569873,1.4125841166767015
2022-11-10,146.87,0.2051282051282051,144.21800000000002,51.89304390696843,1,0.08897456810261728,0,0.0,0.0,0.0,0.0,12,10,40,1.3713497331569873,1.538268178366628
2022-11-11,149.7,0.35,143.61399999999998,54.5643585655727,0,0.019268741063525496,1,1.0,0.0005,0.019268741063525496,0.018768741063525496,12,10,40,1.3970882412061456,1.5679086695818356
2022-11-14,148.28,-0.0769230769230769,143.108,52.97481224769362,0,-0.009485637942551639,0,1.0,0.0005,-0.0,-0.0005,12,10,40,1.3963896970855425,1.5530360556151945
2022-11-15,150.04,0.0384615384615384,143.047,54.73490898514323,1,0.011869436201780381,0,0.0,0.0,0.0,0.0,12,10,40,1.3963896970855425,1.5714697179963837
2022-11-16,148.79,-0.0454545454545454,143.423,53.211578373010454,0,-0.008331111703545724,1,1.0,0.0005,-0.008331111703545724,-0.008831111703545724,12,10,40,1.3840580236888995,1.5583776282370163
2022-11-17,150.72,0.0,144.607,55.28102208164333,0,0.012971301834800775,0,1.0,0.0005,0.0,-0.0005,12,10,40,1.3833659946770551,1.5785918148254796
2022-11-18,151.29,-0.1153846153846154,145.898,55.9013801716296,0,0.003781847133757843,0,0.0,0.0,0.0,0.0,12,10,40,1.3833659946770551,1.5845618077557508
2022-11-21,148.01,0.0,146.807,51.47610828732262,1,-0.02168021680216803,0,0.0,0.0,-0.0,-0.0,12,10,40,1.3833659946770551,1.5502081642271708
2022-11-22,150.18,0.0,147.875,54.066794171593266,0,0.01466117154246338,1,1.0,0.0005,0.01466117154246338,0.01416117154246338,12,10,40,1.4029560778336874,1.5729360320494326
2022-11-23,151.07,-0.1935483870967742,149.495,55.12502000203126,0,0.005926221867092796,0,1.0,0.0005,0.0,-0.0005,12,10,40,1.4022545997947706,1.5822575999581021
2022-11-25,148.11,-0.1212121212121212,149.61899999999997,50.92305492957567,0,-0.019593565896604104,0,0.0,0.0,-0.0,-0.0,12,10,40,1.4022545997947706,1.5512555314079204
2022-11-28,144.22,-0.4230769230769231,149.071,45.96435918718637,0,-0.02626426304773488,0,0.0,0.0,-0.0,-0.0,12,10,40,1.4022545997947706,1.510512948076769
2022-11-29,141.17,-0.25,148.35999999999999,42.47220996890988,0,-0.021148245735681637,0,0.0,0.0,-0.0,-0.0,12,10,40,1.4022545997947706,1.4785682490639125
2022-11-30,148.03,-0.1320754716981132,148.159,51.413430018858826,0,0.04859389388680335,0,0.0,0.0,0.0,0.0,12,10,40,1.4022545997947706,1.550417637663321
2022-12-01,148.31,-0.1052631578947368,148.111,51.74311335110877,1,0.0018915084780111169,0,0.0,0.0,0.0,0.0,12,10,40,1.4022545997947706,1.5533502657694191
2022-12-02,147.81,-0.1153846153846154,147.82,51.076614340939805,0,-0.003371316836356275,1,1.0,0.0005,-0.003371316836356275,-0.003871316836356275,12,10,40,1.3968260279537272,1.5481134298656722
2022-12-05,146.63,0.0285714285714285,147.35399999999998,49.457506213048426,0,-0.007983221703538379,0,1.0,0.0005,-0.0,-0.0005,12,10,40,1.3961276149397503,1.5357544971328294
2022-12-06,142.91,0.0232558139534883,146.844,44.65198861222187,0,-0.025369978858350906,0,0.0,0.0,-0.0,-0.0,12,10,40,1.3961276149397503,1.4967924380089521
2022-12-07,140.94,-0.2093023255813954,146.89749999999998,42.307575888194265,0,-0.013784899587152788,0,0.0,0.0,-0.0,-0.0,13,20,40,1.3961276149397503,1.476159304548189
2022-12-08,142.65,0.1363636363636364,147.2865,45.006668948753685,0,0.012132822477650018,0,0.0,0.0,0.0,0.0,13,20,40,1.3961276149397503,1.4940692833390037
2022-12-09,142.16,-0.08,147.051,44.36614493303414,0,-0.003434980722047065,0,0.0,0.0,-0.0,-0.0,13,20,40,1.3961276149397503,1.4889371841533314
2022-12-12,144.49,0.0,146.7905,48.14527149000067,0,0.01638998311761397,0,0.0,0.0,0.0,0.0,13,20,40,1.3961276149397503,1.5133408394647923
2022-12-13,145.47,0.2222222222222222,146.65,49.69314091660041,0,0.006782476295937423,0,0.0,0.0,0.0,0.0,13,20,40,1.3961276149397503,1.5236050378361363
2022-12-14,143.21,0.0625,146.3085,46.26347913486489,-1,-0.015535849316010153,0,0.0,0.0,-0.0,-0.0,13,20,40,1.3961276149397503,1.4999345395512003
2022-12-15,136.5,-0.0952380952380952,145.69400000000002,37.899907822366615,0,-0.04685426995321562,-1,1.0,0.0005,0.04685426995321562,0.04635426995321562,13,20,40,1.4608440912918066,1.4296562017229162
2022-12-16,134.51,0.1818181818181818,144.8835,35.83106079354009,0,-0.014578754578754682,0,1.0,0.0005,-0.0,-0.0005,13,20,40,1.4601136692461607,1.4088135948260032
2022-12-19,132.37,0.0869565217391304,143.9375,33.70060141522845,0,-0.015909597799420028,0,0.0,0.0,-0.0,-0.0,13,20,40,1.4601136692461607,1.3863999371579665
2022-12-20,132.3,0.1,143.152,33.63016268632927,0,-0.0005288207297725611,0,0.0,0.0,-0.0,-0.0,13,20,40,1.4601136692461607,1.385666780131442
2022-12-21,135.45,0.2083333333333333,142.4155,39.73451654586998,0,0.023809523809523725,0,0.0,0.0,0.0,0.0,13,20,40,1.4601136692461607,1.4186588463250476
2022-12-22,132.23,0.1904761904761905,141.4735,36.08125638478299,-1,-0.023772609819121437,0,0.0,0.0,-0.0,-0.0,13,20,40,1.4601136692461607,1.3849336231049172
2022-12-23,131.86,0.3076923076923077,140.661,35.675363341099015,0,-0.002798154730393798,-1,1.0,0.0005,0.002798154730393798,0.002298154730393798,13,20,40,1.4634692363820514,1.3810583645361447
2022-12-27,130.03,-0.3333333333333333,139.95149999999998,33.65857758958823,-1,-0.013878355831943079,0,1.0,0.0005,-0.0,-0.0005,13,20,40,1.4627375017638604,1.3618915451284308
2022-12-28,126.04,-0.037037037037037,139.195,29.714333029033284,0,-0.030685226486195427,-1,1.0,0.0005,0.030685226486195427,0.030185226486195427,13,20,40,1.5068905645444544,1.3201015946165302
2022-12-29,129.61,0.2758620689655172,138.274,36.84537866594633,0,0.02832434147889562,0,1.0,0.0005,0.0,-0.0005,13,20,40,1.5061371192621822,1.3574926029692835
2022-12-30,129.93,-0.0454545454545454,137.355,37.45790576968182,-1,0.0024689452974306914,0,0.0,0.0,0.0,0.0,13,20,40,1.5061371192621822,1.3608441779476814
2023-01-03,125.07,-0.15,136.21800000000002,32.32942093885262,0,-0.03740475640729635,-1,1.0,0.0005,0.03740475640729635,0.036904756407296346,13,20,40,1.56172074276454,1.309942132963261
2023-01-04,126.36,0.0952380952380952,135.2045,34.878075258217606,0,0.010314224034540631,0,1.0,0.0005,0.0,-0.0005,13,20,40,1.560939882393158,1.323453169594928
2023-01-05,125.02,0.0,134.31,33.46800535376751,0,-0.010604621715732843,0,0.0,0.0,-0.0,-0.0,13,20,40,1.560939882393158,1.3094184493728862
2023-01-06,129.62,0.0,133.744,42.118927773316166,0,0.03679411294192936,0,0.0,0.0,0.0,0.0,13,20,40,1.560939882393158,1.3575973396873582
2023-01-09,130.15,-0.0303030303030303,133.119,43.03793790145735,0,0.004088875173584361,0,0.0,0.0,0.0,0.0,13,20,40,1.560939882393158,1.36314838574533
2023-01-10,130.73,0.1764705882352941,132.5475,44.08423449697171,0,0.004456396465616574,0,0.0,0.0,0.0,0.0,13,20,40,1.560939882393158,1.3692231153936762
2023-01-11,133.49,-0.2285714285714286,131.9975,48.894838883469724,0,0.0211122160177466,0,0.0,0.0,0.0,0.0,13,20,40,1.560939882393158,1.3981304495823594
2023-01-12,133.41,0.1538461538461539,131.39450000000002,48.76388173027009,1,-0.0005992958274029236,0,0.0,0.0,-0.0,-0.0,13,20,40,1.560939882393158,1.3972925558377598
2023-01-13,134.76,-0.0416666666666666,130.972,51.14198384907688,0,0.01011918147065427,1,1.0,0.0005,0.01011918147065427,0.00961918147065427,13,20,40,1.5759548463866795,1.4114320127778763
2023-01-17,135.94,0.1538461538461539,130.94400000000002,53.18725688605315,0,0.008756307509646843,0,1.0,0.0005,0.0,-0.0005,13,20,40,1.5751668689634863,1.4237909455107192
2023-01-18,135.21,0.1081081081081081,130.97899999999998,51.74413784921028,0,-0.005370016183610327,0,0.0,0.0,-0.0,-0.0,13,20,40,1.5751668689634863,1.4161451650912487
2023-01-19,135.27,0.1818181818181818,131.124,51.85975331904265,0,0.0004437541601953754,0,0.0,0.0,0.0,0.0,13,20,40,1.5751668689634863,1.4167735853996986
2023-01-20,137.87,0.0,131.4025,56.70093286602752,0,0.019220817624011177,0,0.0,0.0,0.0,0.0,13,20,40,1.5751668689634863,1.4440051320991827
2023-01-23,141.11,0.2857142857142857,131.6855,61.849636608297814,0,0.023500398926525,0,0.0,0.0,0.0,0.0,13,20,40,1.5751668689634863,1.4779398287554628
2023-01-24,142.53,0.0909090909090909,132.2005,63.87699819640849,0,0.010063071362766518,0,0.0,0.0,0.0,0.0,13,20,40,1.5751668689634863,1.492812442722104
2023-01-25,141.86,-0.0666666666666666,132.70049999999998,62.19751105787974,0,-0.00470076475128034,0,0.0,0.0,-0.0,-0.0,13,20,40,1.5751668689634863,1.485795082611083
2023-01-26,143.96,-0.125,133.397,65.27895418605327,1,0.014803327224023555,0,0.0,0.0,0.0,0.0,13,20,40,1.5751668689634863,1.50778979340682
2023-01-27,145.93,0.08,134.3915,67.92069568133131,1,0.01368435676576829,1,1.0,0.0005,0.01368435676576829,0.01318435676576829,13,20,40,1.5959344309295191,1.528422926867583
2023-01-30,143.0,-0.0377358490566037,135.061,60.542594208385836,0,-0.020078119646405823,1,0.0,0.0,-0.020078119646405823,-0.020078119646405823,13,20,40,1.5638910684774976,1.497735068471626
2023-01-31,144.29,-0.0303030303030303,135.77900000000002,62.47530318456262,0,0.00902097902097898,0,1.0,0.0005,0.0,-0.0005,13,20,40,1.563109122943259,1.511246105103293
2023-02-01,145.43,0.1142857142857143,136.797,64.14665339141132,0,0.00790075542310631,0,0.0,0.0,0.0,0.0,13,20,40,1.563109122943259,1.5231860909638362
2023-02-02,150.82,-0.288135593220339,138.02,70.77460407174765,0,0.03706250429760005,0,0.0,0.0,0.0,0.0,13,20,40,1.563109122943259,1.5796391820062279
2023-02-03,154.5,-0.0821917808219178,139.494,74.27167767666424,1,0.024399946956637164,0,0.0,0.0,0.0,0.0,13,20,40,1.563109122943259,1.6181822942578055
2023-02-06,151.73,-0.2,140.5995,67.70450313815815,1,-0.017928802588996873,1,1.0,0.0005,-0.017928802588996873,-0.018428802588996873,13,20,40,1.5343028934914775,1.5891702233510472
2023-02-07,154.65,0.2222222222222222,141.8245,70.65057100294979,1,0.019244710999802406,1,0.0,0.0,0.019244710999802406,0.019244710999802406,13,20,40,1.5638301092628817,1.6197533450289294
2023-02-08,151.92,0.1666666666666667,142.884,64.70738773196078,0,-0.017652764306498647,1,0.0,0.0,-0.017652764306498647,-0.017652764306498647,13,20,40,1.536224184928658,1.5911602209944709
2023-02-09,150.87,0.0,143.753,62.52870390847181,0,-0.006911532385465935,0,1.0,0.0005,-0.0,-0.0005,13,20,40,1.5354560728361937,1.5801628655966025
2023-02-10,151.01,0.2380952380952381,144.63299999999998,62.70899234811806,0,0.0009279512162787551,0,0.0,0.0,0.0,0.0,13,20,40,1.5354560728361937,1.5816291796496513
2023-02-13,153.85,0.5714285714285714,145.5875,66.2558417714031,0,0.018806701542944282,0,0.0,0.0,0.0,0.0,13,20,40,1.5354560728361937,1.6113744075829342
2023-02-14,153.2,0.0434782608695652,146.4505,64.73816694368715,0,-0.00422489437764062,0,0.0,0.0,-0.0,-0.0,13,20,40,1.5354560728361937,1.604566520908063
2023-02-15,155.33,0.1538461538461539,147.4565,67.37541219163128,0,0.013903394255874835,0,0.0,0.0,0.0,0.0,13,20,40,1.5354560728361937,1.6268754418580254
2023-02-16,153.71,0.2222222222222222,148.3785,63.48633988455579,0,-0.010429408356402492,0,0.0,0.0,-0.0,-0.0,13,20,40,1.5354560728361937,1.6099080935298853
2023-02-17,152.55,-0.0625,149.1125,60.780891179474274,0,-0.0075466788107474425,0,0.0,0.0,-0.0,-0.0,13,20,40,1.5354560728361937,1.5977586342331924
2023-02-21,148.48,-0.2307692307692308,149.481,52.351282015549124,0,-0.02667977712225511,0,0.0,0.0,-0.0,-0.0,14,20,40,1.5354560728361937,1.5551307899766922
2023-02-22,148.91,0.1875,149.8,53.09148492976806,0,0.002896012931034475,0,0.0,0.0,0.0,0.0,14,20,40,1.5354560728361937,1.5596344688539145
2023-02-23,149.4,0.2777777777777778,150.177,53.96901527602932,0,0.003290578201598393,0,0.0,0.0,0.0,0.0,14,20,40,1.5354560728361937,1.5647665680395868
2023-02-24,146.71,-0.1052631578947368,150.3145,48.594509378057374,-1,-0.01800535475234266,0,0.0,0.0,-0.0,-0.0,14,20,40,1.5354560728361937,1.5365923908774284
2023-02-27,147.92,0.0952380952380952,150.414,50.96021333231051,0,0.008247563219957676,-1,1.0,0.0005,-0.008247563219957676,-0.008747563219957677,14,20,40,1.5220245737675913,1.5492655337644958
2023-02-28,147.41,-0.2173913043478261,150.63449999999997,49.917480534983106,0,-0.0034478096268252267,0,1.0,0.0005,-0.0,-0.0005,14,20,40,1.5212635614807075,1.543923961142674
2023-03-01,145.31,0.1904761904761905,150.6855,45.764987204276956,0,-0.014245980598331154,0,0.0,0.0,-0.0,-0.0,14,20,40,1.5212635614807075,1.5219292503469368
2023-03-02,145.91,-0.1304347826086956,150.7095,47.118543531786706,0,0.004129103296400816,0,0.0,0.0,0.0,0.0,14,20,40,1.5212635614807075,1.528213453431433
2023-03-03,151.03,0.1764705882352941,150.71999999999997,56.98423687992208,1,0.0350901240490713,0,0.0,0.0,0.0,0.0,14,20,40,1.5212635614807075,1.5818386530858017
2023-03-06,153.83,0.5116279069767442,150.6865,61.24267863923981,0,0.01853936304045556,1,1.0,0.0005,0.01853936304045556,0.01803936304045556,14,20,40,1.5487061871464745,1.6111649341467846
2023-03-07,151.6,0.1875,150.68,56.44959074695759,0,-0.014496522134824219,0,1.0,0.0005,-0.0,-0.0005,14,20,40,1.5479318340529014,1.5878086460160732
2023-03-08,152.87,0.0,150.591,58.4442814025684,0,0.008377308707124165,0,0.0,0.0,0.0,0.0,14,20,40,1.5479318340529014,1.6011102092115908
2023-03-09,150.59,0.1818181818181818,150.52450000000002,53.689923143924574,0,-0.014914633348596884,0,0.0,0.0,-0.0,-0.0,14,20,40,1.5479318340529014,1.5772302374905047
2023-03-10,148.5,-0.1,150.406,49.69882740556996,0,-0.01387874360847341,0,0.0,0.0,-0.0,-0.0,14,20,40,1.5479318340529014,1.5553402634128424
2023-03-13,150.47,0.2727272727272727,150.379,53.228128680891146,1,0.013265993265993314,0,0.0,0.0,0.0,0.0,14,20,40,1.5479318340529014,1.5759733968736054
2023-03-14,152.59,0.0666666666666666,150.316,56.74533537493665,0,0.014089187213398136,1,1.0,0.0005,0.014089187213398136,0.013589187213398135,14,20,40,1.568966969539425,1.5981775811054926
2023-03-15,152.99,0.0,150.3055,57.39631755086083,0,0.0026214037617144914,0,1.0,0.0005,0.0,-0.0005,14,20,40,1.5681824860546554,1.6023670498284903
2023-03-16,155.85,0.1481481481481481,150.3315,61.82071985129113,0,0.01869403228969202,0,0.0,0.0,0.0,0.0,14,20,40,1.5681824860546554,1.6323217511979227
2023-03-17,155.0,0.5625,150.39600000000002,59.831978027450496,0,-0.005453962143086244,0,0.0,0.0,-0.0,-0.0,14,20,40,1.5681824860546554,1.623419130161553
2023-03-20,157.4,0.5,150.6385,63.411056482867814,0,0.015483870967742064,0,0.0,0.0,0.0,0.0,14,20,40,1.5681824860546554,1.6485559424995386
2023-03-21,159.28,0.3333333333333333,151.1785,65.96903190498969,0,0.011944091486658204,0,0.0,0.0,0.0,0.0,14,20,40,1.5681824860546554,1.6682464454976271
2023-03-22,157.83,-0.2666666666666667,151.62449999999998,62.34853967413511,0,-0.009103465595178273,0,0.0,0.0,-0.0,-0.0,14,20,40,1.5681824860546554,1.653059621376761
2023-03-23,158.93,0.1891891891891892,152.101,63.96427471153479,1,0.006969524171577035,0,0.0,0.0,0.0,0.0,14,20,40,1.5681824860546554,1.6645806603650044
2023-03-24,160.25,0.15,152.778,65.85769524112209,0,0.008305543320958897,1,1.0,0.0005,0.008305543320958897,0.0078055433209588965,14,20,40,1.580423002384724,1.6784059071508963
2023-03-27,158.28,0.3076923076923077,153.296,60.72921746895949,0,-0.012293291731669265,0,1.0,0.0005,-0.0,-0.0005,14,20,40,1.579632790883532,1.6577727736901333
2023-03-28,157.65,0.0476190476190476,153.80800000000002,59.14306552635145,0,-0.003980288097043205,0,0.0,0.0,-0.0,-0.0,14,20,40,1.579632790883532,1.6511743604514122
2023-03-29,160.77,0.04,154.58100000000002,64.13851024604293,0,0.019790675547098013,0,0.0,0.0,0.0,0.0,14,20,40,1.579632790883532,1.6838522164907932
2023-03-30,162.36,0.2,155.4035,66.39356960459395,0,0.009889904832991236,0,0.0,0.0,0.0,0.0,14,20,40,1.579632790883532,1.7005053546647084
2023-03-31,164.9,0.2142857142857143,156.097,69.67424014123291,0,0.015644247351564333,0,0.0,0.0,0.0,0.0,14,20,40,1.579632790883532,1.7271084810557427
2023-04-03,166.17,0.0909090909090909,156.714,71.18870002920974,0,0.00770163735597329,0,0.0,0.0,0.0,0.0,14,20,40,1.579632790883532,1.7404100442512598
2023-04-04,165.63,0.2,157.4155,69.59717878188006,0,-0.00324968405849424,0,0.0,0.0,-0.0,-0.0,14,20,40,1.579632790883532,1.7347542614752132
2023-04-05,163.76,0.125,157.95999999999998,64.241100898784,0,-0.011290225200748738,0,0.0,0.0,-0.0,-0.0,14,20,40,1.579632790883532,1.7151684951951995
2023-04-06,164.66,0.12,158.6635,65.61273559559879,0,0.005495847581827196,0,0.0,0.0,0.0,0.0,14,20,40,1.579632790883532,1.7245947998219442
2023-04-10,162.03,-0.28125,159.33999999999997,58.54555524719009,0,-0.015972306571116257,0,0.0,0.0,-0.0,-0.0,14,20,40,1.579632790883532,1.6970490429682352
2023-04-11,160.8,0.0,159.8565,55.53294610656348,1,-0.007591186817256013,0,0.0,0.0,-0.0,-0.0,14,20,40,1.579632790883532,1.6841664266450178
2023-04-12,160.1,-0.1818181818181818,160.232,53.835123977729516,0,-0.0043532338308458485,1,1.0,0.0005,-0.0043532338308458485,-0.004853233830845849,14,20,40,1.5719664635825026,1.676834856379772
2023-04-13,165.56,0.1,160.8605,63.26836657093035,1,0.034103685196752,0,1.0,0.0005,0.0,-0.0005,14,20,40,1.5711804803507115,1.7340211044486886
2023-04-14,165.21,0.0666666666666666,161.3285,62.388305911226695,0,-0.0021140372070548308,1,1.0,0.0005,-0.0021140372070548308,-0.002614037207054831,14,20,40,1.5670733561160766,1.7303553193160657
2023-04-17,165.23,0.2790697674418605,161.83999999999997,62.42047390079257,0,0.00012105804733364423,0,1.0,0.0005,0.0,-0.0005,14,20,40,1.5662898194380186,1.7305647927522154
2023-04-18,166.47,0.1351351351351351,162.29350000000002,64.45054100045132,0,0.007504690431519689,0,0.0,0.0,0.0,0.0,14,20,40,1.5662898194380186,1.743552145793508
2023-04-19,167.63,0.1428571428571428,162.71099999999998,66.28538155378838,0,0.006968222502552912,0,0.0,0.0,0.0,0.0,14,20,40,1.5662898194380186,1.7557016050902006
2023-04-20,166.65,0.0526315789473684,163.152,63.31230410236405,0,-0.005846208912485773,0,0.0,0.0,-0.0,-0.0,14,20,40,1.5662898194380186,1.7454374067188567
2023-04-21,165.02,-0.0476190476190476,163.4565,58.604025801498715,0,-0.009780978097809756,0,0.0,0.0,-0.0,-0.0,14,20,40,1.5662898194380186,1.7283653216726418
2023-04-24,165.33,0.2352941176470588,163.7105,59.22507492209028,0,0.0018785601745243685,0,0.0,0.0,0.0,0.0,14,20,40,1.5662898194380186,1.731612159932965
2023-04-25,163.77,0.1578947368421053,163.98499999999999,54.7718669679423,-1,-0.009435674106332836,0,0.0,0.0,-0.0,-0.0,14,20,40,1.5662898194380186,1.7152732319132744
2023-04-26,163.76,0.1333333333333333,164.2905,54.74345118573519,0,-6.106124442828431e-05,-1,1.0,0.0005,6.106124442828431e-05,-0.0004389387555717157,14,20,40,1.56560231413381,1.7151684951951993
2023-04-27,168.41,0.2142857142857143,164.67249999999999,64.07641151543413,0,0.028395212506106438,0,1.0,0.0005,0.0,-0.0005,14,20,40,1.5648195129767433,1.7638710691000459
2023-04-28,169.68,0.1428571428571428,165.0385,66.13078129307031,0,0.007541119885992487,0,0.0,0.0,0.0,0.0,14,20,40,1.5648195129767433,1.777172632295563
2023-05-01,169.59,0.0833333333333333,165.273,65.84341572573283,0,-0.0005304101838755626,0,0.0,0.0,-0.0,-0.0,14,20,40,1.5648195129767433,1.7762300018328885
2023-05-02,168.54,0.0869565217391304,165.3915,62.43471642265858,0,-0.0061914027949762085,0,0.0,0.0,-0.0,-0.0,14,20,40,1.5648195129767433,1.7652326464350196
2023-05-03,167.45,-0.0666666666666666,166.82,59.01893858544141,0,-0.006467307464103511,0,0.0,0.0,-0.0,-0.0,15,10,40,1.5648195129767433,1.7538163441648513
2023-05-04,165.79,0.0925925925925925,166.734,54.15931214588936,0,-0.009913406987160367,0,0.0,0.0,-0.0,-0.0,15,10,40,1.5648195129767433,1.7364300489644113
2023-05-05,173.57,0.3088235294117647,167.589,67.61731331535165,0,0.04692683515290419,0,0.0,0.0,0.0,0.0,15,10,40,1.5648195129767433,1.8179152156267135
2023-05-08,173.5,0.1052631578947368,168.406,67.42550969493482,0,-0.0004032955003744343,0,0.0,0.0,-0.0,-0.0,15,10,40,1.5648195129767433,1.817182058600189
2023-05-09,171.77,0.2631578947368421,169.206,62.69240038114625,0,-0.009971181556195918,0,0.0,0.0,-0.0,-0.0,15,10,40,1.5648195129767433,1.7990626063732247
2023-05-10,173.555,-0.0526315789473684,170.1855,65.39186300467617,0,0.010391802992373522,0,0.0,0.0,0.0,0.0,15,10,40,1.5648195129767433,1.8177581105496012
2023-05-11,173.75,-0.05,170.71949999999998,65.68398078232761,1,0.0011235631356054654,0,0.0,0.0,0.0,0.0,15,10,40,1.5648195129767433,1.8198004765520626
2023-05-12,172.57,0.125,171.0085,62.25933002621314,0,-0.0067913669064748605,1,1.0,0.0005,-0.0067913669064748605,-0.007291366906474861,15,10,40,1.5534098397652185,1.8074415438192197
2023-05-15,172.07,-0.1428571428571428,171.2565,60.81248422273583,0,-0.0028973749782696956,0,1.0,0.0005,-0.0,-0.0005,15,10,40,1.552633134845336,1.8022047079154728
2023-05-16,172.07,-0.0714285714285714,171.6095,60.81248422273583,1,0.0,0,0.0,0.0,0.0,0.0,15,10,40,1.552633134845336,1.8022047079154728
2023-05-17,172.69,-0.0416666666666666,172.13349999999997,62.07978485248796,1,0.003603184750392341,1,1.0,0.0005,0.003603184750392341,0.003103184750392341,15,10,40,1.5574512423123419,1.808698384436119
2023-05-18,175.05,0.2173913043478261,173.0595,66.5183605401744,0,0.013666106896751407,1,0.0,0.0,0.013666106896751407,0.013666106896751407,15,10,40,1.5787355374762606,1.8334162499018047
2023-05-19,175.16,0.04,173.2185,66.7139298606607,0,0.0006283918880318762,0,1.0,0.0005,0.0,-0.0005,15,10,40,1.5779461697075226,1.8345683538006288
2023-05-22,174.2,-0.1538461538461539,173.2885,63.24206141943164,0,-0.005480703356930849,0,0.0,0.0,-0.0,-0.0,15,10,40,1.5779461697075226,1.8245136288654347
2023-05-23,171.56,0.375,173.26749999999998,54.79669531001734,0,-0.015154994259471755,0,0.0,0.0,-0.0,-0.0,15,10,40,1.5779461697075226,1.796863135293651
2023-05-24,171.84,0.5,173.096,55.47581639795296,-1,0.0016320820704127659,0,0.0,0.0,0.0,0.0,15,10,40,1.5779461697075226,1.7997957633997494
2023-05-25,172.99,0.1428571428571428,173.02,58.25013658302146,-1,0.006692271880819334,-1,1.0,0.0005,-0.006692271880819334,-0.007192271880819334,15,10,40,1.5665971518416886,1.8118404859783674
2023-05-26,175.43,0.25,173.30599999999998,63.45348865637691,0,0.014104861552690862,-1,0.0,0.0,-0.014104861552690862,-0.014104861552690862,15,10,40,1.5445005159061218,1.8373962451886525
2023-05-30,177.3,0.3,173.829,66.86218621902555,0,0.010659522316593506,0,1.0,0.0005,0.0,-0.0005,15,10,40,1.5437282656481688,1.8569820114686661
2023-05-31,177.25,0.1739130434782609,174.347,66.68309620047282,0,-0.0002820078962211259,0,0.0,0.0,-0.0,-0.0,15,10,40,1.5437282656481688,1.8564583278782913
2023-06-01,180.09,0.2941176470588235,175.08700000000002,71.37333155265186,0,0.01602256699576876,0,0.0,0.0,0.0,0.0,15,10,40,1.5437282656481688,1.8862035558115742
2023-06-02,180.95,0.0434782608695652,175.677,72.62985858668287,0,0.004775390082736308,0,0.0,0.0,0.0,0.0,15,10,40,1.5437282656481688,1.8952109135660187
2023-06-05,179.58,0.2022471910112359,176.119,67.543669744258,0,-0.0075711522520032215,0,0.0,0.0,-0.0,-0.0,15,10,40,1.5437282656481688,1.8808619831897522
2023-06-06,179.21,0.0126582278481012,176.62,66.19541781548192,0,-0.0020603630693841746,0,0.0,0.0,-0.0,-0.0,15,10,40,1.5437282656481688,1.8769867246209793
2023-06-07,177.82,0.2857142857142857,177.246,61.24908049438018,0,-0.007756263601361613,0,0.0,0.0,-0.0,-0.0,15,10,40,1.5437282656481688,1.8624283208085626
2023-06-08,180.57,0.28125,178.119,66.57114232394093,0,0.01546507704420197,0,0.0,0.0,0.0,0.0,15,10,40,1.5437282656481688,1.8912309182791707
2023-06-09,180.96,0.0,178.916,67.25792711799802,0,0.002159827213823018,0,0.0,0.0,0.0,0.0,15,10,40,1.5437282656481688,1.8953156502840935
2023-06-12,183.79,0.2,179.752,71.78740983326534,0,0.015638815207780654,0,0.0,0.0,0.0,0.0,15,10,40,1.5437282656481688,1.924956141499301
2023-06-13,183.31,0.275,180.353,70.01814628561158,0,-0.0026116763697697776,0,0.0,0.0,-0.0,-0.0,15,10,40,1.5437282656481688,1.9199287790317041
2023-06-14,183.95,0.3225806451612903,181.023,71.04290736259401,0,0.003491353444983858,0,0.0,0.0,0.0,0.0,15,10,40,1.5437282656481688,1.9266319289885
2023-06-15,186.01,0.4,181.615,74.11026032814472,0,0.011198695297635286,0,0.0,0.0,0.0,0.0,15,10,40,1.5437282656481688,1.9482076929119376
2023-06-16,184.92,0.2,182.012,69.8915708396989,0,-0.005859900005376062,0,0.0,0.0,-0.0,-0.0,15,10,40,1.5437282656481688,1.9367913906417693
2023-06-20,185.01,0.5263157894736842,182.555,70.04320437946315,0,0.0004866969500325613,0,0.0,0.0,0.0,0.0,15,10,40,1.5437282656481688,1.937734021104444
2023-06-21,183.96,0.1,183.03,65.87490728565808,0,-0.00567536889897835,0,0.0,0.0,-0.0,-0.0,15,10,40,1.5437282656481688,1.9267366657065756
2023-06-22,187.0,0.4545454545454545,183.948,71.21582008986017,0,0.016525331593824744,0,0.0,0.0,0.0,0.0,15,10,40,1.5437282656481688,1.958576628001357
2023-06-23,186.68,0.25,184.559,69.97433500674674,0,-0.0017112299465240621,0,0.0,0.0,-0.0,-0.0,15,10,40,1.5437282656481688,1.955225053022959
2023-06-26,185.27,0.15,184.99,64.62818883459559,0,-0.007553031926290976,0,0.0,0.0,-0.0,-0.0,15,10,40,1.5437282656481688,1.9404571757743925
2023-06-27,188.06,0.0,185.417,69.58065661072692,0,0.015059102930857549,0,0.0,0.0,0.0,0.0,15,10,40,1.5437282656481688,1.9696787201173003
2023-06-28,189.25,0.16,186.011,71.41877166354763,0,0.006327767733701917,0,0.0,0.0,0.0,0.0,15,10,40,1.5437282656481688,1.9821423895682178
2023-06-29,189.59,0.0,186.575,71.94047051370963,0,0.001796565389696081,0,0.0,0.0,0.0,0.0,15,10,40,1.5437282656481688,1.9857034379827656
2023-06-30,193.97,0.2295081967213115,187.371,77.61027023939343,0,0.02310248430824413,0,0.0,0.0,0.0,0.0,15,10,40,1.5437282656481688,2.031578120499589
2023-07-03,192.46,0.1379310344827586,188.125,72.19428265751428,0,-0.007784708975614785,0,0.0,0.0,-0.0,-0.0,15,10,40,1.5437282656481688,2.0157628760702733
2023-07-05,191.33,0.0454545454545454,188.757,68.3502694197429,0,-0.005871349890886446,0,0.0,0.0,-0.0,-0.0,15,10,40,1.5437282656481688,2.0039276269278052
2023-07-06,191.81,0.25,189.542,69.10284147427313,0,0.0025087545079180984,0,0.0,0.0,0.0,0.0,15,10,40,1.5437282656481688,2.008954989395402
2023-07-07,190.68,0.0526315789473684,189.91000000000003,65.17391612703298,0,-0.005891246546061213,0,0.0,0.0,-0.0,-0.0,15,10,40,1.5437282656481688,1.9971197402529342
2023-07-10,188.61,0.3684210526315789,190.103,58.600981041527476,0,-0.010855884203901822,0,0.0,0.0,-0.0,-0.0,15,10,40,1.5437282656481688,1.9754392396114218
2023-07-11,188.08,0.1785714285714286,190.38400000000001,57.015472943708616,-1,-0.002810031281480274,0,0.0,0.0,-0.0,-0.0,15,10,40,1.5437282656481688,1.96988819355345
2023-07-12,189.77,0.1,190.555,60.66962937506993,0,0.008985538068906784,-1,1.0,0.0005,-0.008985538068906784,-0.009485538068906785,15,10,40,1.5290851724163157,1.9875886989081146
2023-07-13,190.54,0.25,190.68400000000003,62.24449662341101,0,0.004057543341940084,0,1.0,0.0005,0.0,-0.0005,15,10,40,1.5283206298301075,1.9956534261998846
2023-07-14,190.69,0.3333333333333333,190.794,62.559016702015406,0,0.000787236275847647,0,0.0,0.0,0.0,0.0,15,10,40,1.5283206298301075,1.9972244769710088
2023-07-17,193.99,0.2608695652173913,186.59400000000002,68.7305813412055,0,0.017305574492632037,0,0.0,0.0,0.0,0.0,16,30,40,1.5283206298301075,2.031787593935739
2023-07-18,193.73,0.3529411764705883,187.02,67.78257726360683,0,-0.0013402752719213762,0,0.0,0.0,-0.0,-0.0,16,30,40,1.5283206298301075,2.02906443926579
2023-07-19,195.1,0.2727272727272727,187.53733333333332,70.12117540079291,0,0.007071697723636028,0,0.0,0.0,0.0,0.0,16,30,40,1.5283206298301075,2.0434133696420567
2023-07-20,193.13,0.1666666666666667,188.00133333333332,63.03551327356183,0,-0.010097385955920024,0,0.0,0.0,-0.0,-0.0,16,30,40,1.5283206298301075,2.0227802361812937
2023-07-21,191.94,0.2352941176470588,188.472,59.14745526911111,0,-0.00616165277274372,0,0.0,0.0,-0.0,-0.0,16,30,40,1.5283206298301075,2.010316566730376
2023-07-24,192.75,0.1818181818181818,188.87800000000001,60.914649143950804,0,0.004220068771491059,0,0.0,0.0,0.0,0.0,16,30,40,1.5283206298301075,2.018800240894446
2023-07-25,193.62,-0.0476190476190476,189.3,62.777138326057326,0,0.004513618677042919,0,0.0,0.0,0.0,0.0,16,30,40,1.5283206298301075,2.027912335366966
2023-07-26,194.5,0.1428571428571428,189.657,64.61393111447384,0,0.004544985022208348,0,0.0,0.0,0.0,0.0,16,30,40,1.5283206298301075,2.0371291665575604
2023-07-27,193.22,0.2941176470588235,189.98733333333334,59.97782764640415,0,-0.006580976863753252,0,0.0,0.0,-0.0,-0.0,16,30,40,1.5283206298301075,2.023722866643968
2023-07-28,195.83,0.3571428571428572,190.38333333333333,65.42536027332031,0,0.013507918434944699,0,0.0,0.0,0.0,0.0,16,30,40,1.5283206298301075,2.051059150061527
2023-07-31,196.45,0.2777777777777778,190.7313333333333,66.58875659397486,0,0.0031660113363629616,0,0.0,0.0,0.0,0.0,16,30,40,1.5283206298301075,2.0575528265821728
2023-08-01,195.605,0.1764705882352941,191.0875,63.45486032126977,0,-0.0043013489437515595,0,0.0,0.0,-0.0,-0.0,16,30,40,1.5283206298301075,2.0487025739048406
2023-08-02,192.58,0.1666666666666667,191.33983333333336,53.70968472592202,0,-0.015464839855831802,0,0.0,0.0,-0.0,-0.0,16,30,40,1.5283206298301075,2.0170197166871717
2023-08-03,191.17,-0.0681818181818181,191.58016666666668,49.86550720904876,0,-0.007321632568283443,0,0.0,0.0,-0.0,-0.0,16,30,40,1.5283206298301075,2.002251839438605
2023-08-04,181.99,0.0,191.41316666666668,33.20310069746303,0,-0.048020086833708064,0,0.0,0.0,-0.0,-0.0,16,30,40,1.5283206298301075,1.9061035322458115
2023-08-07,178.85,0.25,191.15216666666666,29.564162230639326,0,-0.01725369525798126,0,0.0,0.0,-0.0,-0.0,16,30,40,1.5283206298301075,1.8732162027702806
2023-08-08,179.8,0.0714285714285714,190.96983333333336,31.9926210704876,-1,0.005311713726586564,0,0.0,0.0,0.0,0.0,16,30,40,1.5283206298301075,1.8831661909873998
2023-08-09,178.19,-0.0303030303030303,190.64083333333335,30.098659467936073,0,-0.008954393770856606,-1,1.0,0.0005,0.008954393770856606,0.008454393770856605,16,30,40,1.5412416542428147,1.8663035793773344
2023-08-10,177.97,0.1428571428571428,190.2648333333333,29.838713591857783,0,-0.0012346371850272542,0,1.0,0.0005,-0.0,-0.0005,16,30,40,1.5404710334156932,1.8639993715796856
2023-08-11,177.79,0.0952380952380952,189.8715,29.61336335360504,0,-0.0010114064168118553,0,0.0,0.0,-0.0,-0.0,16,30,40,1.5404710334156932,1.8621141106543366
2023-08-14,179.46,0.2916666666666667,189.3878333333333,34.55195643695541,0,0.00939310422408468,0,0.0,0.0,0.0,0.0,16,30,40,1.5404710334156932,1.8796051425728515
2023-08-15,177.45,0.15,188.8875,31.671593495337802,-1,-0.011200267469073988,0,0.0,0.0,-0.0,-0.0,16,30,40,1.5404710334156932,1.8585530622397886
2023-08-16,176.57,0.2857142857142857,188.3955,30.47382512521773,0,-0.004959143420681822,-1,1.0,0.0005,0.004959143420681822,0.0044591434206818215,16,30,40,1.5473402146890998,1.849336231049194
2023-08-17,174.0,-0.1052631578947368,187.80183333333335,27.234480487584847,-1,-0.014555133941213105,0,1.0,0.0005,-0.0,-0.0005,16,30,40,1.5465665445817554,1.8224188945039348
2023-08-18,174.49,0.2142857142857143,187.26216666666667,28.788750369730238,0,0.0028160919540229923,-1,1.0,0.0005,-0.0028160919540229923,-0.0033160919540229923,16,30,40,1.5414379877069067,1.8275509936896068
2023-08-21,175.84,-0.1904761904761905,186.8365,33.0328446253674,-1,0.007736833056335657,0,1.0,0.0005,0.0,-0.0005,16,30,40,1.5406672687130534,1.8416904506297236
2023-08-22,177.23,0.0,186.47483333333332,37.18403064151136,0,0.00790491355777978,-1,1.0,0.0005,-0.00790491355777978,-0.00840491355777978,16,30,40,1.5277180934982195,1.85624885444214
2023-08-23,181.12,0.0,186.1865,47.07215729716897,0,0.021948879986458447,0,1.0,0.0005,0.0,-0.0005,16,30,40,1.5269542344514706,1.8969914377732915
2023-08-24,176.38,0.12,185.7145,39.01335228898759,0,-0.026170494699646718,0,0.0,0.0,-0.0,-0.0,16,30,40,1.5269542344514706,1.8473462334057704
2023-08-25,178.61,0.1666666666666667,185.31183333333334,43.88108802167801,0,0.012643156820501211,0,0.0,0.0,0.0,0.0,16,30,40,1.5269542344514706,1.8707025215364819
2023-08-28,180.19,-0.1904761904761905,184.8518333333333,47.102625965894276,0,0.008846089244723077,0,0.0,0.0,0.0,0.0,16,30,40,1.5269542344514706,1.887250922992322
2023-08-29,184.12,0.0555555555555555,184.5315,54.15261899140121,0,0.02181031133803213,0,0.0,0.0,0.0,0.0,16,30,40,1.5269542344514706,1.9284124531957731
2023-08-30,187.65,-0.1153846153846154,184.28316666666666,59.38829362897262,0,0.01917227894851181,0,0.0,0.0,0.0,0.0,16,30,40,1.5269542344514706,1.9653845146762265
2023-08-31,187.87,0.2173913043478261,184.10783333333333,59.69719938652357,1,0.0011723954169997608,0,0.0,0.0,0.0,0.0,16,30,40,1.5269542344514706,1.9676887224738753
2023-09-01,189.46,0.2727272727272727,184.02516666666668,61.94983250663853,0,0.00846329908979615,1,1.0,0.0005,0.00846329908979615,0.00796329908979615,16,30,40,1.5391138277168384,1.9843418606477905
2023-09-05,189.7,0.391304347826087,183.9235,62.29242875293272,0,0.0012667581547554096,0,1.0,0.0005,0.0,-0.0005,16,30,40,1.53834427080298,1.9868555418815885
2023-09-06,182.91,-0.3725490196078431,183.5665,48.8825925150643,-1,-0.035793357933579295,0,0.0,0.0,-0.0,-0.0,16,30,40,1.53834427080298,1.9157393103087053
2023-09-07,177.56,-0.2238805970149254,183.00183333333334,41.33255435401642,0,-0.02924935760756653,-1,1.0,0.0005,0.02924935760756653,0.028749357607566528,16,30,40,1.582570680367846,1.859705166138613
2023-09-08,178.18,-0.0978260869565217,182.5005,42.44204303731749,0,0.00349177742734863,0,1.0,0.0005,0.0,-0.0005,16,30,40,1.5817793950276622,1.8661988426592595
2023-09-11,179.36,0.2054794520547945,181.9515,44.589825139650586,0,0.0066225165562914245,0,0.0,0.0,0.0,0.0,16,30,40,1.5817793950276622,1.8785577753921023
2023-09-12,176.3,-0.0588235294117647,181.27983333333336,40.38165697289532,-1,-0.017060660124888494,0,0.0,0.0,-0.0,-0.0,16,30,40,1.5817793950276622,1.846508339661171
2023-09-13,174.21,-0.0149253731343283,180.56666666666666,37.76043472132027,0,-0.011854792966534355,-1,1.0,0.0005,0.011854792966534355,0.011354792966534355,16,30,40,1.5997401725769311,1.8246183655835087
2023-09-14,175.74,0.0,180.00533333333334,40.79042664240193,0,0.008782503874634084,0,1.0,0.0005,0.0,-0.0005,16,30,40,1.5989403024906428,1.8406430834489744
2023-09-15,175.01,0.1621621621621622,179.46666666666667,39.79497700956239,0,-0.004153863662228363,0,0.0,0.0,-0.0,-0.0,16,30,40,1.5989403024906428,1.8329973030295037
2023-09-18,177.97,0.175,179.33266666666665,45.59287240172194,0,0.016913319238900604,0,0.0,0.0,0.0,0.0,16,30,40,1.5989403024906428,1.8639993715796854
2023-09-19,179.07,0.2142857142857143,179.34000000000003,47.61196132268401,0,0.006180816991627758,0,0.0,0.0,0.0,0.0,16,30,40,1.5989403024906428,1.8755204105679286
2023-09-20,175.49,0.1111111111111111,179.19633333333334,42.13189666266059,-1,-0.019992181828335176,0,0.0,0.0,-0.0,-0.0,16,30,40,1.5989403024906428,1.8380246654971006
2023-09-21,173.93,-0.1666666666666667,179.05433333333335,39.97285494796981,0,-0.008889395407145728,-1,1.0,0.0005,0.008889395407145728,0.008389395407145728,16,30,40,1.612354444920658,1.8216857374774102
2023-09-22,174.79,0.0465116279069767,178.94833333333335,41.74516830757326,0,0.004944517909503787,0,1.0,0.0005,0.0,-0.0005,16,30,40,1.6115482676981976,1.830693095231855
2023-09-25,176.08,0.0,178.89133333333336,44.397122583658486,0,0.007380284913324653,0,0.0,0.0,0.0,0.0,16,30,40,1.6115482676981976,1.8442041318635223
2023-09-26,171.96,-0.1052631578947368,175.425,38.38667558857156,0,-0.023398455247614747,0,0.0,0.0,-0.0,-0.0,17,10,50,1.6115482676981976,1.8010526040166475
2023-09-27,170.43,0.0,175.047,36.41510464943836,0,-0.008897418004186974,0,0.0,0.0,-0.0,-0.0,17,10,50,1.6115482676981976,1.785027886151182
2023-09-28,170.69,0.048780487804878,174.54199999999997,37.007196985776915,0,0.0015255530129671957,0,0.0,0.0,0.0,0.0,17,10,50,1.6115482676981976,1.7877510408211303
2023-09-29,171.21,0.103448275862069,174.16199999999998,38.24575673540761,0,0.0030464584920031346,0,0.0,0.0,0.0,0.0,17,10,50,1.6115482676981976,1.7931973501610272
2023-10-02,173.75,0.2272727272727273,173.74,44.03422440172188,0,0.014835582033759565,0,0.0,0.0,0.0,0.0,17,10,50,1.6115482676981976,1.8198004765520615
2023-10-03,172.4,0.0416666666666666,173.073,41.79202144548094,-1,-0.007769784172661831,0,0.0,0.0,-0.0,-0.0,17,10,50,1.6115482676981976,1.8056610196119447
2023-10-04,173.66,-0.15,172.89000000000001,44.626095392657135,0,0.007308584686774866,-1,1.0,0.0005,-0.007308584686774866,-0.0078085846867748665,17,10,50,1.598964356573051,1.818857846089387
2023-10-05,174.91,0.0769230769230769,172.988,47.36410413616729,0,0.007197973050788953,0,1.0,0.0005,0.0,-0.0005,17,10,50,1.5981648743947645,1.8319499358487543
2023-10-06,177.49,0.1666666666666667,173.25799999999998,52.576286658498034,0,0.014750443085015164,0,0.0,0.0,0.0,0.0,17,10,50,1.5981648743947645,1.8589720091120885
2023-10-09,178.99,0.0,173.549,55.34491555888932,0,0.008451180348188592,0,0.0,0.0,0.0,0.0,17,10,50,1.5981648743947645,1.8746825168233292
2023-10-10,178.39,0.0,174.192,53.98721258024621,0,-0.003352142577797812,0,0.0,0.0,-0.0,-0.0,17,10,50,1.5981648743947645,1.8683983137388325
2023-10-11,179.8,0.0434782608695652,175.129,56.67688426011902,0,0.007904030494983116,0,0.0,0.0,0.0,0.0,17,10,50,1.5981648743947645,1.8831661909873993
2023-10-12,180.71,0.0769230769230769,176.13100000000003,58.36830549261766,0,0.0050611790878754,0,0.0,0.0,0.0,0.0,17,10,50,1.5981648743947645,1.8926972323322186
2023-10-13,178.85,0.2608695652173913,176.895,53.74917596465519,0,-0.010292734215040733,0,0.0,0.0,-0.0,-0.0,17,10,50,1.5981648743947645,1.87321620277028
2023-10-16,178.72,0.2962962962962963,177.392,53.43090962115993,0,-0.0007268660889012679,0,0.0,0.0,-0.0,-0.0,17,10,50,1.5981648743947645,1.8718546254353057
2023-10-17,177.15,-0.0555555555555555,177.86700000000002,49.61030754772385,-1,-0.008784691136973999,0,0.0,0.0,-0.0,-0.0,17,10,50,1.5981648743947645,1.8554109606975404
2023-10-18,175.84,0.0666666666666666,178.085,46.61513068656599,0,-0.007394863110358418,-1,1.0,0.0005,0.007394863110358418,0.006894863110358418,17,10,50,1.6091840024314996,1.8416904506297236
2023-10-19,175.46,0.2692307692307692,178.14000000000001,45.75223197116943,0,-0.002161055505004561,0,1.0,0.0005,-0.0,-0.0005,17,10,50,1.608379410430284,1.8377104553428758
2023-10-20,172.88,0.0434782608695652,177.679,40.29796021293364,-1,-0.014704206086857519,0,0.0,0.0,-0.0,-0.0,17,10,50,1.608379410430284,1.8106883820795414
2023-10-23,173.0,0.0294117647058823,177.07999999999998,40.65234435416381,0,0.0006941230911614582,-1,1.0,0.0005,-0.0006941230911614582,-0.0011941230911614582,17,10,50,1.6064588074369406,1.8119452226964405
2023-10-24,173.44,-0.0909090909090909,176.58499999999998,42.01154251940527,0,0.0025433526011560126,0,1.0,0.0005,0.0,-0.0005,17,10,50,1.6056555780332222,1.8165536382917378
2023-10-25,171.1,0.037037037037037,175.715,37.139975429695134,0,-0.013491697416974202,0,0.0,0.0,-0.0,-0.0,17,10,50,1.6056555780332222,1.792045246262202
2023-10-26,166.89,-0.25,174.333,30.326441341459912,0,-0.02460549386323796,0,0.0,0.0,-0.0,-0.0,17,10,50,1.6056555780332222,1.7479510879526527
2023-10-27,168.22,0.1875,173.27,34.41960471662421,0,0.007969321109713157,0,0.0,0.0,0.0,0.0,17,10,50,1.6056555780332222,1.76188107145662
2023-10-30,170.29,-0.0204081632653061,172.427,40.29830274084482,0,0.0123053144691474,0,0.0,0.0,0.0,0.0,17,10,50,1.6056555780332222,1.7835615720981322
2023-10-31,170.77,0.1463414634146341,171.789,41.605480901752166,0,0.0028187210053438605,0,0.0,0.0,0.0,0.0,17,10,50,1.6056555780332222,1.7885889345657293
2023-11-01,173.97,0.1621621621621622,171.602,49.53791891446003,0,0.018738654330385796,0,0.0,0.0,0.0,0.0,17,10,50,1.6056555780332222,1.8221046843497095
2023-11-02,177.57,0.0588235294117647,171.813,56.6692135231258,0,0.0206932229694774,0,0.0,0.0,0.0,0.0,17,10,50,1.6056555780332222,1.8598099028566872
2023-11-03,176.65,-0.1230769230769231,172.19,54.54768180209855,0,-0.005181055358450148,0,0.0,0.0,-0.0,-0.0,17,10,50,1.6056555780332222,1.8501741247937928
2023-11-06,179.23,0.0344827586206896,172.81300000000002,59.16463381558989,1,0.014605151429380125,0,0.0,0.0,0.0,0.0,17,10,50,1.6056555780332222,1.877196198057127
2023-11-07,181.82,0.1666666666666667,173.651,63.20526945977521,0,0.01445070579702068,1,1.0,0.0005,0.01445070579702068,0.01395070579702068,17,10,50,1.628055606613709,1.9043230080385363
2023-11-08,182.89,0.0666666666666666,174.82999999999998,64.75678952567142,0,0.005884941150588352,0,1.0,0.0005,0.0,-0.0005,17,10,50,1.6272415788104022,1.9155298368725544
2023-11-09,182.41,0.0,176.382,63.46396052933854,0,-0.002624528405052118,0,0.0,0.0,-0.0,-0.0,17,10,50,1.6272415788104022,1.9105024744049575
2023-11-10,186.4,0.0,178.2,69.00362025911373,0,0.021873800778466235,0,0.0,0.0,0.0,0.0,17,10,50,1.6272415788104022,1.9522924249168583
2023-11-13,184.8,0.1538461538461539,179.651,64.76308278707477,0,-0.008583690987124415,0,0.0,0.0,-0.0,-0.0,17,10,50,1.6272415788104022,1.9355345500248682
2023-11-14,187.44,0.2857142857142857,181.318,68.23209790115328,0,0.014285714285714235,0,0.0,0.0,0.0,0.0,17,10,50,1.6272415788104022,1.963185043596652
2023-11-15,188.01,0.1379310344827586,182.722,68.94302177011022,0,0.0030409731113956173,0,0.0,0.0,0.0,0.0,17,10,50,1.6272415788104022,1.9691550365269235
2023-11-16,189.71,0.1153846153846154,183.936,71.02562879467138,0,0.009042072230200704,0,0.0,0.0,0.0,0.0,17,10,50,1.6272415788104022,1.9869602785996634
2023-11-17,189.69,-0.1333333333333333,185.23999999999998,70.96533672993556,0,-0.00010542406831481888,0,0.0,0.0,-0.0,-0.0,17,10,50,1.6272415788104022,1.9867508051635134
2023-11-20,191.45,0.2105263157894737,186.462,73.12718674052161,1,0.009278296167430922,0,0.0,0.0,0.0,0.0,17,10,50,1.6272415788104022,2.0051844675447024
2023-11-21,190.64,0.0967741935483871,187.344,70.52459295604535,0,-0.004230869678767291,1,1.0,0.0005,-0.004230869678767291,-0.004730869678767291,17,10,50,1.6195433109651787,1.9967007933806324
2023-11-22,191.31,0.25,188.186,71.43034027497706,0,0.0035144775493076708,0,1.0,0.0005,0.0,-0.0005,17,10,50,1.6187335393096962,2.0037181534916533
2023-11-24,189.97,0.1923076923076923,188.942,66.99617445700353,0,-0.0070043385081804965,0,0.0,0.0,-0.0,-0.0,17,10,50,1.6187335393096962,1.9896834332696114
2023-11-27,189.79,0.3103448275862069,189.281,66.3998961618584,0,-0.0009475180291624863,0,0.0,0.0,-0.0,-0.0,17,10,50,1.6187335393096962,1.9877981723442626
2023-11-28,190.4,0.12,189.84099999999998,67.45695508147138,0,0.0032140787185837016,0,0.0,0.0,0.0,0.0,17,10,50,1.6187335393096962,1.994187112146834
2023-11-29,189.37,0.1666666666666667,190.034,63.80674993830721,0,-0.005409663865546199,0,0.0,0.0,-0.0,-0.0,17,10,50,1.6187335393096962,1.9833992301851153
2023-11-30,189.95,0.4615384615384616,190.228,64.95667950783613,0,0.003062787136294043,0,0.0,0.0,0.0,0.0,17,10,50,1.6187335393096962,1.9894739598334619
2023-12-01,191.24,0.0909090909090909,190.381,67.43491341976663,0,0.006791260858120651,0,0.0,0.0,0.0,0.0,17,10,50,1.6187335393096962,2.002984996465129
2023-12-04,189.43,0.3809523809523809,190.35500000000002,60.924581275869826,0,-0.009464547165864867,0,0.0,0.0,-0.0,-0.0,17,10,50,1.6187335393096962,1.9840276504935652
2023-12-05,193.42,0.1666666666666667,190.552,68.21045524428311,0,0.02106318956870612,0,0.0,0.0,0.0,0.0,17,10,50,1.6187335393096962,2.025817601005466
2023-12-06,192.32,0.1463414634146341,190.71999999999997,64.6325114137174,0,-0.005687105780167512,0,0.0,0.0,-0.0,-0.0,18,10,45,1.6187335393096962,2.0142965620172224
2023-12-07,194.27,0.1142857142857143,191.016,67.8518399666763,0,0.010139351081530856,0,0.0,0.0,0.0,0.0,18,10,45,1.6187335393096962,2.0347202220418357
2023-12-08,195.71,0.1555555555555556,191.58999999999997,70.0219279522521,0,0.007412364235342528,0,0.0,0.0,0.0,0.0,18,10,45,1.6187335393096962,2.049802309444627
2023-12-11,193.18,0.1,191.929,62.091508725860905,0,-0.012927290378621392,0,0.0,0.0,-0.0,-0.0,18,10,45,1.6187335393096962,2.0233039197716676
2023-12-12,194.71,-0.125,192.35999999999999,64.69554587553013,0,0.007920074541878153,0,0.0,0.0,0.0,0.0,18,10,45,1.6187335393096962,2.0393286376371336
2023-12-13,197.96,0.09375,193.219,69.48990773692245,1,0.016691489908068347,0,0.0,0.0,0.0,0.0,18,10,45,1.6187335393096962,2.0733680710114886
2023-12-14,198.11,0.2058823529411765,194.035,69.69446544047409,0,0.0007577288341078514,1,1.0,0.0005,0.0007577288341078514,0.0002577288341078514,18,10,45,1.619150733617514,2.0749391217826125
2023-12-15,197.57,0.1739130434782609,194.668,67.92878007338584,0,-0.0027257584170411464,0,1.0,0.0005,-0.0,-0.0005,18,10,45,1.6183411582507052,2.0692833390065655
2023-12-18,195.89,-0.3103448275862069,195.314,62.61398440360201,0,-0.008503315280660062,0,0.0,0.0,-0.0,-0.0,18,10,45,1.6183411582507052,2.0516875703699755
2023-12-19,196.94,0.027027027027027,195.666,64.48431203381796,1,0.005360151105212152,0,0.0,0.0,0.0,0.0,18,10,45,1.6183411582507052,2.062684925767844
2023-12-20,194.83,0.2222222222222222,195.917,58.184944197842874,0,-0.010713923022240168,1,1.0,0.0005,-0.010713923022240168,-0.011213923022240169,18,10,45,1.600193205078359,2.0405854782540325
2023-12-21,194.68,-0.0277777777777777,195.95800000000003,57.75301649684273,0,-0.0007699019658163886,0,1.0,0.0005,-0.0,-0.0005,18,10,45,1.59939310847582,2.0390144274829085
2023-12-22,193.6,-0.1578947368421053,195.747,54.60970482969044,0,-0.005547565235257901,0,0.0,0.0,-0.0,-0.0,18,10,45,1.59939310847582,2.027702861930815
2023-12-26,193.05,-0.03125,195.734,53.02688138183544,0,-0.0028409090909089496,0,0.0,0.0,-0.0,-0.0,18,10,45,1.59939310847582,2.0219423424366934
2023-12-27,193.15,0.119047619047619,195.578,53.29196096225775,0,0.0005180005180005498,0,0.0,0.0,0.0,0.0,18,10,45,1.59939310847582,2.022989709617443
2023-12-28,193.58,0.2222222222222222,195.14000000000001,54.481471337267635,0,0.0022262490292519477,0,0.0,0.0,0.0,0.0,18,10,45,1.59939310847582,2.0274933884946655
2023-12-29,192.53,0.25,194.58200000000002,51.06184517425797,-1,-0.00542411406137,0,0.0,0.0,-0.0,-0.0,18,10,45,1.59939310847582,2.016496033096797
2024-01-02,185.64,-0.5454545454545454,193.38899999999998,35.372366184362306,-1,-0.0357866306549629,-1,1.0,0.0005,0.0357866306549629,0.0352866306549629,18,10,45,1.6558303023666991,1.944332434343164
2024-01-03,184.25,-0.0256410256410256,192.225,33.15880681901395,0,-0.007487610428786873,-1,0.0,0.0,0.007487610428786873,0.007487610428786873,18,10,45,1.6682285146070013,1.9297740305307476
2024-01-04,181.91,-0.1142857142857143,190.722,29.78018073120394,0,-0.012700135685210334,0,1.0,0.0005,-0.0,-0.0005,18,10,45,1.6673944003496979,1.9052656385012119
2024-01-05,181.18,-0.1212121212121212,189.35700000000003,28.794486399468042,0,-0.004012973448408452,0,0.0,0.0,-0.0,-0.0,18,10,45,1.6673944003496979,1.8976198580817416
2024-01-08,185.56,0.0625,188.445,41.34010653877534,0,0.024174853736615542,0,0.0,0.0,0.0,0.0,18,10,45,1.6673944003496979,1.9434945405985649
2024-01-09,185.14,0.1875,187.599,40.601387572159496,0,-0.0022634188402673727,0,0.0,0.0,-0.0,-0.0,18,10,45,1.6673944003496979,1.9390955984394174
2024-01-10,186.19,-0.074074074074074,186.91299999999998,43.32786510590984,0,0.005671383817651643,0,0.0,0.0,0.0,0.0,18,10,45,1.6673944003496979,1.9500929538372862
2024-01-11,185.59,0.0689655172413793,186.157,42.137604391030514,0,-0.0032225146355873147,0,0.0,0.0,-0.0,-0.0,18,10,45,1.6673944003496979,1.94380875075279
2024-01-12,185.92,0.2333333333333333,185.391,43.064026545798335,0,0.0017781130448837335,0,0.0,0.0,0.0,0.0,18,10,45,1.6673944003496979,1.9472650624492627
2024-01-16,183.63,-0.0869565217391304,184.501,38.46198587953358,-1,-0.012317125645438853,0,0.0,0.0,-0.0,-0.0,18,10,45,1.6673944003496979,1.9232803540101018
2024-01-17,182.68,0.0212765957446808,184.20499999999998,36.70937457261999,0,-0.005173446604585297,-1,1.0,0.0005,0.005173446604585297,0.004673446604585296,18,10,45,1.6751868790485167,1.9133303657929825
2024-01-18,188.63,0.2727272727272727,184.643,51.58858080223161,0,0.03257061528355587,0,1.0,0.0005,0.0,-0.0005,18,10,45,1.6743492856089925,1.975648713047571
2024-01-19,191.56,0.1071428571428571,185.608,56.955151967272144,0,0.015533054127127244,0,0.0,0.0,0.0,0.0,18,10,45,1.6743492856089925,2.006336571443528
2024-01-22,193.89,0.1904761904761905,186.879,60.6872691823267,0,0.012163290874921628,0,0.0,0.0,0.0,0.0,18,10,45,1.6743492856089925,2.0307402267549888
2024-01-23,195.18,0.0,187.84099999999998,62.619663600800315,0,0.006653257001392632,0,0.0,0.0,0.0,0.0,18,10,45,1.6743492856089925,2.044251263386656
2024-01-24,194.5,0.2,188.777,60.919758715268955,0,-0.003483963520852562,0,0.0,0.0,-0.0,-0.0,18,10,45,1.6743492856089925,2.0371291665575604
2024-01-25,194.17,0.1538461538461539,189.575,60.06755474096826,0,-0.0016966580976864876,0,0.0,0.0,-0.0,-0.0,18,10,45,1.6743492856089925,2.033672854861087
2024-01-26,192.42,0.0625,190.25799999999998,55.62375502813291,0,-0.009012720811659936,0,0.0,0.0,-0.0,-0.0,18,10,45,1.6743492856089925,2.0153439291979725
2024-01-29,191.73,0.0714285714285714,190.839,53.92965938147431,0,-0.003585905830994718,0,0.0,0.0,-0.0,-0.0,18,10,45,1.6743492856089925,2.0081170956508014
2024-01-30,188.04,0.2857142857142857,191.28,45.881805524884115,0,-0.019245814426537278,0,0.0,0.0,-0.0,-0.0,18,10,45,1.6743492856089925,1.9694692466811492
2024-01-31,184.4,0.21875,191.452,39.603459726651145,-1,-0.019357583492873753,0,0.0,0.0,-0.0,-0.0,18,10,45,1.6743492856089925,1.9313450813018718
2024-02-01,186.86,0.2542372881355932,191.275,45.07366656513546,-1,0.013340563991323329,-1,1.0,0.0005,-0.013340563991323329,-0.01384056399132333,18,10,45,1.6511753471776949,1.957110313948307
2024-02-02,185.85,0.1129032258064516,190.704,43.33813370134268,-1,-0.005405116129722942,-1,0.0,0.0,0.005405116129722942,0.005405116129722942,18,10,45,1.6601001416797256,1.946531905422738
2024-02-05,187.68,0.0571428571428571,190.083,47.297753451899226,0,0.00984665052461664,-1,0.0,0.0,-0.00984665052461664,-0.00984665052461664,18,10,45,1.6437537157487387,1.9656987248304518
2024-02-06,189.3,0.2,189.495,50.58952895684339,0,0.008631713554987153,0,1.0,0.0005,0.0,-0.0005,18,10,45,1.6429318388908645,1.982666073158592
2024-02-07,189.41,0.2413793103448276,188.98600000000002,50.814177379752884,0,0.0005810882197569978,0,0.0,0.0,0.0,0.0,18,10,45,1.6429318388908645,1.9838181770574161
2024-02-08,188.32,0.32,188.401,48.46285658040327,-1,-0.005754712000422435,0,0.0,0.0,-0.0,-0.0,18,10,45,1.6429318388908645,1.9724018747872476
2024-02-09,188.85,0.0,188.04399999999998,49.682081165892015,0,0.0028143585386575243,-1,1.0,0.0005,-0.0028143585386575243,-0.0033143585386575243,18,10,45,1.6374865737222044,1.9779529208452191
2024-02-12,187.15,0.0666666666666666,187.586,45.928839125234184,0,-0.009001853322742837,0,1.0,0.0005,-0.0,-0.0005,18,10,45,1.6366678304353435,1.9601476787724796
2024-02-13,185.04,0.1052631578947368,187.286,41.716415903750296,0,-0.011274378840502308,0,0.0,0.0,-0.0,-0.0,18,10,45,1.6366678304353435,1.9380482312586675
2024-02-14,184.15,0.3888888888888889,187.26100000000002,40.04794366212053,0,-0.00480977086035439,0,0.0,0.0,-0.0,-0.0,18,10,45,1.6366678304353435,1.9287266633499982
2024-02-15,183.86,0.1785714285714286,186.96099999999998,39.49366002889142,-1,-0.0015748031496062298,0,0.0,0.0,-0.0,-0.0,18,10,45,1.6366678304353435,1.9256892985258252
2024-02-16,182.31,0.1904761904761905,186.60700000000003,36.57953365278684,0,-0.008430327423039286,-1,1.0,0.0005,0.008430327423039286,0.007930327423039285,18,10,45,1.649647142213451,1.9094551072242096
2024-02-20,181.56,0.0526315789473684,185.995,35.22513079519706,0,-0.004113871976304084,0,1.0,0.0005,-0.0,-0.0005,19,10,40,1.6488223186423445,1.9015998533685892
2024-02-21,182.32,0.2413793103448276,185.297,37.74078169225228,0,0.004185944040537404,0,0.0,0.0,0.0,0.0,19,10,40,1.6488223186423445,1.9095598439422843
2024-02-22,184.37,0.2,184.79299999999998,44.052524254828676,-1,0.011243966652040527,0,0.0,0.0,0.0,0.0,19,10,40,1.6488223186423445,1.931030871147647
2024-02-23,182.52,0.0833333333333333,184.21300000000002,40.10150756902278,0,-0.010034170418180777,-1,1.0,0.0005,0.010034170418180777,0.009534170418180776,19,10,40,1.6645424716175807,1.9116545783037833
2024-02-26,181.16,0.12,183.44400000000002,37.442870452933825,0,-0.007451238220469114,0,1.0,0.0005,-0.0,-0.0005,19,10,40,1.663710200381772,1.8974103846455914
2024-02-27,182.63,0.0476190476190476,182.99200000000002,41.92467700677625,0,0.008114374034003058,0,0.0,0.0,0.0,0.0,19,10,40,1.663710200381772,1.9128066822026073
2024-02-28,181.42,0.0,182.63,39.421117357122576,0,-0.006625417510814247,0,0.0,0.0,-0.0,-0.0,19,10,40,1.663710200381772,1.9001335393155396
2024-02-29,180.75,-0.0555555555555555,182.29,38.065630348437814,0,-0.0036930878624186203,0,0.0,0.0,-0.0,-0.0,19,10,40,1.663710200381772,1.8931161792045188
2024-03-01,179.66,-0.3157894736842105,181.87,35.90275926008327,0,-0.006030428769018048,0,0.0,0.0,-0.0,-0.0,19,10,40,1.663710200381772,1.8816998769343503
2024-03-04,175.1,-0.037037037037037,181.14899999999997,28.58525869748125,0,-0.025381275743070253,0,0.0,0.0,-0.0,-0.0,19,10,40,1.663710200381772,1.8339399334921782
2024-03-05,170.12,-0.25,180.005,23.058041433200046,0,-0.02844089091947455,0,0.0,0.0,-0.0,-0.0,19,10,40,1.663710200381772,1.7817810478908587
2024-03-06,169.12,0.0666666666666666,178.685,22.132593361731566,0,-0.005878203620973466,0,0.0,0.0,-0.0,-0.0,19,10,40,1.663710200381772,1.7713073760833646
2024-03-07,169.0,-0.0526315789473684,177.148,22.01838941382921,0,-0.0007095553453169146,0,0.0,0.0,-0.0,-0.0,19,10,40,1.663710200381772,1.7700505354664655
2024-03-08,170.73,0.0588235294117647,175.969,27.80230178477632,0,0.010236686390532546,0,0.0,0.0,0.0,0.0,19,10,40,1.663710200381772,1.7881699876934298
2024-03-11,172.75,-0.0555555555555555,175.128,33.96140235897553,0,0.01183154688689747,0,0.0,0.0,0.0,0.0,19,10,40,1.663710200381772,1.8093268047445674
2024-03-12,173.23,-0.2307692307692308,174.188,35.372273575272956,0,0.002778581765557009,0,0.0,0.0,0.0,0.0,19,10,40,1.663710200381772,1.8143541672121641
2024-03-13,171.13,0.25,173.15900000000002,32.13736144061775,0,-0.01212261155688965,0,0.0,0.0,-0.0,-0.0,19,10,40,1.663710200381772,1.7923594564164271
2024-03-14,173.0,0.3,172.38400000000001,37.609128041529786,0,0.010927365160988689,0,0.0,0.0,0.0,0.0,19,10,40,1.663710200381772,1.8119452226964405
2024-03-15,172.62,0.0588235294117647,171.68,36.95701869351363,0,-0.0021965317919074856,0,0.0,0.0,-0.0,-0.0,19,10,40,1.663710200381772,1.807965227409593
2024-03-18,173.72,-0.1666666666666667,171.542,40.1899402677113,0,0.006372378635152387,0,0.0,0.0,0.0,0.0,19,10,40,1.663710200381772,1.8194862663978364
2024-03-19,176.08,0.1666666666666667,172.13799999999998,46.52581525921305,1,0.01358507943817644,0,0.0,0.0,0.0,0.0,19,10,40,1.663710200381772,1.844204131863522
2024-03-20,178.67,-0.125,173.09300000000002,52.47584591807655,0,0.014709223080417777,1,1.0,0.0005,0.014709223080417777,0.014209223080417777,19,10,40,1.6873502297601632,1.8713309418449309
2024-03-21,171.37,-0.1428571428571428,173.33,39.227231305401915,0,-0.04085744668942737,0,1.0,0.0005,-0.0,-0.0005,19,10,40,1.6865065546452833,1.7948731376502256
2024-03-22,172.28,-0.2424242424242424,173.485,41.219498223959135,0,0.005310147633774909,0,0.0,0.0,0.0,0.0,19,10,40,1.6865065546452833,1.8044041789950451
2024-03-25,170.85,0.0,173.29500000000002,39.052934332427185,0,-0.008300441142326531,0,0.0,0.0,-0.0,-0.0,19,10,40,1.6865065546452833,1.7894268283103287
2024-03-26,169.71,0.0,172.943,37.366740437158235,0,-0.00667251975417027,0,0.0,0.0,-0.0,-0.0,19,10,40,1.6865065546452833,1.7774868424497858
2024-03-27,173.31,-0.1428571428571428,173.161,45.38609482763059,0,0.02121265688527485,0,0.0,0.0,0.0,0.0,19,10,40,1.6865065546452833,1.8151920609567638
2024-03-28,171.48,0.1666666666666667,173.009,42.41326934415475,0,-0.010559113726847924,0,0.0,0.0,-0.0,-0.0,19,10,40,1.6865065546452833,1.7960252415490499
2024-04-01,170.03,-0.25,172.75,40.16819605462961,0,-0.008455796594354914,0,0.0,0.0,-0.0,-0.0,19,10,40,1.6865065546452833,1.780838417428184
2024-04-02,168.84,0.0,172.262,38.3729751871345,0,-0.0069987649238369976,0,0.0,0.0,-0.0,-0.0,19,10,40,1.6865065546452833,1.7683747479772662
2024-04-03,169.65,0.1428571428571428,171.619,40.3278980978732,0,0.00479744136460547,0,0.0,0.0,0.0,0.0,19,10,40,1.6865065546452833,1.7768584221413362
2024-04-04,168.82,-0.1666666666666667,170.634,38.9639459811112,0,-0.004892425582080806,0,0.0,0.0,-0.0,-0.0,19,10,40,1.6865065546452833,1.768165274541116
2024-04-05,169.58,0.2222222222222222,170.45499999999998,40.93388212298089,0,0.004501836275322857,0,0.0,0.0,0.0,0.0,19,10,40,1.6865065546452833,1.7761252651148114
2024-04-08,168.45,0.0,170.07199999999997,38.9224058644156,-1,-0.006663521641703141,0,0.0,0.0,-0.0,-0.0,19,10,40,1.6865065546452833,1.7642900159723431
2024-04-09,169.67,-0.1428571428571428,169.954,42.22343792997232,0,0.007242505194419602,-1,1.0,0.0005,-0.007242505194419602,-0.007742505194419602,19,10,40,1.6734487688855195,1.7770678955774855
2024-04-10,167.78,0.2142857142857143,169.761,38.731114392159085,0,-0.011139270348323183,0,1.0,0.0005,-0.0,-0.0005,19,10,40,1.6726120445010768,1.757272655861322
2024-04-11,175.04,0.125,169.934,54.35029789029461,0,0.04327095005364168,0,0.0,0.0,0.0,0.0,19,10,40,1.6726120445010768,1.8333115131837276
2024-04-12,176.55,0.3333333333333333,170.441,56.816137584567684,0,0.008626599634369292,0,0.0,0.0,0.0,0.0,19,10,40,1.6726120445010768,1.8491267576130435
2024-04-15,172.69,-0.1818181818181818,170.707,49.46108810665211,0,-0.02186349476069105,0,0.0,0.0,-0.0,-0.0,19,10,40,1.6726120445010768,1.808698384436117
2024-04-16,169.38,0.0,170.76100000000002,44.17954853570509,0,-0.01916729399502004,0,0.0,0.0,-0.0,-0.0,19,10,40,1.6726120445010768,1.7740305307533122
2024-04-17,168.0,-0.15,170.596,42.15831767839151,0,-0.008147360963513983,0,0.0,0.0,-0.0,-0.0,19,10,40,1.6726120445010768,1.7595768636589706
2024-04-18,167.04,0.2,170.418,40.76124525743045,0,-0.005714285714285783,0,0.0,0.0,-0.0,-0.0,19,10,40,1.6726120445010768,1.7495221387237763
2024-04-19,165.0,0.0344827586206896,169.95999999999998,37.887949282184366,0,-0.012212643678160884,0,0.0,0.0,-0.0,-0.0,19,10,40,1.6726120445010768,1.728155848236489
2024-04-22,165.84,0.25,169.699,39.77062314435296,0,0.005090909090909035,0,0.0,0.0,0.0,0.0,19,10,40,1.6726120445010768,1.7369537325547837
2024-04-23,166.9,0.2857142857142857,169.422,42.15342609592911,-1,0.006391702846116676,0,0.0,0.0,0.0,0.0,19,10,40,1.6726120445010768,1.7480558246707272
2024-04-24,169.02,0.3333333333333333,169.546,46.69553966896634,-1,0.012702216896345098,-1,1.0,0.0005,-0.012702216896345098,-0.013202216896345098,19,10,40,1.6505298575061345,1.7702600089026141
2024-04-25,169.89,-0.2105263157894737,169.031,48.48324892466472,0,0.0051473198438052314,-1,0.0,0.0,-0.0051473198438052314,-0.0051473198438052314,19,10,40,1.6420340524178,1.7793721033751333
2024-04-26,169.3,0.375,168.30599999999998,47.324115873528626,1,-0.003472835364058957,0,1.0,0.0005,-0.0,-0.0005,19,10,40,1.6412130353915912,1.773192637008712
2024-04-29,173.5,0.3157894736842105,168.387,55.48329627939272,0,0.024808033077377445,1,1.0,0.0005,0.024808033077377445,0.024308033077377444,19,10,40,1.6811076961429132,1.8171820586001863
2024-04-30,170.33,0.0869565217391304,168.482,49.27901630795589,0,-0.0182708933717578,0,1.0,0.0005,-0.0,-0.0005,19,10,40,1.6802671422948419,1.783980518970431
2024-05-01,169.3,0.125,168.612,47.42341527470956,0,-0.006047085070157943,0,0.0,0.0,-0.0,-0.0,20,10,40,1.6802671422948419,1.7731926370087123
2024-05-02,173.03,0.3333333333333333,169.211,54.15572347714337,0,0.022031896042528087,0,0.0,0.0,0.0,0.0,20,10,40,1.6802671422948419,1.8122594328506645
2024-05-03,183.38,0.1428571428571428,171.049,66.84288681228426,0,0.05981621684101013,0,0.0,0.0,0.0,0.0,20,10,40,1.6802671422948419,1.9206619360582258
2024-05-06,181.71,-0.0625,172.63600000000002,63.776001743041725,0,-0.009106772821463549,0,0.0,0.0,-0.0,-0.0,20,10,40,1.6802671422948419,1.9031709041397111
2024-05-07,182.4,0.2,174.186,64.50073626992497,1,0.0037972593693247347,0,0.0,0.0,0.0,0.0,20,10,40,1.6802671422948419,1.910397737686882
2024-05-08,182.74,0.1363636363636364,175.55800000000002,64.8736684615382,0,0.0018640350877192624,1,1.0,0.0005,0.0018640350877192624,0.0013640350877192624,20,10,40,1.6825590856336738,1.9139587861014298
2024-05-09,184.57,0.3333333333333333,177.026,66.88984517898668,0,0.010014227864725722,0,1.0,0.0005,0.0,-0.0005,20,10,40,1.681717806090857,1.9331256055091433
2024-05-10,183.05,0.16,178.401,63.62329640289387,0,-0.008235357858806913,0,0.0,0.0,-0.0,-0.0,20,10,40,1.681717806090857,1.9172056243617526
2024-05-13,186.28,0.1578947368421053,179.679,67.27997054292581,0,0.017645452062277966,0,0.0,0.0,0.0,0.0,20,10,40,1.681717806090857,1.9510355842999576
2024-05-14,187.43,0.3076923076923077,181.389,68.49428794797164,0,0.006173502254670504,0,0.0,0.0,0.0,0.0,20,10,40,1.681717806090857,1.9630803068785758
2024-05-15,189.72,0.4347826086956522,183.431,70.81687823980539,0,0.012217894680680796,0,0.0,0.0,0.0,0.0,20,10,40,1.681717806090857,1.9870650153177367
2024-05-16,189.84,0.1052631578947368,185.112,70.93778274917159,0,0.0006325110689437974,0,0.0,0.0,0.0,0.0,20,10,40,1.681717806090857,1.988321855934636
2024-05-17,189.87,0.1818181818181818,185.76100000000002,70.97016298753294,0,0.00015802781289497858,0,0.0,0.0,0.0,0.0,20,10,40,1.681717806090857,1.9886360660888607
2024-05-20,191.04,-0.0666666666666666,186.69400000000002,72.26789044632123,0,0.006162110917996566,0,0.0,0.0,0.0,0.0,20,10,40,1.681717806090857,2.0008902621036286
2024-05-21,192.35,0.2272727272727273,187.689,73.68626679514615,1,0.006857202680067065,0,0.0,0.0,0.0,0.0,20,10,40,1.681717806090857,2.0146107721714457
2024-05-22,190.9,0.1666666666666667,188.505,69.45203215037536,0,-0.007538341564855666,1,1.0,0.0005,-0.007538341564855666,-0.008038341564855667,20,10,40,1.668199583949799,1.9994239480505798
2024-05-23,186.88,0.0952380952380952,188.736,59.28136790442972,0,-0.021058145625982294,0,1.0,0.0005,-0.0,-0.0005,20,10,40,1.667365484157824,1.9573197873844541
2024-05-24,189.98,0.3333333333333333,189.429,63.69640464489788,0,0.016588184931506822,0,0.0,0.0,0.0,0.0,20,10,40,1.667365484157824,1.9897881699876852
2024-05-28,189.99,0.3,189.8,63.710074068858084,0,5.263711969694107e-05,0,0.0,0.0,0.0,0.0,20,10,40,1.667365484157824,1.9898929067057602
2024-05-29,190.29,0.25,190.08599999999998,64.14622956261738,0,0.001579030475288068,0,0.0,0.0,0.0,0.0,20,10,40,1.667365484157824,1.9930350082480082
2024-05-30,191.29,0.2380952380952381,190.243,65.62912091975653,0,0.0052551368963160705,0,0.0,0.0,0.0,0.0,20,10,40,1.667365484157824,2.0035086800555018
2024-05-31,192.25,-0.0714285714285714,190.484,67.03852976238537,0,0.005018558210047708,0,0.0,0.0,0.0,0.0,20,10,40,1.667365484157824,2.013563404990696
2024-06-03,194.03,0.2222222222222222,190.9,69.5331654915633,1,0.009258777633289972,0,0.0,0.0,0.0,0.0,20,10,40,1.667365484157824,2.032206540808035
2024-06-04,194.35,0.0,191.231,69.97313763055008,0,0.0016492295005927637,1,1.0,0.0005,0.0016492295005927637,0.0011492295005927637,20,10,40,1.6692816697604884,2.0355581157864333
2024-06-05,195.87,0.1666666666666667,191.583,72.03867865899778,0,0.007820941600205966,0,1.0,0.0005,0.0,-0.0005,20,10,40,1.6684470289256084,2.0514780969338244
2024-06-06,194.48,0.28,191.94099999999997,67.46803040600082,0,-0.0070965436258744186,0,0.0,0.0,-0.0,-0.0,20,10,40,1.6684470289256084,2.0369196931214075
2024-06-07,196.89,0.2272727272727273,192.942,70.91379815014005,0,0.012392019744960958,0,0.0,0.0,0.0,0.0,20,10,40,1.6684470289256084,2.062161242177468
2024-06-10,193.12,0.2083333333333333,193.256,60.176152848763806,0,-0.019147747473208354,0,0.0,0.0,-0.0,-0.0,20,10,40,1.6684470289256084,2.022675499463216
2024-06-11,207.15,0.4,194.972,75.21615709084969,0,0.07264913007456508,0,0.0,0.0,0.0,0.0,20,10,40,1.6684470289256084,2.169621114922355
2024-06-12,213.07,0.282051282051282,197.25,78.84641475078102,0,0.028578324885348616,0,0.0,0.0,0.0,0.0,20,10,40,1.6684470289256084,2.2316252520227184
2024-06-13,214.24,0.131578947368421,199.54500000000002,79.48595651835079,0,0.005491153142159977,0,0.0,0.0,0.0,0.0,20,10,40,1.6684470289256084,2.2438794480374864
2024-06-14,212.49,0.3529411764705883,201.569,75.7948101448162,0,-0.008168409260642218,0,0.0,0.0,-0.0,-0.0,20,10,40,1.6684470289256084,2.2255505223743723
2024-06-17,216.67,0.0833333333333333,203.833,78.37764571249537,0,0.019671513953597675,0,0.0,0.0,0.0,0.0,20,10,40,1.6684470289256084,2.2693304705296966
2024-06-18,214.29,0.1891891891891892,205.827,73.56436579593759,0,-0.010984446393132341,0,0.0,0.0,-0.0,-0.0,20,10,40,1.6684470289256084,2.244403131627861
2024-06-20,209.68,0.375,207.208,65.21071155956739,0,-0.02151290307527176,0,0.0,0.0,-0.0,-0.0,20,10,40,1.6684470289256084,2.196119504595315
2024-06-21,207.49,0.0689655172413793,208.50900000000001,61.63031399131016,0,-0.010444486837085099,0,0.0,0.0,-0.0,-0.0,20,10,40,1.6684470289256084,2.1731821633369033
2024-06-24,208.14,0.0,209.63400000000001,62.29207155495951,0,0.0031326810930645266,0,0.0,0.0,0.0,0.0,20,10,40,1.6684470289256084,2.179990050011774
2024-06-25,209.07,0.3684210526315789,211.22899999999998,63.26820040778602,0,0.004468146439896348,0,0.0,0.0,0.0,0.0,20,10,40,1.6684470289256084,2.1897305647927436
2024-06-26,213.25,0.4117647058823529,211.839,67.35822784443492,0,0.019993303678193852,0,0.0,0.0,0.0,0.0,20,10,40,1.6684470289256084,2.233510512948068
2024-06-27,214.1,0.0,211.942,68.13522983751305,0,0.00398593200468933,0,0.0,0.0,0.0,0.0,20,10,40,1.6684470289256084,2.2424131339844378
2024-06-28,210.62,0.3684210526315789,211.58,61.66348384958137,0,-0.01625408687529184,0,0.0,0.0,-0.0,-0.0,20,10,40,1.6684470289256084,2.2059647560943594
2024-07-01,216.75,0.1538461538461539,212.006,67.51648568445572,0,0.02910454847592825,0,0.0,0.0,0.0,0.0,20,10,40,1.6684470289256084,2.270168364274297
2024-07-02,220.27,0.2222222222222222,212.36599999999999,70.31878525390519,0,0.016239907727797043,0,0.0,0.0,0.0,0.0,20,10,40,1.6684470289256084,2.307035689036675
2024-07-03,221.55,0.5,213.092,71.2887493347566,0,0.0058110500749080085,0,0.0,0.0,0.0,0.0,20,10,40,1.6684470289256084,2.320441988950267
2024-07-05,226.34,0.2,214.75799999999998,74.62997020404737,0,0.02162040171518842,0,0.0,0.0,0.0,0.0,20,10,40,1.6684470289256084,2.3706108769081626
2024-07-08,227.82,0.2666666666666667,216.791,75.57573986168117,0,0.006538835380401231,0,0.0,0.0,0.0,0.0,20,10,40,1.6684470289256084,2.386111911183254
2024-07-09,228.68,0.1785714285714286,218.84500000000003,76.13253083875124,0,0.0037749100166799554,0,0.0,0.0,0.0,0.0,20,10,40,1.6684470289256084,2.395119268937699
2024-07-10,232.98,0.04,221.23599999999996,78.74197695400088,0,0.01880356830505492,0,0.0,0.0,0.0,0.0,20,10,40,1.6684470289256084,2.440156057709922
2024-07-11,227.57,0.28,222.66799999999998,68.58255259495161,0,-0.02322087732852607,0,0.0,0.0,-0.0,-0.0,20,10,40,1.6684470289256084,2.3834934932313803
2024-07-12,230.54,0.4210526315789473,224.31199999999998,70.80920572083251,0,0.01305092938436525,0,0.0,0.0,0.0,0.0,20,10,40,1.6684470289256084,2.414600298499637
2024-07-15,234.4,0.25,226.69,73.44352073152075,0,0.016743298343020685,0,0.0,0.0,0.0,0.0,21,10,40,1.6684470289256084,2.4550286716765632
2024-07-16,234.82,0.0769230769230769,228.497,73.72140920659544,0,0.0017918088737201021,0,0.0,0.0,0.0,0.0,21,10,40,1.6684470289256084,2.4594276138357105
2024-07-17,228.88,0.0909090909090909,229.358,63.5871655438061,0,-0.025295971382335414,0,0.0,0.0,-0.0,-0.0,21,10,40,1.6684470289256084,2.397214003299197
2024-07-18,224.18,0.2916666666666667,229.621,56.919760020767455,0,-0.020534778049632996,0,0.0,0.0,-0.0,-0.0,21,10,40,1.6684470289256084,2.3479877458039757
2024-07-19,224.31,0.0,229.41799999999998,57.05389478973609,-1,0.0005798911588901223,0,0.0,0.0,0.0,0.0,21,10,40,1.6684470289256084,2.34934932313895
2024-07-22,223.96,-0.1111111111111111,229.032,56.54344283001335,0,-0.001560340600062382,-1,1.0,0.0005,0.001560340600062382,0.001060340600062382,21,10,40,1.6702161510494318,2.3456835380063272
2024-07-23,225.01,0.3636363636363636,228.66499999999996,57.76427364858946,0,0.004688337203071935,0,1.0,0.0005,0.0,-0.0005,21,10,40,1.669381042973907,2.356680893404196
2024-07-24,218.54,0.1875,227.221,48.687750105889265,-1,-0.028754277587662802,0,0.0,0.0,-0.0,-0.0,21,10,40,1.669381042973907,2.2889162368097105
2024-07-25,217.49,0.0526315789473684,226.21300000000002,47.386430657017776,0,-0.004804612427930732,-1,1.0,0.0005,0.004804612427930732,0.004304612427930732,21,10,40,1.6765670813584446,2.2779188814118423
2024-07-26,217.96,-0.1052631578947368,224.955,48.055691515089435,0,0.002161018897420597,0,1.0,0.0005,0.0,-0.0005,21,10,40,1.6757287978177655,2.2828415071613644
2024-07-29,218.24,0.0,223.339,48.47617660436204,0,0.0012846393833731984,0,0.0,0.0,0.0,0.0,21,10,40,1.6757287978177655,2.285774135267463
2024-07-30,218.8,0.3888888888888889,221.737,49.35911139072844,0,0.002565982404692191,0,0.0,0.0,0.0,0.0,21,10,40,1.6757287978177655,2.29163939147966
2024-07-31,222.08,0.0,221.05700000000002,54.29899581143664,0,0.014990859232175469,0,0.0,0.0,0.0,0.0,21,10,40,1.6757287978177655,2.3259930350082394
2024-08-01,218.36,0.3157894736842105,220.475,48.51836293648884,0,-0.016750720461095048,0,0.0,0.0,-0.0,-0.0,21,10,40,1.6757287978177655,2.2870309758843623
2024-08-02,219.86,0.2222222222222222,220.03000000000003,50.79315704696035,-1,0.006869389998168218,0,0.0,0.0,0.0,0.0,21,10,40,1.6757287978177655,2.3027414835956033
2024-08-05,209.27,-0.1212121212121212,218.561,38.02015428868266,-1,-0.0481670153734195,-1,1.0,0.0005,0.0481670153734195,0.0476670153734195,21,10,40,1.7556057881850269,2.191825299154243
2024-08-06,207.23,0.0625,216.783,36.13505013223113,0,-0.009748172217709294,-1,0.0,0.0,0.009748172217709294,0.009748172217709294,21,10,40,1.7727197357546618,2.1704590086669553
2024-08-07,209.82,-0.0666666666666666,215.911,40.189685830819165,0,0.01249819041644562,0,1.0,0.0005,0.0,-0.0005,21,10,40,1.7718333758867846,2.1975858186483648
2024-08-08,213.31,0.0,215.493,45.235154111900655,0,0.016633304737394106,0,0.0,0.0,0.0,0.0,21,10,40,1.7718333758867846,2.234138933256519
2024-08-09,216.24,0.2352941176470588,215.321,49.116059119833196,0,0.013735877361586546,0,0.0,0.0,0.0,0.0,21,10,40,1.7718333758867846,2.2648267916524762
2024-08-12,217.53,0.5454545454545454,215.25,50.77017602102293,0,0.005965593784683643,0,0.0,0.0,0.0,0.0,21,10,40,1.7718333758867846,2.278337828284143
2024-08-13,221.27,0.1304347826086956,215.497,55.30642733729495,0,0.01719303084632018,0,0.0,0.0,0.0,0.0,21,10,40,1.7718333758867846,2.3175093608441704
2024-08-14,221.72,0.1666666666666667,215.461,55.83376021018165,0,0.002033714466488812,0,0.0,0.0,0.0,0.0,21,10,40,1.7718333758867846,2.3222225131575422
2024-08-15,224.72,0.1428571428571428,216.09699999999998,59.28289443393642,0,0.013530579108785856,0,0.0,0.0,0.0,0.0,21,10,40,1.7718333758867846,2.3536435285800237
2024-08-16,226.05,0.1428571428571428,216.71599999999998,60.74646449855364,0,0.005918476326094657,0,0.0,0.0,0.0,0.0,21,10,40,1.7718333758867846,2.3675735120839905
2024-08-19,225.89,0.1764705882352941,218.37800000000001,60.46489026276558,0,-0.0007078080070781478,0,0.0,0.0,-0.0,-0.0,21,10,40,1.7718333758867846,2.365897724594791
2024-08-20,226.51,0.25,220.30599999999998,61.21511402661124,0,0.002744698747177754,0,0.0,0.0,0.0,0.0,21,10,40,1.7718333758867846,2.3723914011154372
2024-08-21,226.4,-0.0555555555555555,221.964,60.99396734350985,0,-0.0004856297735198467,0,0.0,0.0,-0.0,-0.0,21,10,40,1.7718333758867846,2.371239297216613
2024-08-22,224.53,-0.1666666666666667,223.086,57.21016393479893,1,-0.008259717314487602,0,0.0,0.0,-0.0,-0.0,21,10,40,1.7718333758867846,2.3516535309366
2024-08-23,226.84,0.2,224.14600000000002,60.47227370935291,1,0.010288157484523275,1,1.0,0.0005,0.010288157484523275,0.009788157484523274,21,10,40,1.789176360006299,2.3758477128119107
2024-08-26,227.18,0.2857142857142857,225.11100000000002,60.944222478315375,0,0.0014988538176687882,1,0.0,0.0,0.0014988538176687882,0.0014988538176687882,21,10,40,1.7918580738239773,2.3794087612264585
2024-08-27,228.03,0.1176470588235294,225.78699999999998,62.16058255591078,0,0.003741526542829554,0,1.0,0.0005,0.0,-0.0005,21,10,40,1.7909621447870654,2.3883113822628284
2024-08-28,226.49,0.1111111111111111,226.26399999999998,58.599691570817185,0,-0.006753497346840276,0,0.0,0.0,-0.0,-0.0,21,10,40,1.7909621447870654,2.372181927679288
2024-08-29,229.79,0.2142857142857143,226.77100000000002,63.43365201774694,0,0.014570179698882857,0,0.0,0.0,0.0,0.0,21,10,40,1.7909621447870654,2.4067450446440173
2024-08-30,229.0,0.3571428571428572,227.06599999999997,61.57996342508359,0,-0.003437921580573544,0,0.0,0.0,-0.0,-0.0,21,10,40,1.7909621447870654,2.398470843916097
2024-09-03,222.77,0.4285714285714285,226.754,49.33589581676754,-1,-0.027205240174672407,0,0.0,0.0,-0.0,-0.0,21,10,40,1.7909621447870654,2.3332198685554104
2024-09-04,220.85,0.0,226.18800000000002,46.281722544514096,-1,-0.008618754769493253,-1,1.0,0.0005,0.008618754769493253,0.008118754769493253,21,10,40,1.805502527242037,2.313110418685022
2024-09-05,222.38,0.0666666666666666,225.786,48.99158571234469,0,0.0069277790355444235,-1,0.0,0.0,-0.0069277790355444235,-0.0069277790355444235,21,10,40,1.7929944046851871,2.3291351365504878
2024-09-06,220.82,0.1666666666666667,225.41500000000002,46.42029584186252,0,-0.007015019336271244,0,1.0,0.0005,-0.0,-0.0005,21,10,40,1.7920979074828447,2.312796208530797
2024-09-09,220.91,0.0714285714285714,224.82199999999997,46.59444387696221,0,0.0004075717779186139,0,0.0,0.0,0.0,0.0,21,10,40,1.7920979074828447,2.3137388389934714
2024-09-10,220.11,0.0,224.115,45.18846744454052,0,-0.003621384274138717,0,0.0,0.0,-0.0,-0.0,21,10,40,1.7920979074828447,2.3053599015474764
2024-09-11,222.66,-0.0625,223.57799999999997,50.333008519067924,0,0.011585116532642603,0,0.0,0.0,0.0,0.0,21,10,40,1.7920979074828447,2.3320677646565855
2024-09-12,222.77,0.0526315789473684,223.206,50.548629102817756,0,0.0004940267672686183,0,0.0,0.0,0.0,0.0,21,10,40,1.7920979074828447,2.33321986855541
2024-09-13,222.5,-0.125,222.477,49.97513089349537,0,-0.0012120123894600043,0,0.0,0.0,-0.0,-0.0,21,10,40,1.7920979074828447,2.3303919771673867
2024-09-16,216.32,0.1,221.209,39.05341067520901,0,-0.027775280898876487,0,0.0,0.0,-0.0,-0.0,21,10,40,1.7920979074828447,2.2656646853970743
2024-09-17,216.79,0.05,220.61100000000002,40.12511713813183,0,0.0021727071005916976,0,0.0,0.0,0.0,0.0,21,10,40,1.7920979074828447,2.2705873111465964
2024-09-18,220.69,0.2105263157894737,220.59499999999997,48.256002738098395,0,0.01798975967526184,0,0.0,0.0,0.0,0.0,21,10,40,1.7920979074828447,2.3114346311958225
2024-09-19,228.87,0.05,221.244,60.40214181979936,0,0.03706556708505149,0,0.0,0.0,0.0,0.0,21,10,40,1.7920979074828447,2.3971092665811224
2024-09-20,228.2,-0.1428571428571428,221.98200000000003,59.1768589372875,0,-0.0029274260497226257,0,0.0,0.0,-0.0,-0.0,21,10,40,1.7920979074828447,2.390091906470101
2024-09-23,226.47,0.0769230769230769,222.538,56.01705397818375,1,-0.007581069237510896,0,0.0,0.0,-0.0,-0.0,21,10,40,1.7920979074828447,2.371972454243137
2024-09-24,227.37,0.1111111111111111,223.26399999999998,57.2945877089601,0,0.003974036296198191,1,1.0,0.0005,0.003974036296198191,0.003474036296198191,22,10,40,1.798323720659781,2.3813987588698815
2024-09-25,226.37,0.0,223.635,55.37014111018741,0,-0.004398117605664775,0,1.0,0.0005,-0.0,-0.0005,22,10,40,1.7974245587994513,2.3709250870623877
2024-09-26,227.52,0.0,224.10999999999999,57.15252017519466,0,0.005080178468878316,0,0.0,0.0,0.0,0.0,22,10,40,1.7974245587994513,2.3829698096410055
2024-09-27,227.79,0.2857142857142857,224.63899999999998,57.580858604405684,0,0.0011867088607593335,0,0.0,0.0,0.0,0.0,22,10,40,1.7974245587994513,2.3857977010290283
2024-09-30,233.0,0.0,226.30700000000002,64.87726097823335,0,0.022871943456692634,0,0.0,0.0,0.0,0.0,22,10,40,1.7974245587994513,2.4403655311460715
2024-10-01,226.21,0.0,227.24900000000002,52.26074988993909,0,-0.02914163090128752,0,0.0,0.0,-0.0,-0.0,22,10,40,1.7974245587994513,2.369249299573188
2024-10-02,226.78,0.0625,227.858,53.08553964398645,0,0.0025197825029839027,0,0.0,0.0,0.0,0.0,22,10,40,1.7974245587994513,2.375219292503459
2024-10-03,225.67,0.25,227.538,51.229362492555474,0,-0.004894611517770597,0,0.0,0.0,-0.0,-0.0,22,10,40,1.7974245587994513,2.363593516797141
2024-10-04,226.8,0.4,227.398,53.02991056523763,-1,0.005007311561129102,0,0.0,0.0,0.0,0.0,22,10,40,1.7974245587994513,2.375428765939609
2024-10-07,221.69,-0.3125,226.92,44.94847696101482,-1,-0.02253086419753092,-1,1.0,0.0005,0.02253086419753092,0.02203086419753092,22,10,40,1.8370233751596687,2.321908303003315
2024-10-08,225.77,0.3636363636363636,226.76000000000005,51.326473428992266,0,0.018404077766250193,-1,0.0,0.0,-0.018404077766250193,-0.018404077766250193,22,10,40,1.8032146541048109,2.36464088397789
2024-10-09,229.54,0.0666666666666666,227.077,56.3578512559003,0,0.01669840988616733,0,1.0,0.0005,0.0,-0.0005,22,10,40,1.8023130467777586,2.404126626692142
2024-10-10,229.04,0.0,227.22899999999998,55.53788348901619,0,-0.002178269582643555,0,0.0,0.0,-0.0,-0.0,22,10,40,1.8023130467777586,2.398889790788395
2024-10-11,227.55,0.0,227.205,53.06038336486066,0,-0.006505413901501833,0,0.0,0.0,-0.0,-0.0,22,10,40,1.8023130467777586,2.383284019795229
2024-10-14,231.3,0.7272727272727273,227.035,58.123567471257964,0,0.016479894528675043,0,0.0,0.0,0.0,0.0,22,10,40,1.8023130467777586,2.4225602890733313
2024-10-15,233.85,0.4666666666666667,227.79900000000004,61.189267230174224,0,0.011024643320363126,0,0.0,0.0,0.0,0.0,22,10,40,1.8023130467777586,2.4492681521824404
2024-10-16,231.78,0.0,228.29899999999998,57.50875108312089,0,-0.008851828094932568,0,0.0,0.0,-0.0,-0.0,22,10,40,1.8023130467777586,2.4275876515409283
2024-10-17,232.15,0.032258064516129,228.94700000000003,57.995101703895706,0,0.0015963413581845387,0,0.0,0.0,0.0,0.0,22,10,40,1.8023130467777586,2.431462910109701
2024-10-18,235.0,0.0384615384615384,229.767,61.63747905048343,0,0.012276545337066569,0,0.0,0.0,0.0,0.0,22,10,40,1.8023130467777586,2.4613128747610586
2024-10-21,236.48,0.1428571428571428,231.246,63.411782081965704,0,0.006297872340425448,0,0.0,0.0,0.0,0.0,22,10,40,1.8023130467777586,2.4768139090361494
2024-10-22,235.86,0.0,232.25500000000002,62.11568774947981,0,-0.0026217861975641465,0,0.0,0.0,-0.0,-0.0,22,10,40,1.8023130467777586,2.4703202325155034
2024-10-23,230.76,-0.75,232.377,52.59303298049801,0,-0.021622996692953533,0,0.0,0.0,-0.0,-0.0,22,10,40,1.8023130467777586,2.4169045062972843
2024-10-24,230.57,0.5,232.53000000000003,52.27152627795535,0,-0.0008233662679840714,0,0.0,0.0,-0.0,-0.0,22,10,40,1.8023130467777586,2.4149145086538604
2024-10-25,231.41,-0.6666666666666666,232.916,53.62138995637931,-1,0.0036431452487313276,0,0.0,0.0,0.0,0.0,22,10,40,1.8023130467777586,2.423712392972155
2024-10-28,233.4,0.0,233.12600000000003,56.74265533907012,1,0.00859945551186203,-1,1.0,0.0005,-0.00859945551186203,-0.009099455511862031,22,10,40,1.785912979390156,2.4445549998690677
2024-10-29,233.67,0.3333333333333333,233.108,57.163884490369,0,0.0011568123393315144,1,2.0,0.001,0.0011568123393315144,0.00015681233933151437,22,10,40,1.786193032582297,2.447382891257091
2024-10-30,230.1,0.0,232.94,50.202817842207956,-1,-0.015277956091924505,0,1.0,0.0005,-0.0,-0.0005,22,10,40,1.785299936066006,2.409991882904338
2024-10-31,225.91,0.6,232.31599999999997,43.506464770967966,0,-0.018209474141677506,-1,1.0,0.0005,0.018209474141677506,0.017709474141677506,22,10,40,1.8169166591189054,2.3661071980309387
2024-11-01,222.91,0.25,231.10699999999997,39.449140573128794,-1,-0.01327962462927712,0,1.0,0.0005,-0.0,-0.0005,22,10,40,1.816008200789346,2.3346861826084573
2024-11-04,222.01,0.0,229.66,38.295321860234935,-1,-0.004037503925351071,-1,1.0,0.0005,0.004037503925351071,0.0035375039253510714,22,10,40,1.8224323369281084,2.3252598779817126
2024-11-05,223.45,0.4,228.41899999999995,41.25585083524296,0,0.006486194315571403,-1,0.0,0.0,-0.006486194315571403,-0.006486194315571403,22,10,40,1.8106116866638118,2.340341965384504
2024-11-06,222.72,0.4,227.615,40.20279234323278,-1,-0.0032669501006936663,0,1.0,0.0005,-0.0,-0.0005,22,10,40,1.80970638082048,2.3326961849650334
2024-11-07,227.48,0.0,227.30599999999998,49.291754705581,0,0.021372126436781658,-1,1.0,0.0005,-0.021372126436781658,-0.021872126436781658,22,10,40,1.770124254045724,2.382550862768704
2024-11-08,226.96,-0.5,226.86100000000002,48.42580763467768,0,-0.0022859152452961995,0,1.0,0.0005,-0.0,-0.0005,22,10,40,1.7692391919187014,2.3771045534288078
2024-11-11,224.23,0.6666666666666666,225.94400000000002,44.050469724356354,0,-0.012028551286570432,0,0.0,0.0,-0.0,-0.0,22,10,40,1.7692391919187014,2.348511429394349
2024-11-12,224.23,0.5,225.0,44.050469724356354,-1,0.0,0,0.0,0.0,0.0,0.0,22,10,40,1.7692391919187014,2.348511429394349
2024-11-13,225.12,0.5,224.502,45.89863034924441,0,0.0039691388306650754,-1,1.0,0.0005,-0.0039691388306650754,-0.004469138830665076,22,10,40,1.761332216345363,2.357832997303019
2024-11-14,228.22,-0.5,224.733,51.86317239531108,0,0.01377043354655294,0,1.0,0.0005,0.0,-0.0005,22,10,40,1.7604515502371905,2.39030137990625
2024-11-15,225.0,0.5,224.942,46.16937859785621,1,-0.014109192884059207,0,0.0,0.0,-0.0,-0.0,22,10,40,1.7604515502371905,2.3565761566861196
2024-11-18,228.02,0.0,225.54299999999998,51.542642137937115,0,0.013422222222222224,1,1.0,0.0005,0.013422222222222224,0.012922222222222224,22,10,40,1.7832004963808112,2.3882066455447513
2024-11-19,228.28,-1.0,226.02599999999998,51.986985615803434,0,0.0011402508551880963,0,1.0,0.0005,0.0,-0.0005,22,10,40,1.782308896132621,2.3909298002146997
2024-11-20,229.0,0.0,226.654,53.26502697255194,1,0.0031540213772560666,0,0.0,0.0,0.0,0.0,22,10,40,1.782308896132621,2.3984708439160953
2024-11-21,228.52,0.0,226.75799999999998,52.266177379641974,0,-0.002096069868995576,1,1.0,0.0005,-0.002096069868995576,-0.002596069868995576,22,10,40,1.7776818977101285,2.3934434814484984
2024-11-22,229.87,-0.5,227.04900000000004,54.83166119158286,0,0.005907579205321145,0,1.0,0.0005,0.0,-0.0005,22,10,40,1.7767930567612735,2.407582938388615
2024-11-25,232.87,0.0,227.913,59.97921438242697,1,0.013050854830991332,0,0.0,0.0,0.0,0.0,22,10,40,1.7767930567612735,2.4390039538110964
2024-11-26,235.06,0.0,228.996,63.26996944175624,0,0.00940438871473348,1,1.0,0.0005,0.00940438871473348,0.00890438871473348,22,10,40,1.7926143128043155,2.461941295069508
2024-11-27,234.93,-1.0,229.977,62.939132027196784,0,-0.0005530502850336072,0,1.0,0.0005,-0.0,-0.0005,22,10,40,1.7917180056479134,2.4605797177345337
2024-11-29,237.33,0.0,230.888,66.42918086700494,1,0.010215808964372464,0,0.0,0.0,0.0,0.0,22,10,40,1.7917180056479134,2.4857165300725192
2024-12-02,239.59,0.0,232.34699999999998,69.35567623521686,0,0.009522605654573857,1,1.0,0.0005,0.009522605654573857,0.009022605654573856,22,10,40,1.8078839706570742,2.5093870283574553
2024-12-03,242.65,0.0,233.81,72.8116216788444,0,0.012771818523310774,0,1.0,0.0005,0.0,-0.0005,22,10,40,1.8069800286717457,2.541436464088387
2024-12-04,243.01,0.0,235.28300000000004,73.19462668755452,0,0.0014836183803832448,0,0.0,0.0,0.0,0.0,23,10,40,1.8069800286717457,2.5452069859390845
2024-12-05,243.04,0.0,236.68700000000004,73.22847193914819,0,0.00012345170980609943,0,0.0,0.0,0.0,0.0,23,10,40,1.8069800286717457,2.545521196093309
2024-12-06,242.84,0.0,238.119,72.57061701948462,0,-0.0008229098090848375,0,0.0,0.0,-0.0,-0.0,23,10,40,1.8069800286717457,2.5434264617318103
2024-12-09,246.75,0.0,239.80699999999996,76.93341330067828,0,0.016101136550815243,0,0.0,0.0,0.0,0.0,23,10,40,1.8069800286717457,2.584378518499111
2024-12-10,247.77,0.0,241.29699999999997,77.9200452455226,0,0.004133738601823644,0,0.0,0.0,0.0,0.0,23,10,40,1.8069800286717457,2.5950616637427544
2024-12-11,246.49,0.0,242.44,73.66200413141311,0,-0.005166081446502768,0,0.0,0.0,-0.0,-0.0,23,10,40,1.8069800286717457,2.5816553638291624
2024-12-12,247.96,0.0,243.74300000000002,75.32937732105108,0,0.005963730780153442,0,0.0,0.0,0.0,0.0,23,10,40,1.8069800286717457,2.5970516613861787
2024-12-13,248.13,0.0,244.823,75.52236774696021,0,0.000685594450717808,0,0.0,0.0,0.0,0.0,23,10,40,1.8069800286717457,2.5988321855934524
2024-12-16,251.04,0.0,245.96800000000002,78.60732715574164,0,0.011727723370813736,0,0.0,0.0,0.0,0.0,23,10,40,1.8069800286717457,2.6293105705532596
2024-12-17,253.48,0.0,247.05100000000002,80.79316244116576,0,0.009719566602931717,0,0.0,0.0,0.0,0.0,23,10,40,1.8069800286717457,2.654866329763544
2024-12-18,248.05,0.0,247.55499999999998,64.9005454762922,0,-0.021421808426700273,0,0.0,0.0,-0.0,-0.0,23,10,40,1.8069800286717457,2.5979942918488526
2024-12-19,249.79,0.0,248.22999999999996,67.1317120441804,0,0.007014714775246844,0,0.0,0.0,0.0,0.0,23,10,40,1.8069800286717457,2.6162184807938917
2024-12-20,254.49,0.0,249.39500000000004,72.26098643746707,0,0.01881580527643223,0,0.0,0.0,0.0,0.0,23,10,40,1.8069800286717457,2.665444738289113
2024-12-23,255.27,0.0,250.247,73.0136559591819,0,0.0030649534362843234,0,0.0,0.0,0.0,0.0,23,10,40,1.8069800286717457,2.673614202298958
2024-12-24,258.2,0.0,251.29000000000002,75.68286963574693,0,0.011478042856583048,0,0.0,0.0,0.0,0.0,23,10,40,1.8069800286717457,2.7043020606949146
2024-12-26,259.02,0.0,252.54299999999998,76.38679268213802,0,0.003175832687838831,0,0.0,0.0,0.0,0.0,23,10,40,1.8069800286717457,2.7128904715770594
2024-12-27,255.59,0.0,253.30599999999998,67.57500725605897,0,-0.013242220677939898,0,0.0,0.0,-0.0,-0.0,23,10,40,1.8069800286717457,2.6769657772773554
2024-12-30,252.2,0.0,253.71299999999997,60.18531371578943,0,-0.013263429711647623,0,0.0,0.0,-0.0,-0.0,23,10,40,1.8069800286717457,2.641460029849951
2024-12-31,250.42,0.0,253.65099999999998,56.68039323549466,0,-0.007057890563045177,0,0.0,0.0,-0.0,-0.0,23,10,40,1.8069800286717457,2.6228168940326118
2025-01-02,243.85,0.0,252.68799999999996,46.02615533557008,0,-0.026235923648270876,0,0.0,0.0,-0.0,-0.0,23,10,40,1.8069800286717457,2.554004870257377
2025-01-03,243.36,0.0,252.219,45.34161054234694,0,-0.002009432027885949,0,0.0,0.0,-0.0,-0.0,23,10,40,1.8069800286717457,2.5488727710717054
2025-01-06,245.0,0.0,251.74,48.12265155979593,0,0.006738987508218219,0,0.0,0.0,0.0,0.0,23,10,40,1.8069800286717457,2.566049592835995
2025-01-07,242.21,0.0,250.512,44.019299940478426,0,-0.01138775510204082,0,0.0,0.0,-0.0,-0.0,23,10,40,1.8069800286717457,2.536828048493087
2025-01-08,242.7,0.0,249.25499999999997,44.907796776458625,0,0.0020230378597083654,0,0.0,0.0,0.0,0.0,23,10,40,1.8069800286717457,2.541960147678759
2025-01-10,236.85,0.0,247.12000000000003,37.29691551326945,0,-0.02410383189122367,0,0.0,0.0,-0.0,-0.0,23,10,40,1.8069800286717457,2.48068916760492
2025-01-13,234.4,0.0,244.658,34.64846366109201,0,-0.010344099641123039,0,0.0,0.0,-0.0,-0.0,23,10,40,1.8069800286717457,2.45502867167656
2025-01-14,233.28,0.0,242.427,33.478111039124315,0,-0.004778156996587013,0,0.0,0.0,-0.0,-0.0,23,10,40,1.8069800286717457,2.443298159252167
2025-01-15,237.87,0.0,240.994,42.10843998103637,0,0.01967592592592604,0,0.0,0.0,0.0,0.0,23,10,40,1.8069800286717457,2.491372312848564
2025-01-16,228.26,0.0,238.77800000000002,32.57851561208054,0,-0.040400218606802096,0,0.0,0.0,-0.0,-0.0,23,10,40,1.8069800286717457,2.3907203267785477
2025-01-17,229.98,0.0,237.39100000000002,35.39667104086004,0,0.00753526680101646,0,0.0,0.0,0.0,0.0,23,10,40,1.8069800286717457,2.408735042287437
2025-01-21,222.64,0.0,235.31900000000002,29.69279577559162,0,-0.031915818766849346,0,0.0,0.0,-0.0,-0.0,23,10,40,1.8069800286717457,2.331858291220432
2025-01-22,223.83,0.0,233.202,31.616742188785096,0,0.005344951491196737,0,0.0,0.0,0.0,0.0,23,10,40,1.8069800286717457,2.3443219606713503
2025-01-23,223.66,0.0,231.34699999999998,31.484194435024094,0,-0.0007595049814592691,0,0.0,0.0,-0.0,-0.0,23,10,40,1.8069800286717457,2.342541436464076
2025-01-24,222.78,0.0,229.35500000000002,30.765187216058365,0,-0.003934543503532173,0,0.0,0.0,-0.0,-0.0,23,10,40,1.8069800286717457,2.3333246052734817
2025-01-27,229.86,0.0,228.656,42.2016423815168,0,0.0317802316186373,0,0.0,0.0,0.0,0.0,23,10,40,1.8069800286717457,2.4074782016705383
2025-01-28,238.26,0.0,229.042,52.27441215513135,0,0.03654398329417896,0,0.0,0.0,0.0,0.0,23,10,40,1.8069800286717457,2.4954570448534863
2025-01-29,239.36,0.0,229.65,53.419234541803064,0,0.004616805170821969,0,0.0,0.0,0.0,0.0,23,10,40,1.8069800286717457,2.50697808384173
2025-01-30,237.59,0.0,229.622,51.28735626456219,0,-0.007394719251336945,0,0.0,0.0,-0.0,-0.0,23,10,40,1.8069800286717457,2.488439684742466
2025-01-31,236.0,0.0,230.39600000000002,49.380877009848625,0,-0.006692200850204166,0,0.0,0.0,-0.0,-0.0,23,10,40,1.8069800286717457,2.4717865465685507
2025-02-03,228.01,0.0,230.19899999999998,41.11076062333104,0,-0.033855932203389894,0,0.0,0.0,-0.0,-0.0,23,10,40,1.8069800286717457,2.3881019088266746
2025-02-04,232.8,0.0,231.215,46.85686380784272,0,0.021007850532871464,0,0.0,0.0,0.0,0.0,23,10,40,1.8069800286717457,2.4382707967845705
2025-02-05,232.47,0.0,232.079,46.520087825698546,0,-0.0014175257731959823,0,0.0,0.0,-0.0,-0.0,23,10,40,1.8069800286717457,2.434814485088097
2025-02-06,233.22,0.0,233.03500000000003,47.44460964881086,0,0.003226222738417883,0,0.0,0.0,0.0,0.0,23,10,40,1.8069800286717457,2.4426697389437173
2025-02-07,227.63,0.0,233.51999999999998,41.66342689860827,0,-0.023968784838350077,0,0.0,0.0,-0.0,-0.0,23,10,40,1.8069800286717457,2.3841219135398264
2025-02-10,227.65,0.0,233.29899999999998,41.69080288352885,0,8.786188112286375e-05,0,0.0,0.0,0.0,0.0,23,10,40,1.8069800286717457,2.384331386975976
2025-02-11,232.62,0.0,232.73499999999999,48.19656892210248,0,0.021831759279595797,0,0.0,0.0,0.0,0.0,23,10,40,1.8069800286717457,2.4363855358592206
2025-02-12,236.87,0.0,232.48600000000002,53.023380697876775,0,0.018270140142722102,0,0.0,0.0,0.0,0.0,23,10,40,1.8069800286717457,2.48089864104107
2025-02-13,241.53,0.0,232.87999999999997,57.679598507301975,0,0.01967323848524516,0,0.0,0.0,0.0,0.0,23,10,40,1.8069800286717457,2.5297059516639915
2025-02-14,244.6,0.0,233.73999999999995,60.46010660681053,0,0.012710636359872352,0,0.0,0.0,0.0,0.0,23,10,40,1.8069800286717457,2.5618601241129975
2025-02-18,244.47,0.0,235.38600000000002,60.279499977802914,0,-0.0005314799672935244,0,0.0,0.0,-0.0,-0.0,23,10,40,1.8069800286717457,2.5604985467780232
2025-02-19,244.87,0.0,236.593,60.668816748646854,0,0.001636192579866691,0,0.0,0.0,0.0,0.0,24,10,40,1.8069800286717457,2.5646880155010208
2025-02-20,245.83,0.0,237.929,61.64057103302704,0,0.0039204475844325515,0,0.0,0.0,0.0,0.0,24,10,40,1.8069800286717457,2.5747427404362146
2025-02-21,245.55,0.0,239.16199999999998,61.165891784968146,0,-0.0011389984948948495,0,0.0,0.0,-0.0,-0.0,24,10,40,1.8069800286717457,2.5718101123301165
2025-02-24,247.1,0.0,241.109,62.87044921282578,0,0.006312360008144946,0,0.0,0.0,0.0,0.0,24,10,40,1.8069800286717457,2.5880443036317318
2025-02-25,247.04,0.0,243.048,62.75561926800049,0,-0.00024281667341163882,0,0.0,0.0,-0.0,-0.0,24,10,40,1.8069800286717457,2.587415883323282
2025-02-26,240.36,0.0,243.82200000000003,51.481775659817266,0,-0.027040155440414382,0,0.0,0.0,-0.0,-0.0,24,10,40,1.8069800286717457,2.5174517556492235
2025-02-27,237.3,0.0,243.865,47.29070642443677,0,-0.01273090364453322,0,0.0,0.0,-0.0,-0.0,24,10,40,1.8069800286717457,2.4854023199182924
2025-02-28,241.84,0.0,243.89600000000002,53.35766106321897,0,0.01913190054782965,0,0.0,0.0,0.0,0.0,24,10,40,1.8069800286717457,2.5329527899243143
2025-03-03,238.03,0.0,243.23900000000003,48.3301241384851,0,-0.015754217664571635,0,0.0,0.0,-0.0,-0.0,24,10,40,1.8069800286717457,2.4930481003377625
2025-03-04,235.93,0.0,242.385,45.77023794750938,0,-0.008822417342351785,0,0.0,0.0,-0.0,-0.0,24,10,40,1.8069800286717457,2.4710533895420252
2025-03-05,235.74,0.0,241.47200000000004,45.53523714828927,0,-0.0008053236129360597,0,0.0,0.0,-0.0,-0.0,24,10,40,1.8069800286717457,2.4690633918986014
2025-03-06,235.33,0.0,240.42200000000003,44.99833205440171,0,-0.0017392042080257575,0,0.0,0.0,-0.0,-0.0,24,10,40,1.8069800286717457,2.464769186457529
2025-03-07,239.07,0.0,239.77399999999997,50.707857888631274,0,0.01589257638210162,0,0.0,0.0,0.0,0.0,24,10,40,1.8069800286717457,2.5039407190175558
2025-03-10,227.48,0.0,237.81199999999998,37.6608523994758,0,-0.048479524825364995,0,0.0,0.0,-0.0,-0.0,24,10,40,1.8069800286717457,2.382550862768702
2025-03-11,220.84,0.0,235.192,32.501365490466966,0,-0.029189379286091,0,0.0,0.0,-0.0,-0.0,24,10,40,1.8069800286717457,2.313005681966943
2025-03-12,216.98,0.0,232.85399999999998,29.93401451989061,0,-0.017478717623618967,0,0.0,0.0,-0.0,-0.0,24,10,40,1.8069800286717457,2.2725773087900163
2025-03-13,209.68,0.0,230.09199999999996,25.78560847425325,0,-0.03364365379297618,0,0.0,0.0,-0.0,-0.0,24,10,40,1.8069800286717457,2.1961195045953112
2025-03-14,213.49,0.0,227.257,31.148700326707598,0,0.018170545593285015,0,0.0,0.0,0.0,0.0,24,10,40,1.8069800286717457,2.236024194181863
2025-03-17,214.0,0.0,224.85399999999998,31.85855318969439,0,0.0023888706730994524,0,0.0,0.0,0.0,0.0,24,10,40,1.8069800286717457,2.241365766803685
2025-03-18,212.69,0.0,222.53000000000003,30.975157013516693,0,-0.006121495327102822,0,0.0,0.0,-0.0,-0.0,24,10,40,1.8069800286717457,2.227645256735868
2025-03-19,215.24,0.0,220.48000000000002,34.76700033198338,0,0.011989280173021921,0,0.0,0.0,0.0,0.0,24,10,40,1.8069800286717457,2.2543531198449775
2025-03-20,214.1,0.0,218.35699999999997,33.87117252003753,0,-0.005296413306076997,0,0.0,0.0,-0.0,-0.0,24,10,40,1.8069800286717457,2.242413133984434
2025-03-21,218.27,0.0,216.277,39.96484162100081,0,0.019476879962634364,0,0.0,0.0,0.0,0.0,24,10,40,1.8069800286717457,2.2860883454216836
2025-03-24,220.73,0.0,215.602,43.285078837634124,0,0.011270444861868123,0,0.0,0.0,0.0,0.0,24,10,40,1.8069800286717457,2.311853578068118
2025-03-25,223.75,0.0,215.89300000000003,47.149372476980126,0,0.013681873782449117,0,0.0,0.0,0.0,0.0,24,10,40,1.8069800286717457,2.343484066926749
2025-03-26,221.53,0.0,216.348,44.736335858699476,0,-0.009921787709497254,0,0.0,0.0,-0.0,-0.0,24,10,40,1.8069800286717457,2.3202325155141126
2025-03-27,223.85,0.0,217.76500000000001,47.74606026046941,0,0.01047262221820966,0,0.0,0.0,0.0,0.0,24,10,40,1.8069800286717457,2.3445314341074983
2025-03-28,217.9,0.0,218.206,41.503216413293444,0,-0.026580299307571997,0,0.0,0.0,-0.0,-0.0,24,10,40,1.8069800286717457,2.28221308685291
2025-03-31,222.13,0.0,219.019,46.82615082143535,0,0.01941257457549339,0,0.0,0.0,0.0,0.0,24,10,40,1.8069800286717457,2.326516718598609
2025-04-01,223.19,0.0,220.06900000000002,48.10062613299009,0,0.004771980371854223,0,0.0,0.0,0.0,0.0,24,10,40,1.8069800286717457,2.337618810714552
2025-04-02,223.89,0.0,220.93399999999997,48.97045118981153,0,0.003136341233926254,0,0.0,0.0,0.0,0.0,24,10,40,1.8069800286717457,2.344950380979798
2025-04-03,203.19,0.0,219.843,31.928858610207882,0,-0.09245611684309252,0,0.0,0.0,-0.0,-0.0,24,10,40,1.8069800286717457,2.1281453745646752
2025-04-04,188.38,0.0,216.85399999999998,25.177905783191918,0,-0.07288744524828983,0,0.0,0.0,-0.0,-0.0,24,10,40,1.8069800286717457,1.9730302950956913
2025-04-07,181.46,0.0,212.927,22.756725292094146,0,-0.03673426053721196,0,0.0,0.0,-0.0,-0.0,24,10,40,1.8069800286717457,1.900552486187834
2025-04-08,172.42,0.0,207.794,20.044917774718428,0,-0.049818141739226385,0,0.0,0.0,-0.0,-0.0,24,10,40,1.8069800286717457,1.8058704930480893
2025-04-09,198.85,0.0,205.526,41.85929441874537,0,0.15328848161466202,0,0.0,0.0,0.0,0.0,24,10,40,1.8069800286717457,2.082689638920152
2025-04-10,190.42,0.0,202.18300000000002,38.272559092522584,0,-0.042393764143827006,0,0.0,0.0,-0.0,-0.0,24,10,40,1.8069800286717457,1.994396585582979
2025-04-11,198.15,0.0,200.208,43.08812083033043,0,0.040594475370234306,0,0.0,0.0,0.0,0.0,24,10,40,1.8069800286717457,2.0753580686549067
2025-04-14,202.52,0.0,198.24699999999999,45.668633169016935,0,0.022053999495331933,0,0.0,0.0,0.0,0.0,24,10,40,1.8069800286717457,2.121128014453655
2025-04-15,202.14,0.0,196.142,45.47553964057233,0,-0.001876357890578828,0,0.0,0.0,-0.0,-0.0,24,10,40,1.8069800286717457,2.117148019166807
2025-04-16,194.27,0.0,193.18,41.55662508817446,0,-0.03893341248639548,0,0.0,0.0,-0.0,-0.0,24,10,40,1.8069800286717457,2.034720222041831
2025-04-17,196.98,0.0,192.559,43.36646776249121,0,0.013949657692901463,0,0.0,0.0,0.0,0.0,24,10,40,1.8069800286717457,2.0631038726401387
2025-04-21,193.16,0.0,193.03699999999998,41.419369898301376,0,-0.019392831759569518,0,0.0,0.0,-0.0,-0.0,24,10,40,1.8069800286717457,2.023094446335512
2025-04-22,199.74,0.0,194.865,45.9232950583378,0,0.03406502381445442,0,0.0,0.0,0.0,0.0,24,10,40,1.8069800286717457,2.092011206828822
2025-04-23,204.6,0.0,198.083,49.03976949895581,0,0.024331631120456443,0,0.0,0.0,0.0,0.0,24,10,40,1.8069800286717457,2.142913251813242
2025-04-24,208.37,0.0,199.035,51.380511245369554,0,0.01842619745845564,0,0.0,0.0,0.0,0.0,24,10,40,1.8069800286717457,2.1823989945274938
2025-04-25,209.28,0.0,200.921,51.954181639624686,0,0.004367231367279345,0,0.0,0.0,0.0,0.0,24,10,40,1.8069800286717457,2.1919300358723133
2025-04-28,210.14,0.0,202.12,52.52430018346911,0,0.004109327217125314,0,0.0,0.0,0.0,0.0,24,10,40,1.8069800286717457,2.200937393626758
2025-04-29,211.21,0.0,202.989,53.267319785635365,0,0.005091843532882834,0,0.0,0.0,0.0,0.0,24,10,40,1.8069800286717457,2.2121442224607764
2025-04-30,212.5,0.0,204.025,54.198007295143704,0,0.006107665356754,0,0.0,0.0,0.0,0.0,24,10,40,1.8069800286717457,2.2256552590924437
