date,market_return,baseline_position,baseline_return,baseline_equity,benchmark_equity,threshold_0.00_hold_1d_position,threshold_0.00_hold_1d_return,threshold_0.00_hold_1d_equity,threshold_0.00_hold_3d_position,threshold_0.00_hold_3d_return,threshold_0.00_hold_3d_equity,threshold_0.05_hold_1d_position,threshold_0.05_hold_1d_return,threshold_0.05_hold_1d_equity,threshold_0.05_hold_3d_position,threshold_0.05_hold_3d_return,threshold_0.05_hold_3d_equity
2022-01-03,0.0250042236864334,0.5,0.0125021118432167,1.0125021118432167,1.0250042236864334,0.5,0.0125021118432167,1.0125021118432167,0.5,0.0125021118432167,1.0125021118432167,0.5,0.0125021118432167,1.0125021118432167,0.5,0.0125021118432167,1.0125021118432167
2022-01-04,-0.0126916103510795,0.5,-0.00634580517553975,1.006076970701637,1.0119952694711944,0.5,-0.00634580517553975,1.006076970701637,0.5,-0.00634580517553975,1.006076970701637,0.5,-0.00634580517553975,1.006076970701637,0.5,-0.00634580517553975,1.006076970701637
2022-01-05,-0.0265998887033945,0.5,-0.01329994435169725,0.9926962029777812,0.985076307934899,0.5,-0.01329994435169725,0.9926962029777812,0.5,-0.01329994435169725,0.9926962029777812,0.5,-0.01329994435169725,0.9926962029777812,0.5,-0.01329994435169725,0.9926962029777812
2022-01-06,-0.0166933455293848,0.5,-0.0083466727646924,0.984410492616773,0.968632088753731,0.5,-0.0083466727646924,0.984410492616773,0.5,-0.0083466727646924,0.984410492616773,0.5,-0.0083466727646924,0.984410492616773,0.5,-0.0083466727646924,0.984410492616773
2022-01-07,0.0009883720930232,0.5,0.0004941860465116,0.9848969745462638,0.969589457678662,0.5,0.0004941860465116,0.9848969745462638,0.5,0.0004941860465116,0.9848969745462638,0.5,0.0004941860465116,0.9848969745462638,0.5,0.0004941860465116,0.9848969745462638
2022-01-10,0.0001161642562583,-1.0,-0.0008661642562583001,0.9840438919908149,0.9697020893168892,-1.0,-0.0008661642562583001,0.9840438919908149,-1.0,-0.0008661642562583001,0.9840438919908149,-1.0,-0.0008661642562583001,0.9840438919908149,-1.0,-0.0008661642562583001,0.9840438919908149
2022-01-11,0.0167837853533887,0.5,0.00764189267669435,0.9915638498025653,0.9859773610407164,0.5,0.00764189267669435,0.9915638498025653,0.5,0.00764189267669435,0.9915638498025653,0.5,0.00764189267669435,0.9915638498025653,0.5,0.00764189267669435,0.9915638498025653
2022-01-12,0.0025702535983549,0.5,0.00128512679917745,0.9928381350790421,0.9885115729008278,0.5,0.00128512679917745,0.9928381350790421,0.5,0.00128512679917745,0.9928381350790421,0.5,0.00128512679917745,0.9928381350790421,0.5,0.00128512679917745,0.9928381350790421
2022-01-13,-0.0190280863670028,-1.0,0.0182780863670028,1.010985316260471,0.9697020893168891,-1.0,0.0182780863670028,1.010985316260471,-1.0,0.0182780863670028,1.010985316260471,-1.0,0.0182780863670028,1.010985316260471,-1.0,0.0182780863670028,1.010985316260471
2022-01-14,0.0051106336024158,-1.0,-0.0051106336024158,1.0058185407316411,0.9746578813988848,-1.0,-0.0051106336024158,1.0058185407316411,-1.0,-0.0051106336024158,1.0058185407316411,-1.0,-0.0051106336024158,1.0058185407316411,-1.0,-0.0051106336024158,1.0058185407316411
2022-01-18,-0.0188940890968971,-1.0,0.0188940890968971,1.0248225658555359,0.9562426085487413,-1.0,0.0188940890968971,1.0248225658555359,-1.0,0.0188940890968971,1.0248225658555359,-1.0,0.0188940890968971,1.0248225658555359,-1.0,0.0188940890968971,1.0248225658555359
2022-01-19,-0.0210247349823322,0.5,-0.011262367491166101,1.0132806375056311,0.93613786112519,0.5,-0.011262367491166101,1.0132806375056311,0.5,-0.011262367491166101,1.0132806375056311,0.5,-0.011262367491166101,1.0132806375056311,0.5,-0.011262367491166101,1.0132806375056311
2022-01-20,-0.0103471094266979,0.5,-0.00517355471334895,1.0080383746875188,0.9264515402376527,0.5,-0.00517355471334895,1.0080383746875188,0.5,-0.00517355471334895,1.0080383746875188,0.5,-0.00517355471334895,1.0080383746875188,0.5,-0.00517355471334895,1.0080383746875188
2022-01-21,-0.0127651814479362,0.5,-0.0063825907239681,1.0016044783078344,0.9146252182237992,0.5,-0.0063825907239681,1.0016044783078344,0.5,-0.0063825907239681,1.0016044783078344,0.5,-0.0063825907239681,1.0016044783078344,0.5,-0.0063825907239681,1.0016044783078344
2022-01-24,-0.0048642324979988,0.5,-0.0024321162489994,0.9991684597810713,0.9101762685138257,0.5,-0.0024321162489994,0.9991684597810713,0.5,-0.0024321162489994,0.9991684597810713,0.5,-0.0024321162489994,0.9991684597810713,0.5,-0.0024321162489994,0.9991684597810713
2022-01-25,-0.0113847296126716,0.5,-0.0056923648063358,0.9934808284050127,0.8998141577969254,0.5,-0.0056923648063358,0.9934808284050127,0.5,-0.0056923648063358,0.9934808284050127,0.5,-0.0056923648063358,0.9934808284050127,0.5,-0.0056923648063358,0.9934808284050127
2022-01-26,-0.0005632745024408,0.5,-0.0002816372512204,0.9932010271953605,0.8993073154249032,0.5,-0.0002816372512204,0.9932010271953605,0.5,-0.0002816372512204,0.9932010271953605,0.5,-0.0002816372512204,0.9932010271953605,0.5,-0.0002816372512204,0.9932010271953605
2022-01-27,-0.002943202454756,0.5,-0.001471601227378,0.9917394313447068,0.8966604719265646,0.5,-0.001471601227378,0.9917394313447068,0.5,-0.001471601227378,0.9917394313447068,0.5,-0.001471601227378,0.9917394313447068,0.5,-0.001471601227378,0.9917394313447068
2022-01-28,0.0697776661223466,0.5,0.0348888330611733,1.0263400628050754,0.9592273469617622,0.5,0.0348888330611733,1.0263400628050754,0.5,0.0348888330611733,1.0263400628050754,0.5,0.0348888330611733,1.0263400628050754,0.5,0.0348888330611733,1.0263400628050754
2022-01-31,0.0261257558856335,0.5,0.01306287794281675,1.039747017773321,0.9842878864673091,1.0,0.0258757558856335,1.0528973877258654,1.0,0.0258757558856335,1.0528973877258654,1.0,0.0258757558856335,1.0528973877258654,1.0,0.0258757558856335,1.0528973877258654
2022-02-01,-0.0009726513331044,0.5,-0.0004863256665522,1.0392413621118568,0.9833305175423782,0.5,-0.0007363256665522001,1.052122112355037,1.0,-0.0009726513331044,1.0518732856780717,0.5,-0.0007363256665522001,1.052122112355037,1.0,-0.0009726513331044,1.0518732856780717
2022-02-02,0.0070442700876238,0.5,0.0035221350438119,1.0429017105323297,0.9902573632933497,0.5,0.0035221350438119,1.0558278285173321,1.0,0.0070442700876238,1.0592829652003444,0.5,0.0035221350438119,1.0558278285173321,1.0,0.0070442700876238,1.0592829652003444
2022-02-03,-0.0167197452229299,0.5,-0.00835987261146495,1.0341831850860006,0.9737005124739546,0.5,-0.00835987261146495,1.0470012423712876,0.5,-0.008609872611464951,1.0501626738104746,0.5,-0.00835987261146495,1.0470012423712876,0.5,-0.008609872611464951,1.0501626738104746
2022-02-04,-0.0029496818970504,0.5,-0.0014748409485252,1.0326579293763596,0.9708284056991615,0.5,-0.0014748409485252,1.0454570820658815,0.5,-0.0014748409485252,1.0486138508965261,0.5,-0.0014748409485252,1.0454570820658815,0.5,-0.0014748409485252,1.0486138508965261
2022-02-07,-0.0042345843726433,1.0,-0.0044845843726433006,1.0280268877639922,0.9667173509038696,1.0,-0.0044845843726433006,1.0407686415733797,1.0,-0.0044845843726433006,1.0439112536078583,1.0,-0.0044845843726433006,1.0407686415733797,1.0,-0.0044845843726433006,1.0439112536078583
2022-02-08,0.0184667365722941,0.5,0.008983368286147049,1.0372620319048378,0.9845694655628774,0.5,0.008983368286147049,1.0501182495813064,0.5,0.008983368286147049,1.0532890928570713,0.5,0.008983368286147049,1.0501182495813064,0.5,0.008983368286147049,1.0532890928570713
2022-02-09,0.0082937710919177,0.5,0.00414688554595885,1.0415634388323158,0.9927352593343477,0.5,0.00414688554595885,1.0544729697720427,0.5,0.00414688554595885,1.0576569621719563,0.5,0.00414688554595885,1.0544729697720427,0.5,0.00414688554595885,1.0576569621719563
2022-02-10,-0.023598820058997,0.5,-0.0117994100294985,1.0292736047457989,0.9693078785830946,0.5,-0.0117994100294985,1.0420308108366794,0.5,-0.0117994100294985,1.0451772340047356,0.5,-0.0117994100294985,1.0420308108366794,0.5,-0.0117994100294985,1.0451772340047356
2022-02-11,-0.0202184522426215,0.5,-0.01010922612131075,1.018868445134727,0.9497099735315655,0.5,-0.01010922612131075,1.0314966857445587,0.5,-0.01010922612131075,1.0346113010093356,0.5,-0.01010922612131075,1.0314966857445587,0.5,-0.01010922612131075,1.0346113010093356
2022-02-14,0.0014231499051233,0.5,0.00071157495256165,1.0195934464002403,0.9510615531902916,0.5,0.00071157495256165,1.032230672949785,0.5,0.00071157495256165,1.035347504496771,0.5,0.00071157495256165,1.032230672949785,0.5,0.00071157495256165,1.035347504496771
2022-02-15,0.0231525343439127,0.5,0.01157626717195635,1.0313965325425452,0.9730810384637049,0.5,0.01157626717195635,1.04418005100294,0.5,0.01157626717195635,1.047332963824644,0.5,0.01157626717195635,1.04418005100294,0.5,0.01157626717195635,1.047332963824644
2022-02-16,-0.0013889692690548,0.5,-0.0006944846345274,1.0306802434985896,0.9717294588049787,0.5,-0.0006944846345274,1.0434548840018385,0.5,-0.0006944846345274,1.0466056071740337,0.5,-0.0006944846345274,1.0434548840018385,0.5,-0.0006944846345274,1.0466056071740337
2022-02-17,-0.0212691973341061,0.5,-0.01063459866705305,1.0197193727549214,0.9510615531902915,0.5,-0.01063459866705305,1.0323581600833025,0.5,-0.01063459866705305,1.0354753765790505,0.5,-0.01063459866705305,1.0323581600833025,0.5,-0.01063459866705305,1.0354753765790505
2022-02-18,-0.0093557555660823,-1.0,0.008605755566082299,1.028494828422849,0.9421636537703446,-1.0,0.008605755566082299,1.0412423820656298,-1.0,0.008605755566082299,1.0443864245645869,-1.0,0.008605755566082299,1.0412423820656298,-1.0,0.008605755566082299,1.0443864245645869
2022-02-22,-0.0178123132098028,0.5,-0.0096561566049014,1.0185635212922668,0.925381539674495,0.5,-0.0096561566049014,1.0311879825607435,0.5,-0.0096561566049014,1.0343016656929582,0.5,-0.0096561566049014,1.0311879825607435,0.5,-0.0096561566049014,1.0343016656929582
2022-02-23,-0.0258641674780915,0.5,-0.01293208373904575,1.005391372541378,0.9014473165512197,0.5,-0.01293208373904575,1.0178525732195702,0.5,-0.01293208373904575,1.0209259899407823,0.5,-0.01293208373904575,1.0178525732195702,0.5,-0.01293208373904575,1.0209259899407823
2022-02-24,0.0166802024114451,0.5,0.00834010120572255,1.0137764383397332,0.9164836402545481,0.5,0.00834010120572255,1.0263415666927265,0.5,0.00834010120572255,1.0294406160204408,0.5,0.00834010120572255,1.0263415666927265,0.5,0.00834010120572255,1.0294406160204408
2022-02-25,0.0129654663881035,0.5,0.00648273319405175,1.0203484805079057,0.9283662780875153,0.5,0.00648273319405175,1.0329950652355606,0.5,0.00648273319405175,1.0361142048732217,0.5,0.00648273319405175,1.0329950652355606,0.5,0.00648273319405175,1.0361142048732217
2022-02-28,0.0016378525932667,0.5,0.00081892629663335,1.0211840707103235,0.9298868052035824,0.5,0.00081892629663335,1.0338410120587744,0.5,0.00081892629663335,1.0369627060419078,0.5,0.00081892629663335,1.0338410120587744,0.5,0.00081892629663335,1.0369627060419078
2022-03-01,-0.0116279069767443,-1.0,0.0108779069767443,1.0322924160376434,0.9190741679337732,-1.0,0.0108779069767443,1.045087038416693,-1.0,0.0108779069767443,1.0482426898965849,-1.0,0.0108779069767443,1.045087038416693,-1.0,0.0108779069767443,1.0482426898965849
2022-03-02,0.0205882352941177,-1.0,-0.0205882352941177,1.0110393368839272,0.9379962831559392,-1.0,-0.0205882352941177,1.0235705405669375,-1.0,-0.0205882352941177,1.0266612227516552,-1.0,-0.0205882352941177,1.0235705405669375,-1.0,-0.0205882352941177,1.0266612227516552
2022-03-03,-0.0019812680115274,-1.0,0.0019812680115274,1.0130424767804913,0.9361378611251907,-1.0,0.0019812680115274,1.0255985081365047,-1.0,0.0019812680115274,1.0286953137909687,-1.0,0.0019812680115274,1.0255985081365047,-1.0,0.0019812680115274,1.0286953137909687
2022-03-04,-0.018408229561451,0.5,-0.0099541147807255,1.002958535688868,0.9189052204764324,0.5,-0.0099541147807255,1.015389582867573,0.5,-0.0099541147807255,1.0184555625630989,0.5,-0.0099541147807255,1.015389582867573,0.5,-0.0099541147807255,1.0184555625630989
2022-03-07,-0.0237175951461664,0.5,-0.0118587975730832,0.9910646534399378,0.8971109984794736,0.5,-0.0118587975730832,1.003348283346529,0.5,-0.0118587975730832,1.0063779042094825,0.5,-0.0118587975730832,1.003348283346529,0.5,-0.0118587975730832,1.0063779042094825
2022-03-08,-0.0116760828625236,0.5,-0.0058380414312618,0.9852787769320963,0.8866362561243459,0.5,-0.0058380414312618,0.9974906944983666,0.5,-0.0058380414312618,1.0005026283092011,0.5,-0.0058380414312618,0.9974906944983666,0.5,-0.0058380414312618,1.0005026283092011
2022-03-09,0.0349974593495934,0.5,0.0174987296747967,1.0025199039039452,0.9176662724559335,0.5,0.0174987296747967,1.0149455145145185,0.5,0.0174987296747967,1.0180101533409074,0.5,0.0174987296747967,1.0149455145145185,0.5,0.0174987296747967,1.0180101533409074
2022-03-10,-0.027186253451979,-1.0,0.026436253451979,1.0290227741742035,0.8927183645886136,-1.0,0.026436253451979,1.0417768713761737,-1.0,0.026436253451979,1.0449225277713157,-1.0,0.026436253451979,1.0417768713761737,-1.0,0.026436253451979,1.0449225277713157
2022-03-11,-0.0239086550592986,-1.0,0.0239086550592986,1.053625324730097,0.8713746691445633,-1.0,0.0239086550592986,1.066684355242662,-1.0,0.0239086550592986,1.0699052200514905,-1.0,0.0239086550592986,1.066684355242662,-1.0,0.0239086550592986,1.0699052200514905
2022-03-14,-0.0265623990176435,-1.0,0.0265623990176435,1.0816121410206723,0.8482288674888784,-1.0,0.0265623990176435,1.0950180507124954,-1.0,0.0265623990176435,1.098324469417558,-1.0,0.0265623990176435,1.0950180507124954,-1.0,0.0265623990176435,1.098324469417558
2022-03-15,0.0296773336874252,-1.0,-0.0296773336874252,1.0495127765912313,0.8734020386326526,-1.0,-0.0296773336874252,1.0625208346277468,-1.0,-0.0296773336874252,1.065729127641589,-1.0,-0.0296773336874252,1.0625208346277468,-1.0,-0.0296773336874252,1.065729127641589
2022-03-16,0.0290154104068605,0.5,0.013757705203430249,1.0639516639788071,0.8987441572337677,0.5,0.013757705203430249,1.077138683043058,0.5,0.013757705203430249,1.080391114806391,0.5,0.013757705203430249,1.077138683043058,0.5,0.013757705203430249,1.080391114806391
2022-03-17,0.0064540384735884,-1.0,-0.0072040384735884,1.0562869152574654,0.9045446866024672,-1.0,-0.0072040384735884,1.0693789345290254,-1.0,-0.0072040384735884,1.0726079356488025,-1.0,-0.0072040384735884,1.0693789345290254,-1.0,-0.0072040384735884,1.0726079356488025
2022-03-18,0.020918939110945,0.5,0.0097094695554725,1.0665429009030016,0.923466801824633,0.5,0.0097094695554725,1.0797620367370986,0.5,0.0097094695554725,1.0830223897449427,0.5,0.0097094695554725,1.0797620367370986,0.5,0.0097094695554725,1.0830223897449427
2022-03-21,0.008537626539822,0.5,0.004268813269911,1.0710957733913056,0.9313510165005356,0.5,0.004268813269911,1.084371339247868,0.5,0.004268813269911,1.0876456100938965,0.5,0.004268813269911,1.084371339247868,0.5,0.004268813269911,1.0876456100938965
2022-03-22,0.0208005804813158,0.5,0.0104002902406579,1.082235480310117,0.9507236582756103,0.5,0.0104002902406579,1.0956491159046968,0.5,0.0104002902406579,1.0989574401178506,0.5,0.0104002902406579,1.0956491159046968,0.5,0.0104002902406579,1.0989574401178506
2022-03-23,0.0082336216088141,1.0,0.0079836216088141,1.0908756388765461,0.9585515571323993,1.0,0.0079836216088141,1.1043963638621115,1.0,0.0079836216088141,1.1077311004839425,1.0,0.0079836216088141,1.1043963638621115,1.0,0.0079836216088141,1.1077311004839425
2022-03-24,0.0226778685153632,0.5,0.0110889342576816,1.1029722871193546,0.9802894633102445,0.5,0.0110889342576816,1.1166429425354012,0.5,0.0110889342576816,1.1200146578323984,0.5,0.0110889342576816,1.1166429425354012,0.5,0.0110889342576816,1.1200146578323984
2022-03-25,0.0037341299477222,0.5,0.0018670649738611,1.1050316080437745,0.9839499915526279,0.5,0.0018670649738611,1.118727787461718,0.5,0.0018670649738611,1.1221057979702482,0.5,0.0018670649738611,1.118727787461718,0.5,0.0018670649738611,1.1221057979702482
2022-03-28,0.00503663003663,0.5,0.002518315018315,1.107814425738024,0.9889057836346237,0.5,0.002518315018315,1.1215450964502893,0.5,0.002518315018315,1.1249316138534151,0.5,0.002518315018315,1.1215450964502893,0.5,0.002518315018315,1.1249316138534151
2022-03-29,0.0191343963553531,0.5,0.00956719817767655,1.1184131058931488,1.0078278988567897,0.5,0.00956719817767655,1.1322751406532308,0.5,0.00956719817767655,1.1356940575394843,0.5,0.00956719817767655,1.1322751406532308,0.5,0.00956719817767655,1.1356940575394843
2022-03-30,-0.0066495306213678,0.5,-0.0033247653106839,1.114694644795661,1.0011263163822728,0.5,-0.0033247653106839,1.128510591543437,0.5,-0.0033247653106839,1.1319181413334272,0.5,-0.0033247653106839,1.128510591543437,0.5,-0.0033247653106839,1.1319181413334272
2022-03-31,-0.0177757776902739,0.5,-0.00888788884513695,1.1047873626964477,0.9833305175423787,0.5,-0.00888788884513695,1.1184805148452392,0.5,-0.00888788884513695,1.1218577787114616,0.5,-0.00888788884513695,1.1184805148452392,0.5,-0.00888788884513695,1.1218577787114616
2022-04-01,-0.001718114655518,0.5,-0.000859057327759,1.1038382870169077,0.981641042968971,0.5,-0.000859057327759,1.1175196759630057,0.5,-0.000859057327759,1.120894038565956,0.5,-0.000859057327759,1.1175196759630057,0.5,-0.000859057327759,1.120894038565956
2022-04-04,0.0236934197693763,0.5,0.01184670988468815,1.116915138962808,1.0048994762628833,0.5,0.01184670988468815,1.1307586073545701,0.5,0.01184670988468815,1.1341729450523235,0.5,0.01184670988468815,1.1307586073545701,0.5,0.01184670988468815,1.1341729450523235
2022-04-05,-0.0189419412687738,1.0,-0.0191919412687738,1.0954793692136295,0.9858647294024903,1.0,-0.0191919412687738,1.1090571545730608,1.0,-0.0191919412687738,1.112405964502247,1.0,-0.0191919412687738,1.1090571545730608,1.0,-0.0191919412687738,1.112405964502247
2022-04-06,-0.0184508168627898,0.5,-0.0094754084313949,1.0850992547621634,0.967674719828801,0.5,-0.0094754084313949,1.0985483850597202,0.5,-0.0094754084313949,1.1018654636470684,0.5,-0.0094754084313949,1.0985483850597202,0.5,-0.0094754084313949,1.1018654636470684
2022-04-07,0.001804108712099,0.5,0.0009020543560495,1.0860780732716675,0.9694205102213221,0.5,0.0009020543560495,1.0995393354157943,0.5,0.0009020543560495,1.1028594061883317,0.5,0.0009020543560495,1.0995393354157943,0.5,0.0009020543560495,1.1028594061883317
2022-04-08,-0.0119089113512256,1.0,-0.0121589113512256,1.0728725462582474,0.9578757673030365,1.0,-0.0121589113512256,1.0861701341092882,1.0,-0.0121589113512256,1.0894498364356224,1.0,-0.0121589113512256,1.0861701341092882,1.0,-0.0121589113512256,1.0894498364356224
2022-04-11,-0.0255159033452878,0.5,-0.013007951672643901,1.0589166720256136,0.9334347018077389,0.5,-0.013007951672643901,1.0720412854965253,0.5,-0.013007951672643901,1.0752783256134981,0.5,-0.013007951672643901,1.0720412854965253,0.5,-0.013007951672643901,1.0752783256134981
2022-04-12,0.0115233785822019,0.5,0.00576168929110095,1.0650178208749919,0.9441910232584343,0.5,0.00576168929110095,1.0782180542907889,0.5,0.00576168929110095,1.0814737452271383,0.5,0.00576168929110095,1.0782180542907889,0.5,0.00576168929110095,1.0814737452271383
2022-04-13,0.0163425981152331,0.5,0.00817129905761655,1.0737203999910525,0.9596215576955577,0.5,0.00817129905761655,1.0870284964617205,0.5,0.00817129905761655,1.09031079062235,0.5,0.00817129905761655,1.0870284964617205,0.5,0.00817129905761655,1.09031079062235
2022-04-14,-0.0299882629107981,0.5,-0.01499413145539905,1.057620895167243,0.9308441741285136,0.5,-0.01499413145539905,1.0707294482900087,0.5,-0.01499413145539905,1.0739625273005182,0.5,-0.01499413145539905,1.0707294482900087,0.5,-0.01499413145539905,1.0739625273005182
2022-04-18,-0.0013309940105269,0.5,-0.00066549700526345,1.0569170516288051,0.9296052261080147,0.5,-0.00066549700526345,1.0700168810487243,0.5,-0.00066549700526345,1.0732478084548347,0.5,-0.00066549700526345,1.0700168810487243,0.5,-0.00066549700526345,1.0732478084548347
2022-04-19,0.0141152238444297,0.5,0.00705761192221485,1.0643763620131728,0.942726811961481,0.5,0.00705761192221485,1.0775686449453847,0.5,0.00705761192221485,1.0808223749832764,0.5,0.00705761192221485,1.0775686449453847,0.5,0.00705761192221485,1.0808223749832764
2022-04-20,-0.001015531660693,-1.0,0.00026553166069299993,1.0646589876361805,0.94176944303655,-1.0,0.00026553166069299993,1.0778547735371877,-1.0,0.00026553166069299993,1.0811093675434198,-1.0,0.00026553166069299993,1.0778547735371877,-1.0,0.00026553166069299993,1.0811093675434198
2022-04-21,-0.0048436285355498,-1.0,0.0048436285355498,1.0698158002893245,0.9372078616883494,-1.0,0.0048436285355498,1.083075501675471,-1.0,0.0048436285355498,1.0863458597261033,-1.0,0.0048436285355498,1.083075501675471,-1.0,0.0048436285355498,1.0863458597261033
2022-04-22,-0.0278211753395024,-1.0,0.0278211753395024,1.0995793332501438,0.9111336374387577,-1.0,0.0278211753395024,1.1132079351135038,-1.0,0.0278211753395024,1.1165692783688856,-1.0,0.0278211753395024,1.1132079351135038,-1.0,0.0278211753395024,1.1165692783688856
2022-04-25,0.0067371283762902,0.5,0.0026185641881450996,1.102458652314217,0.9172720617221389,0.5,0.0026185641881450996,1.116122941546351,0.5,0.0026185641881450996,1.1194930866948054,0.5,0.0026185641881450996,1.116122941546351,0.5,0.0026185641881450996,1.1194930866948054
2022-04-26,-0.0373280943025539,0.5,-0.01866404715127695,1.0818823120450913,0.8830320437010769,0.5,-0.01866404715127695,1.095291570338708,0.5,-0.01866404715127695,1.098598814939205,0.5,-0.01866404715127695,1.095291570338708,0.5,-0.01866404715127695,1.098598814939205
2022-04-27,-0.0014668367346939,0.5,-0.00073341836734695,1.0810888396861296,0.8817367798614643,0.5,-0.00073341836734695,1.0944882633834214,0.5,-0.00073341836734695,1.0977930823899829,0.5,-0.00073341836734695,1.0944882633834214,0.5,-0.00073341836734695,1.0977930823899829
2022-04-28,0.0451555214919843,0.5,0.02257776074599215,1.1054974048537252,0.9215520639747716,0.5,0.02257776074599215,1.1191993575333887,0.5,0.02257776074599215,1.122578791952789,0.5,0.02257776074599215,1.1191993575333887,0.5,0.02257776074599215,1.122578791952789
2022-04-29,-0.0366047421168417,0.5,-0.01830237105842085,1.0852641811459711,0.8878188883257319,0.5,-0.01830237105842085,1.0987153556034666,0.5,-0.01830237105842085,1.1020329383601553,0.5,-0.01830237105842085,1.0987153556034666,0.5,-0.01830237105842085,1.1020329383601553
2022-05-02,0.0019663812242309,-1.0,-0.0027163812242309,1.082316189900976,0.8895646787182532,-1.0,-0.0027163812242309,1.0957308258407312,-1.0,-0.0027163812242309,1.0990393967779097,-1.0,-0.0027163812242309,1.0957308258407312,-1.0,-0.0027163812242309,1.0990393967779097
2022-05-03,0.0096226892884272,0.5,0.004061344644213601,1.086711848962176,0.8981246832235186,0.5,0.004061344644213601,1.1001809663617594,1.0,0.008622689288427202,1.1085160720120661,0.5,0.004061344644213601,1.1001809663617594,0.5,0.004061344644213601,1.1035029745457936
2022-05-04,0.0410082768999249,0.5,0.02050413844996245,1.1089939391685113,0.934955228923806,0.5,0.02050413844996245,1.1227392292160545,1.0,0.0410082768999249,1.153974406041154,0.5,0.02050413844996245,1.1227392292160545,0.5,0.02050413844996245,1.126129352315826
2022-05-05,-0.0557161787736417,0.5,-0.02785808938682085,1.0780994868817124,0.8828630962437362,0.5,-0.02785808938682085,1.0914618594104633,0.5,-0.02810808938682085,1.1215383902860458,0.5,-0.02785808938682085,1.0914618594104633,0.5,-0.02785808938682085,1.094757540157889
2022-05-06,0.0032531734387957,0.5,0.00162658671939785,1.0798531091892638,0.8857352030185293,0.5,0.00162658671939785,1.0932372167757096,0.5,0.00162658671939785,1.12336266973698,0.5,0.00162658671939785,1.0932372167757096,0.5,0.00162658671939785,1.0965382582336705
2022-05-09,-0.0331892166836215,0.5,-0.01659460834181075,1.0619333697755815,0.8563383454412358,0.5,-0.01659460834181075,1.0750953733386255,0.5,-0.01659460834181075,1.1047209062068841,0.5,-0.01659460834181075,1.0750953733386255,0.5,-0.01659460834181075,1.0783416353064714
2022-05-10,0.0161120610285412,0.5,0.0080560305142706,1.0704883374066156,0.870135721124065,0.5,0.0080560305142706,1.0837563744719925,0.5,0.0080560305142706,1.1136205715370393,0.5,0.0080560305142706,1.0837563744719925,0.5,0.0080560305142706,1.0870287884253087
2022-05-11,-0.0518413047699177,0.5,-0.02592065238495885,1.0427405813305461,0.8250267500140803,0.5,-0.02592065238495885,1.0556647022193206,0.5,-0.02592065238495885,1.0847547998134885,0.5,-0.02592065238495885,1.0556647022193206,0.5,-0.02592065238495885,1.0588522930680933
2022-05-12,-0.0268941979522183,0.5,-0.01344709897610915,1.0287187455269886,0.8028383172833263,0.5,-0.01344709897610915,1.0414690744829926,0.5,-0.01344709897610915,1.070167994655587,0.5,-0.01344709897610915,1.0414690744829926,0.5,-0.01344709897610915,1.0446138014821265
2022-05-13,0.0319163860830529,0.5,0.01595819304152645,1.0451352378535452,0.8284620149800095,0.5,0.01595819304152645,1.058089039020372,0.5,0.01595819304152645,1.0872459421011642,0.5,0.01595819304152645,1.058089039020372,0.5,0.01595819304152645,1.061283950180021
2022-05-16,-0.0106722860444566,0.5,-0.0053361430222283,1.039558246746788,0.819620431379176,0.5,-0.0053361430222283,1.0524429245779072,0.5,-0.0053361430222283,1.0814442422537751,0.5,-0.0053361430222283,1.0524429245779072,0.5,-0.0053361430222283,1.055620787234665
2022-05-17,0.025422564243507,0.5,0.0127112821217535,1.052772364903182,0.840457284451204,0.5,0.0127112821217535,1.0658208235092603,0.5,0.0127112821217535,1.0951907851160088,0.5,0.0127112821217535,1.0658208235092603,0.5,0.0127112821217535,1.0690390808747923
2022-05-18,-0.0564191905655321,0.5,-0.02820959528276605,1.0230740825643827,0.7930393647575619,0.5,-0.02820959528276605,1.0357544494341198,0.5,-0.02820959528276605,1.0642958963104714,0.5,-0.02820959528276605,1.0357544494341198,0.5,-0.02820959528276605,1.0388819210618543
2022-05-19,-0.0246413861667377,-1.0,0.0238913861667377,1.0475167405481094,0.7734977755251464,-1.0,0.0238913861667377,1.0605000589594673,-1.0,0.0238913861667377,1.0897234005648992,-1.0,0.0238913861667377,1.0605000589594673,-1.0,0.0238913861667377,1.0637022502195854
2022-05-20,0.0017473607571896,0.5,0.00012368037859479997,1.0476462978151648,0.7748493551838725,0.5,0.00012368037859479997,1.0606312220082592,0.5,0.00012368037859479997,1.0898581779676448,0.5,0.00012368037859479997,1.0606312220082592,0.5,0.00012368037859479997,1.0638338093166049
2022-05-23,0.0401191947089178,0.5,0.0200595973544589,1.0686616607192265,0.8059356873345738,0.5,0.0200595973544589,1.0819070572633125,0.5,0.0200595973544589,1.11172029419114,0.5,0.0200595973544589,1.0819070572633125,0.5,0.0200595973544589,1.0851738871835561
2022-05-24,-0.0192159877017679,0.5,-0.00960799385088395,1.0583939660543609,0.7904488370783367,0.5,-0.00960799385088395,1.0715121009098987,0.5,-0.00960799385088395,1.1010388924406485,0.5,-0.00960799385088395,1.0715121009098987,0.5,-0.00960799385088395,1.0747475431483566
2022-05-25,0.0011399259048161,0.5,0.00056996295240805,1.058997211404064,0.7913498901841541,0.5,0.00056996295240805,1.0721228231104742,0.5,0.00056996295240805,1.1016664438185,0.5,0.00056996295240805,1.0721228231104742,0.5,0.00056996295240805,1.0753601094311427
2022-05-26,0.0231995445488186,0.5,0.0115997722744093,1.0712813378955854,0.8097088472151842,0.5,0.0115997722744093,1.0845592037087524,0.5,0.0115997722744093,1.1144455236891528,0.5,0.0115997722744093,1.0845592037087524,0.5,0.0115997722744093,1.0878340418135277
2022-05-27,0.0407567116427873,1.0,0.040506711642787296,1.1146754221380213,0.8427099172157473,1.0,0.040506711642787296,1.1284911306329137,1.0,0.040506711642787296,1.1595880471588245,1.0,0.040506711642787296,1.1284911306329137,1.0,0.040506711642787296,1.131898621660476
2022-05-31,-0.0053461641272385,0.5,-0.00292308206361925,1.1114171344048125,0.8382046516866603,0.5,-0.00292308206361925,1.1251924584500073,0.5,-0.00292308206361925,1.1561984761369872,0.5,-0.00292308206361925,1.1251924584500073,0.5,-0.00292308206361925,1.128589989101665
2022-06-01,-0.0008734211233538,1.0,-0.0011234211233538001,1.1101685449191647,0.8374725460381838,1.0,-0.0011234211233538001,1.123928393474346,1.0,-0.0011234211233538001,1.1548995783461053,1.0,-0.0011234211233538001,1.123928393474346,1.0,-0.0011234211233538001,1.1273221072683026
2022-06-02,0.0168112433595588,0.5,0.0081556216797794,1.1192226595723165,0.851551500816581,0.5,0.0081556216797794,1.133094728246685,0.5,0.0081556216797794,1.164318502385233,0.5,0.0081556216797794,1.133094728246685,0.5,0.0081556216797794,1.1365161198864344
2022-06-03,-0.0385556510812777,1.0,-0.0388056510812777,1.0757904955626933,0.8187193782733586,1.0,-0.0388056510812777,1.0891242495803088,1.0,-0.0388056510812777,1.1191363648341957,1.0,-0.0388056510812777,1.0891242495803088,1.0,-0.0388056510812777,1.0924128718898738
2022-06-06,0.0052276791855825,0.5,0.0023638395927912496,1.078333491729653,0.8229993805259913,0.5,0.0023638395927912496,1.0916987646029357,0.5,0.0023638395927912496,1.1217818236831232,0.5,0.0023638395927912496,1.0916987646029357,0.5,0.0023638395927912496,1.0949951606881219
2022-06-07,0.0175858765567265,0.5,0.00879293827836325,1.0878152115659236,0.8374725460381838,0.5,0.00879293827836325,1.1012980044586547,0.5,0.00879293827836325,1.1316455820205584,0.5,0.00879293827836325,1.1012980044586547,0.5,0.00879293827836325,1.104623385551159
2022-06-08,-0.0050433730078676,0.5,-0.0025216865039338,1.085072082628144,0.8332488596046647,0.5,-0.0025216865039338,1.098520876144002,0.5,-0.0025216865039338,1.1287919266291409,0.5,-0.0025216865039338,1.098520876144002,0.5,-0.0025216865039338,1.101837871667885
2022-06-09,-0.0359556636928901,0.5,-0.01797783184644505,1.0655648391853831,0.8032888438362352,0.5,-0.01797783184644505,1.0787718525528756,0.5,-0.01797783184644505,1.1084986951825775,0.5,-0.01797783184644505,1.0787718525528756,0.5,-0.01797783184644505,1.0820292156889948
2022-06-10,-0.0386287156477845,0.5,-0.01931435782389225,1.0449841385967984,0.7722588275046477,0.5,-0.01931435782389225,1.0579360669823261,0.5,-0.01931435782389225,1.0870887547365036,0.5,-0.01931435782389225,1.0579360669823261,0.5,-0.01931435782389225,1.061130516241272
2022-06-13,-0.0382848392036753,0.5,-0.01914241960183765,1.0249806137385136,0.7426930224700135,0.5,-0.01914241960183765,1.0376846108762328,0.5,-0.01914241960183765,1.0662792456488983,0.5,-0.01914241960183765,1.0376846108762328,0.5,-0.01914241960183765,1.0408179106470672
2022-06-14,0.0066727327873823,0.5,0.00333636639369115,1.0284003246123756,0.7476488145520092,0.5,0.00333636639369115,1.0411467069392106,0.5,0.00333636639369115,1.0698367438903718,0.5,0.00333636639369115,1.0411467069392106,0.5,0.00333636639369115,1.0442904605461019
2022-06-15,0.0201114793612535,0.5,0.01005573968062675,1.0387416505641496,0.7626851382553376,0.5,0.01005573968062675,1.051616207193533,0.5,0.01005573968062675,1.0805947436877026,0.5,0.01005573968062675,1.051616207193533,0.5,0.01005573968062675,1.054791573568315
2022-06-16,-0.0396514804696153,0.5,-0.01982574023480765,1.0181478284289893,0.7324435433913402,0.5,-0.01982574023480765,1.0307671374430005,0.5,-0.01982574023480765,1.0591711530002517,0.5,-0.01982574023480765,1.0307671374430005,0.5,-0.01982574023480765,1.0338795498288857
2022-06-17,0.0115331385514378,0.5,0.0057665692757189,1.024019048414548,0.7408909162583787,0.5,0.0057665692757189,1.0367111275482002,0.5,0.0057665692757189,1.0652789368288706,0.5,0.0057665692757189,1.0367111275482002,0.5,0.0057665692757189,1.0398414878757232
2022-06-21,0.0327607175433262,0.5,0.0163803587716631,1.0407928478165953,0.7651630342963356,0.5,0.0163803587716631,1.053692827760015,0.5,0.0163803587716631,1.0827285880060233,0.5,0.0163803587716631,1.053692827760015,0.5,0.0163803587716631,1.0568744645127874
2022-06-22,-0.0038271877529992,-1.0,0.0030771877529991998,1.0439955628213056,0.762234611702429,-1.0,0.0030771877529991998,1.0569352384250212,-1.0,0.0030771877529991998,1.0860603471568575,-1.0,0.0030771877529991998,1.0569352384250212,-1.0,0.0030771877529991998,1.0601266656714436
2022-06-23,0.0215736978204654,0.5,0.0100368489102327,1.0544739885482963,0.778678830883597,0.5,0.0100368489102327,1.0675435377209939,0.5,0.0100368489102327,1.0969609707686658,0.5,0.0100368489102327,1.0675435377209939,0.5,0.0100368489102327,1.0707669968404967
2022-06-24,0.0245172488609242,0.5,0.0122586244304621,1.0674003891456012,0.7977698935631037,0.5,0.0122586244304621,1.0806301530130824,0.5,0.0122586244304621,1.110408203324194,0.5,0.0122586244304621,1.0806301530130824,0.5,0.0122586244304621,1.0838931273072983
2022-06-27,0.0,0.5,0.0,1.0674003891456012,0.7977698935631037,0.5,0.0,1.0806301530130824,0.5,0.0,1.110408203324194,0.5,0.0,1.0806301530130824,0.5,0.0,1.0838931273072983
2022-06-28,-0.0297896371593957,0.5,-0.01489481857969785,1.0515016539973785,0.774004617897169,0.5,-0.01489481857969785,1.0645343629322015,0.5,-0.01489481857969785,1.093868874586272,0.5,-0.01489481857969785,1.0645343629322015,0.5,-0.01489481857969785,1.0677487358162747
2022-06-29,0.0130238649592548,0.5,0.0065119324796274,1.058348961770426,0.7840851495185014,0.5,0.0065119324796274,1.0714665388258593,0.5,0.0065119324796274,1.1009920748391437,0.5,0.0065119324796274,1.0714665388258593,0.5,0.0065119324796274,1.0747018434891178
2022-06-30,-0.0180277239100767,0.5,-0.00901386195503835,1.0488091503287693,0.7699498789209906,0.5,-0.00901386195503835,1.0618084873554403,0.5,-0.00901386195503835,1.0910678842629524,0.5,-0.00901386195503835,1.0618084873554403,0.5,-0.00901386195503835,1.0650146294290816
2022-07-01,0.0161644236395552,0.5,0.0080822118197776,1.0572858480402474,0.7823956749450939,0.5,0.0080822118197776,1.0703902484622847,0.5,0.0080822118197776,1.0998861260133221,0.5,0.0080822118197776,1.0703902484622847,0.5,0.0080822118197776,1.0736223032552894
2022-07-05,0.0189303966026055,1.0,0.0186803966026055,1.0770363670039613,0.7972067353719677,1.0,0.0186803966026055,1.0903855628231216,1.0,0.0186803966026055,1.1204324350649544,1.0,0.0186803966026055,1.0903855628231216,1.0,0.0186803966026055,1.0936779936815009
2022-07-06,0.0096072336818309,0.5,0.00455361684091545,1.081940777943029,0.8048656867714158,0.5,0.00455361684091545,1.095350760885084,0.5,0.00455361684091545,1.125534455070374,0.5,0.00455361684091545,1.095350760885084,0.5,0.00455361684091545,1.0986581842120675
2022-07-07,0.0239994402462917,1.0,0.0237494402462917,1.1076362657988132,0.8241820127273769,1.0,0.0237494402462917,1.1213647283294546,1.0,0.0237494402462917,1.1522652683562105,1.0,0.0237494402462917,1.1213647283294546,1.0,0.0237494402462917,1.1247507011091114
2022-07-08,0.0047147249743764,0.5,0.0021073624871882,1.1099704569148068,0.8280678042462145,0.5,0.0021073624871882,1.123727850292392,0.5,0.0021073624871882,1.1546935089580341,0.5,0.0021073624871882,1.123727850292392,0.5,0.0021073624871882,1.1271209585440671
2022-07-11,-0.0147578890097931,0.5,-0.00737894450489655,1.1017800465111578,0.8158472714985657,0.5,-0.00737894450489655,1.1154359248464778,0.5,-0.00737894450489655,1.1461730896352686,0.5,-0.00737894450489655,1.1154359248464778,0.5,-0.00737894450489655,1.1188039955406648
2022-07-12,0.0068337129840547,0.5,0.00341685649202735,1.1055446708158656,0.8214225375908112,0.5,0.00341685649202735,1.1192472093277301,0.5,0.00341685649202735,1.150089398597576,0.5,0.00341685649202735,1.1192472093277301,0.5,0.00341685649202735,1.122626788236134
2022-07-13,-0.0025366790072672,1.0,-0.0027866790072672,1.102463872690107,0.8193388522836085,1.0,-0.0027866790072672,1.116128226625554,1.0,-0.0027866790072672,1.1468844686140236,1.0,-0.0027866790072672,1.116128226625554,1.0,-0.0027866790072672,1.1194983877323608
2022-07-14,0.0204825073888239,0.5,0.00999125369441195,1.113478868931078,0.836120966379458,0.5,0.00999125369441195,1.1272797468932643,0.5,0.00999125369441195,1.1583432822981272,0.5,0.00999125369441195,1.1272797468932643,0.5,0.00999125369441195,1.13068358013468
2022-07-15,0.011450124604297,1.0,0.011200124604297,1.1259499710073577,0.8456946556287681,1.0,0.011200124604297,1.139905420522369,1.0,0.011200124604297,1.1713168713944166,1.0,0.011200124604297,1.139905420522369,1.0,0.011200124604297,1.143347377120221
2022-07-18,-0.020643270959579,0.5,-0.010571635479789501,1.1140468383453885,0.8282367517035556,0.5,-0.010571635479789501,1.1278547559351706,0.5,-0.010571635479789501,1.1589341363987073,0.5,-0.010571635479789501,1.1278547559351706,0.5,-0.010571635479789501,1.1312603254225326
2022-07-19,0.0267219691303461,0.5,0.01336098456517305,1.128931600957401,0.8503688686151962,0.5,0.01336098456517305,1.1429240059209773,0.5,0.01336098456517305,1.1744186375071826,0.5,0.01336098456517305,1.1429240059209773,0.5,0.01336098456517305,1.1463750771696957
2022-07-20,0.0135099337748343,1.0,0.013259933774834299,1.1439011592224138,0.8618572957143683,1.0,0.013259933774834299,1.1580791025491577,1.0,0.013259933774834299,1.1899913508644588,1.0,0.013259933774834299,1.1580791025491577,1.0,0.013259933774834299,1.1615759347740864
2022-07-21,0.0150940930475693,0.5,0.00729704652378465,1.152248259199871,0.8748662499296075,0.5,0.00729704652378465,1.1665296596386818,0.5,0.00729704652378465,1.1986747731146181,0.5,0.00729704652378465,1.1665296596386818,0.5,0.00729704652378465,1.1700520084110415
2022-07-22,-0.0081107177341486,0.5,-0.0040553588670743,1.147575479004854,0.8677704567212953,0.5,-0.0040553588670743,1.161798963239761,0.5,-0.0040553588670743,1.1938137167447294,0.5,-0.0040553588670743,1.161798963239761,0.5,-0.0040553588670743,1.1653070276237938
2022-07-25,-0.0073982737361283,0.5,-0.00369913686806415,1.143330440241581,0.8613504533423461,0.5,-0.00369913686806415,1.157501309861562,0.5,-0.00369913686806415,1.1893976364115182,0.5,-0.00369913686806415,1.157501309861562,0.5,-0.00369913686806415,1.1609963974352964
2022-07-26,-0.0088264138607387,0.5,-0.00441320693036935,1.1382846864190046,0.8537478177620116,0.5,-0.00441320693036935,1.1523930170589693,0.5,-0.00441320693036935,1.1841485785195418,0.5,-0.00441320693036935,1.1523930170589693,0.5,-0.00441320693036935,1.155872680088001
2022-07-27,0.0342348284960423,1.0,0.0339848284960423,1.1769690962666257,0.8829757278819644,1.0,0.0339848284960423,1.191556896103755,1.0,0.0339848284960423,1.2243916648743607,1.0,0.0339848284960423,1.191556896103755,1.0,0.0339848284960423,1.1951548148840525
2022-07-28,0.0035716563556349,1.0,0.0035716563556349,1.1811728254196923,0.8861294137523255,1.0,0.0035716563556349,1.1958127278648247,1.0,0.0035716563556349,1.2287647711459957,1.0,0.0035716563556349,1.1958127278648247,1.0,0.0035716563556349,1.199423497174601
2022-07-29,0.0327931363203051,1.0,0.0327931363203051,1.2199071869015201,0.9151883764149376,1.0,0.0327931363203051,1.2350271776632518,1.0,0.0327931363203051,1.2690598217917748,1.0,0.0327931363203051,1.2350271776632518,1.0,0.0327931363203051,1.2387563554232248
2022-08-01,-0.0061534674789244,0.5,-0.0033267337394622,1.2158488805038423,0.9095567945035786,0.5,-0.0033267337394622,1.2309185710821666,0.5,-0.0033267337394622,1.2648379976652242,0.5,-0.0033267337394622,1.2309185710821666,0.5,-0.0033267337394622,1.2346353428606651
2022-08-02,-0.0092873506284441,0.5,-0.00464367531422205,1.210202873071622,0.9011094216365402,0.5,-0.00464367531422205,1.225202584899815,0.5,-0.00464367531422205,1.2589645006789763,0.5,-0.00464367531422205,1.225202584899815,0.5,-0.00464367531422205,1.2289020971969569
2022-08-03,0.0382476095244046,0.5,0.0191238047622023,1.2333465565389,0.9355747029340566,0.5,0.0191238047622023,1.2486331199275844,0.5,0.0191238047622023,1.2830406919925044,0.5,0.0191238047622023,1.2486331199275844,0.5,0.0191238047622023,1.2524033809756123
2022-08-04,-0.0019262023716366,0.5,-0.0009631011858183,1.2321587190077723,0.9337725967224219,0.5,-0.0009631011858183,1.2474305598891302,0.5,-0.0009631011858183,1.281804993980593,0.5,-0.0009631011858183,1.2474305598891302,0.5,-0.0009631011858183,1.2511971897942717
2022-08-05,-0.0027742596948314,0.5,-0.0013871298474157,1.230449554871883,0.9311820690431968,0.5,-0.0013871298474157,1.2457002117269296,0.5,-0.0013871298474157,1.280026964014876,0.5,-0.0013871298474157,1.2457002117269296,0.5,-0.0013871298474157,1.2494616168273054
2022-08-08,-0.0029029331720592,1.0,-0.0031529331720592003,1.226570029653782,0.9284789097257445,1.0,-0.0031529331720592003,1.2417726022069346,1.0,-0.0031529331720592003,1.2759911245389033,1.0,-0.0031529331720592003,1.2417726022069346,1.0,-0.0031529331720592003,1.2455221478483958
2022-08-09,0.0003032692424334,0.5,-9.83653787833e-05,1.2264493776282108,0.9287604888213125,0.5,-9.83653787833e-05,1.241650454774556,0.5,-9.83653787833e-05,1.275865611188614,0.5,-9.83653787833e-05,1.241650454774556,0.5,-9.83653787833e-05,1.2453996315905398
2022-08-10,0.0261945185544507,0.5,0.01309725927722535,1.2425125031173991,0.9530889226783831,0.5,0.01309725927722535,1.257912672712423,0.5,0.01309725927722535,1.292575953901247,0.5,0.01309725927722535,1.257912672712423,0.5,0.01309725927722535,1.2617109534692421
2022-08-11,-0.0044315764594659,0.5,-0.00221578822973295,1.2397593585376956,0.9488652362448639,0.5,-0.00221578822973295,1.255125404618195,0.5,-0.00221578822973295,1.2897118793165567,0.5,-0.00221578822973295,1.255125404618195,0.5,-0.00221578822973295,1.2589152691892198
2022-08-12,0.0214256038934059,0.5,0.01071280194670295,1.2530406550072812,0.9691952469448694,0.5,0.01071280194670295,1.268571314496145,0.5,0.01071280194670295,1.303528307247985,0.5,0.01071280194670295,1.268571314496145,0.5,0.01071280194670295,1.272401779135724
2022-08-15,0.0063335270191748,0.5,0.0031667635095874,1.2570087384295876,0.9753336712282505,0.5,0.0031667635095874,1.2725885798442007,0.5,0.0031667635095874,1.3076562731250922,0.5,0.0031667635095874,1.2725885798442007,0.5,0.0031667635095874,1.276431174659425
2022-08-16,-0.0009238408684103,0.5,-0.00046192043420515,1.2564281004073325,0.9744326181224332,0.5,-0.00046192043420515,1.2720007451748345,0.5,-0.00046192043420515,1.3070522399716193,0.5,-0.00046192043420515,1.2720007451748345,0.5,-0.00046192043420515,1.2758415650169934
2022-08-17,0.0087846038259262,0.5,0.0043923019129631,1.2619467119562522,0.9829926226276989,0.5,0.0043923019129631,1.2775877564811564,0.5,0.0043923019129631,1.3127932080255893,0.5,0.0043923019129631,1.2775877564811564,0.5,0.0043923019129631,1.2814454463636553
2022-08-18,-0.0022916069894013,1.0,-0.0025416069894012997,1.258739339372892,0.9807399898631554,1.0,-0.0025416069894012997,1.2743406305097105,1.0,-0.0025416069894012997,1.3094566036324329,1.0,-0.0025416069894012997,1.2743406305097105,1.0,-0.0025416069894012997,1.278188515660641
2022-08-19,-0.0151019236290553,1.0,-0.0151019236290553,1.239729954000795,0.9659289294362815,1.0,-0.0151019236290553,1.2550956356303506,1.0,-0.0151019236290553,1.2896812900088137,1.0,-0.0151019236290553,1.2550956356303506,1.0,-0.0151019236290553,1.2588854103135985
2022-08-22,-0.0230293843283583,1.0,-0.0230293843283583,1.2111797364267327,0.9436841808864137,1.0,-0.0230293843283583,1.226191555868574,1.0,-0.0230293843283583,1.2599807239201077,1.0,-0.0230293843283583,1.226191555868574,1.0,-0.0230293843283583,1.2298940543741235
2022-08-23,-0.002029002804798,0.5,-0.001264501402399,1.209648197951464,0.9417694430365516,0.5,-0.001264501402399,1.2246410349265684,0.5,-0.001264501402399,1.258387476527715,0.5,-0.001264501402399,1.2246410349265684,0.5,-0.001264501402399,1.2283388516175653
2022-08-24,0.0017939364946482,0.5,0.0008969682473241,1.2107332139754592,0.9434589176099594,0.5,0.0008969682473241,1.2257394990492676,0.5,0.0008969682473241,1.2595162101369906,0.5,0.0008969682473241,1.2257394990492676,0.5,0.0008969682473241,1.2294406325644207
2022-08-25,0.0149227004118666,0.5,0.0074613502059333,1.2197669184908853,0.9575378723883567,0.5,0.0074613502059333,1.2348851707129194,0.5,0.0074613502059333,1.2689139016708726,0.5,0.0074613502059333,1.2348851707129194,0.5,0.0074613502059333,1.2386139196813881
2022-08-26,-0.0376992295477268,0.5,-0.0188496147738634,1.1967747819634296,0.9214394323365462,0.5,-0.0188496147738634,1.2116080609550244,0.5,-0.0188496147738634,1.2449953634431767,0.5,-0.0188496147738634,1.2116080609550244,0.5,-0.0188496147738634,1.215266524441849
2022-08-29,-0.0136902579146803,-1.0,0.012940257914680299,1.2122613563078215,0.9088246888551024,-1.0,0.012940257914680299,1.227286581755288,-1.0,0.012940257914680299,1.2611059245487124,-1.0,0.012940257914680299,1.227286581755288,-1.0,0.012940257914680299,1.2309923867032035
2022-08-30,-0.0153054901474779,0.5,-0.00840274507373895,1.202075033168022,0.8949146815340459,0.5,-0.00840274507373895,1.2169740054763778,0.5,-0.00840274507373895,1.2505091729537476,0.5,-0.00840274507373895,1.2169740054763778,0.5,-0.00840274507373895,1.220648671490023
2022-08-31,-0.010634950600969,0.5,-0.0053174753004845,1.1956830288698217,0.8853973081038494,0.5,-0.0053174753004845,1.2105027762609255,0.5,-0.0053174753004845,1.2438596213135367,0.5,-0.0053174753004845,1.2105027762609255,0.5,-0.0053174753004845,1.2141579023288056
2022-09-01,0.0047067803078488,0.5,0.0023533901539244,1.1984969375371783,0.8895646787182551,0.5,0.0023533901539244,1.213351561575876,0.5,0.0023533901539244,1.2467869082992,0.5,0.0023533901539244,1.213351561575876,0.5,0.0023533901539244,1.2170152895814557
2022-09-02,-0.0136110407698152,0.5,-0.0068055203849076,1.1903405421975197,0.8774567776088333,0.5,-0.0068055203849076,1.205094072789512,0.5,-0.0068055203849076,1.2383018745791339,0.5,-0.0068055203849076,1.205094072789512,0.5,-0.0068055203849076,1.2087328672194648
2022-09-06,-0.0082151338168281,0.5,-0.00410756690841405,1.1854511387766455,0.870248352762294,0.5,-0.00410756690841405,1.2001440682545959,0.5,-0.00410756690841405,1.2332154667764854,0.5,-0.00410756690841405,1.2001440682545959,0.5,-0.00410756690841405,1.2037679160929617
2022-09-07,0.0092538665631269,0.5,0.00462693328156345,1.1909361421043183,0.8783015148955373,0.5,0.00462693328156345,1.2056970547866739,0.5,0.00462693328156345,1.2389214724630522,0.5,0.00462693328156345,1.2056970547866739,0.5,0.00462693328156345,1.2093376699272105
2022-09-08,-0.0096178507309566,0.5,-0.0048089253654783,1.185209019081888,0.869854142028499,0.5,-0.0048089253654783,1.1998989476368278,0.5,-0.0048089253654783,1.2329635915682888,0.5,-0.0048089253654783,1.1998989476368278,0.5,-0.0048089253654783,1.2035220553308692
2022-09-09,0.0188398290819629,0.5,0.00941991454098145,1.19637358675484,0.8862420453905534,0.5,0.00941991454098145,1.2112018931813804,0.5,0.00941991454098145,1.2445780032330036,0.5,0.00941991454098145,1.2112018931813804,0.5,0.00941991454098145,1.2148591302402723
2022-09-12,0.0385079748363728,0.5,0.0192539874181864,1.2194085487416682,0.9203694317733884,0.5,0.0192539874181864,1.2345223591935781,0.5,0.0192539874181864,1.2685410924482032,0.5,0.0192539874181864,1.2345223591935781,0.5,0.0192539874181864,1.2382500126487872
2022-09-13,-0.0586795569968794,0.5,-0.0293397784984397,1.1836313720224838,0.8663625612434563,0.5,-0.0293397784984397,1.1983017466234673,0.5,-0.0293397784984397,1.2313223777796043,0.5,-0.0293397784984397,1.1983017466234673,0.5,-0.0293397784984397,1.2019200315519816
2022-09-14,0.0095553822152885,-1.0,-0.0103053822152885,1.1714335983317858,0.8746409866531538,-1.0,-0.0103053822152885,1.1859527891152646,-1.0,-0.0103053822152885,1.2186331300463475,-1.0,-0.0103053822152885,1.1859527891152646,-1.0,-0.0103053822152885,1.1895337862346267
2022-09-15,-0.0189298821711415,-1.0,0.0189298821711415,1.1936086983195229,0.8580841358337588,-1.0,0.0189298821711415,1.208402735673753,-1.0,0.0189298821711415,1.2417017116079743,-1.0,0.0189298821711415,1.208402735673753,-1.0,0.0189298821711415,1.21205152064664
2022-09-16,-0.0109601627616986,-1.0,0.0109601627616986,1.2066908439268842,0.8486793940417893,-1.0,0.0109601627616986,1.2216470263384192,-1.0,0.0109601627616986,1.2553109644686775,-1.0,0.0109601627616986,1.2216470263384192,-1.0,0.0109601627616986,1.2253358025884915
2022-09-19,0.0250829462508295,0.5,0.01179147312541475,1.2209195065837322,0.869966773666726,0.5,0.01179147312541475,1.2360520444182315,0.5,0.01179147312541475,1.2701129299702483,0.5,0.01179147312541475,1.2360520444182315,0.5,0.01179147312541475,1.239784316774322
2022-09-20,0.0156654583117556,0.5,0.0078327291558778,1.2304826383999303,0.8835952018922147,0.5,0.0078327291558778,1.2457337053047284,0.5,0.0078327291558778,1.2800613805480836,0.5,0.0078327291558778,1.2457337053047284,0.5,0.0078327291558778,1.2494952115393203
2022-09-21,-0.0202676864244741,0.5,-0.01013384321223705,1.2180131202670057,0.8656867714140934,0.5,-0.01013384321223705,1.2331096352509712,0.5,-0.01013384321223705,1.2670894392155696,0.5,-0.01013384321223705,1.2331096352509712,0.5,-0.01013384321223705,1.2368330229711397
2022-09-22,-0.006375227686703,0.5,-0.0031876138433515,1.2141305647834588,0.8601678211409618,0.5,-0.0031876138433515,1.229178957907275,0.5,-0.0031876138433515,1.2630504473783615,0.5,-0.0031876138433515,1.229178957907275,0.5,-0.0031876138433515,1.2328904769052027
2022-09-23,-0.0151237396883593,-1.0,0.0143737396883593,1.2315821614693367,0.8471588669257226,-1.0,0.0143737396883593,1.2468468562786428,-1.0,0.0143737396883593,1.2812052057222436,-1.0,0.0143737396883593,1.2468468562786428,-1.0,0.0143737396883593,1.2506117236844951
2022-09-26,0.0022601874626071,0.5,0.00038009373130355,1.2320502781284965,0.8490736047755846,0.5,0.00038009373130355,1.24732077495261,0.5,0.00038009373130355,1.2816921837894522,0.5,0.00038009373130355,1.24732077495261,0.5,0.00038009373130355,1.2510870733609625
2022-09-27,0.006566293029117,0.5,0.0032831465145585,1.2360952797048947,0.8546488708678298,0.5,0.0032831465145585,1.251415911807432,0.5,0.0032831465145585,1.2859001670153973,0.5,0.0032831465145585,1.251415911807432,0.5,0.0032831465145585,1.2551945755252767
2022-09-28,-0.0126515550869793,0.5,-0.00632577754348965,1.228276015942924,0.8438362335980207,0.5,-0.00632577754348965,1.2434997331349549,0.5,-0.00632577754348965,1.2777658486157217,0.5,-0.00632577754348965,1.2434997331349549,0.5,-0.00632577754348965,1.247254493866709
2022-09-29,-0.0491190603310198,0.5,-0.0245595301655099,1.1981101340778013,0.8023877907304191,0.5,-0.0245595301655099,1.2129599639282234,0.5,-0.0245595301655099,1.2463845197121854,0.5,-0.0245595301655099,1.2129599639282234,0.5,-0.0245595301655099,1.2166225095005216
2022-09-30,-0.0300393037619315,0.5,-0.01501965188096575,1.1801149369488955,0.7782846201498029,0.5,-0.01501965188096575,1.1947417275244727,0.5,-0.01501965188096575,1.2276642581162838,0.5,-0.01501965188096575,1.1947417275244727,0.5,-0.01501965188096575,1.198349262937277
2022-10-03,0.030752532561505,0.5,0.0153762662807525,1.198260698461315,0.8022188432730784,0.5,0.0153762662807525,1.213112394463615,0.5,0.0153762662807525,1.246541150652442,0.5,0.0153762662807525,1.213112394463615,0.5,0.0153762662807525,1.2167754003015439
2022-10-04,0.0256230256230256,0.5,0.0128115128115128,1.2136122307511845,0.8227741172495384,0.5,0.0128115128115128,1.2286541994470905,0.5,0.0128115128115128,1.2625112285741036,0.5,0.0128115128115128,1.2286541994470905,0.5,0.0128115128115128,1.2323641339312406
2022-10-05,0.002053388090349,0.5,0.0010266940451745,1.2148582392016476,0.824463591822946,0.5,0.0010266940451745,1.2299156513972413,0.5,0.0010266940451745,1.2638074413344464,0.5,0.0010266940451745,1.2299156513972413,0.5,0.0010266940451745,1.2336293948490342
2022-10-06,-0.0066256830601092,0.5,-0.0033128415300546,1.2108336063736913,0.819000957368928,0.5,-0.0033128415300546,1.2258411357488284,0.5,-0.0033128415300546,1.2596206475568017,0.5,-0.0033128415300546,1.2258411357488284,0.5,-0.0033128415300546,1.2295425761570822
2022-10-07,-0.0367186962799972,-1.0,0.0359686962799972,1.2543857126069604,0.7889283099622714,-1.0,0.0359686962799972,1.2699330432481049,-1.0,0.0359686962799972,1.3049275600567858,-1.0,0.0359686962799972,1.2699330432481049,-1.0,0.0359686962799972,1.2737676196422016
2022-10-10,0.0023556285245198,0.5,0.0004278142622598999,1.2549223567051886,0.7907867319930197,0.5,0.0004278142622598999,1.2704763387161213,0.5,0.0004278142622598999,1.305485826678194,0.5,0.0004278142622598999,1.2704763387161213,0.5,0.0004278142622598999,1.2743125555966892
2022-10-11,-0.010254949437402,0.5,-0.005127474718701,1.24848777404725,0.7826772540406629,0.5,-0.005127474718701,1.2639620034086465,0.5,-0.005127474718701,1.298791981106279,0.5,-0.005127474718701,1.2639620034086465,0.5,-0.005127474718701,1.2677785501841439
2022-10-12,-0.0046049791336881,0.5,-0.00230248956684405,1.2456131439731737,0.7790730416173933,0.5,-0.00230248956684405,1.2610517440829108,0.5,-0.00230248956684405,1.2958015261202809,0.5,-0.00230248956684405,1.2610517440829108,0.5,-0.00230248956684405,1.2648595032992762
2022-10-13,0.0336128379355211,0.5,0.01680641896776055,1.2665474403425363,0.8052598975052123,0.5,0.01680641896776055,1.2822455080339934,0.5,0.01680641896776055,1.3175793094673218,0.5,0.01680641896776055,1.2822455080339934,0.5,0.01680641896776055,1.2861172620470773
2022-10-14,-0.0322400167843905,0.5,-0.01612000839219525,1.246130684975101,0.7792983048938478,0.5,-0.01612000839219525,1.2615756996836307,0.5,-0.01612000839219525,1.2963399199413257,0.5,-0.01612000839219525,1.2615756996836307,0.5,-0.01612000839219525,1.2653850409895313
2022-10-17,0.0291227055932938,-1.0,-0.029872705593293802,1.2089053898920703,0.8019935799966242,-1.0,-0.029872705593293802,1.223889020223328,-1.0,-0.029872705593293802,1.2576147391640844,-1.0,-0.029872705593293802,1.223889020223328,-1.0,-0.029872705593293802,1.227584566197893
2022-10-18,0.0094094515834561,0.5,0.00395472579172805,1.2136862792172356,0.8095398997578451,0.5,0.00395472579172805,1.2287291656978179,0.5,0.00395472579172805,1.2625882606091139,0.5,0.00395472579172805,1.2287291656978179,0.5,0.00395472579172805,1.232439326543363
2022-10-19,0.0007652173913044,0.5,0.0003826086956522,1.214150646141458,0.8101593737680947,0.5,0.0003826086956522,1.2291992881612153,0.5,0.0003826086956522,1.2630713378566514,0.5,0.0003826086956522,1.2291992881612153,0.5,0.0003826086956522,1.2329108685465624
2022-10-20,-0.0032670652022801,0.5,-0.00163353260114005,1.2121672914782906,0.8075125302697559,0.5,-0.00163353260114005,1.2271913510507058,0.5,-0.00163353260114005,1.261008069648697,0.5,-0.00163353260114005,1.2271913510507058,0.5,-0.00163353260114005,1.2308968684484916
2022-10-21,0.0270590696701304,0.5,0.0135295348350652,1.2285673510742727,0.8293630680858286,0.5,0.0135295348350652,1.243794679184037,0.5,0.0135295348350652,1.2780689222543073,0.5,0.0135295348350652,1.243794679184037,0.5,0.0135295348350652,1.2475503305085383
2022-10-24,0.0148027432606774,0.5,0.0074013716303387,1.2376604346124742,0.8416399166525909,0.5,0.0074013716303387,1.2530004658365161,0.5,0.0074013716303387,1.287528385317098,0.5,0.0074013716303387,1.2530004658365161,0.5,0.0074013716303387,1.256783914132184
2022-10-25,0.0193375710940115,0.5,0.00966878554700575,1.249627107934756,0.8579151883764183,0.5,0.00966878554700575,1.2651154586309876,0.5,0.00966878554700575,1.2999772211604115,0.5,0.00966878554700575,1.2651154586309876,0.5,0.00966878554700575,1.2689354882768544
2022-10-26,-0.0196271497965079,0.5,-0.00981357489825395,1.2373637987161499,0.841076758461455,0.5,-0.00981357489825395,1.2527001533227735,0.5,-0.00981357489825395,1.2872197973345296,0.5,-0.00981357489825395,1.2527001533227735,0.5,-0.00981357489825395,1.256482694821597
2022-10-27,-0.030465349849347,0.5,-0.0152326749246735,1.2185154382067476,0.8154530607647721,0.5,-0.0152326749246735,1.233618179109119,0.5,-0.0152326749246735,1.2676119966051287,0.5,-0.0152326749246735,1.233618179109119,0.5,-0.0152326749246735,1.2373431023829018
2022-10-28,0.0755524861878453,0.5,0.03777624309392265,1.2645463736141433,0.8770625668750388,0.5,0.03777624309392265,1.2802196393282272,0.5,0.03777624309392265,1.3154976155376565,0.5,0.03777624309392265,1.2802196393282272,0.5,0.03777624309392265,1.2840852762091066
2022-10-31,-0.0154102992166431,0.5,-0.00770514960832155,1.254802854618786,0.8635467702877775,0.5,-0.00770514960832155,1.2703553554756917,0.5,-0.00770514960832155,1.3053615096005486,0.5,-0.00770514960832155,1.2703553554756917,0.5,-0.00770514960832155,1.2741912070460726
2022-11-01,-0.0175427155341072,0.5,-0.0087713577670536,1.2437965298538043,0.8483978149462219,0.5,-0.0087713577670536,1.2592126141615219,0.5,-0.0087713577670536,1.2939117167845011,0.5,-0.0087713577670536,1.2592126141615219,0.5,-0.0087713577670536,1.2630148201054376
2022-11-02,-0.0373050116163292,0.5,-0.0186525058081646,1.2205966078565313,0.8167483246043848,0.5,-0.0186525058081646,1.23572514356216,0.5,-0.0186525058081646,1.269777020971926,0.5,-0.0186525058081646,1.23572514356216,0.5,-0.0186525058081646,1.239456428837623
2022-11-03,-0.0424050196511066,0.5,-0.0212025098255533,1.1947168962854162,0.7821140958495275,0.5,-0.0212025098255533,1.2095246690641,0.5,-0.0212025098255533,1.242854561208507,0.5,-0.0212025098255533,1.2095246690641,0.5,-0.0212025098255533,1.2131768417268483
2022-11-04,-0.0036002304147465,0.5,-0.00180011520737325,1.1925662682319071,0.779298304893848,0.5,-0.00180011520737325,1.2073473853136245,0.5,-0.00180011520737325,1.2406172798123223,0.5,-0.00180011520737325,1.2073473853136245,0.5,-0.00180011520737325,1.2109929836448228
2022-11-07,0.003902298019945,0.5,0.0019511490099725,1.1948931427254943,0.7823393591259817,0.5,0.0019511490099725,1.209703099969172,0.5,0.0019511490099725,1.2430379089895827,0.5,0.0019511490099725,1.209703099969172,0.5,0.0019511490099725,1.2133558114059448
2022-11-08,0.0041750647854881,0.5,0.00208753239274405,1.1973875208668014,0.7856056766345699,0.5,0.00208753239274405,1.2122283943759606,0.5,0.00208753239274405,1.2456327908900073,0.5,0.00208753239274405,1.2122283943759606,0.5,0.00208753239274405,1.215888730966179
2022-11-09,-0.033189964157706,0.5,-0.016594982078853,1.1775168964165745,0.7595314523849782,0.5,-0.016594982078853,1.1921114858958148,0.5,-0.016594982078853,1.224961537048356,0.5,-0.016594982078853,1.1921114858958148,0.5,-0.016594982078853,1.195711079265916
2022-11-10,0.0889745681026172,0.5,0.0444872840513086,1.229901425062674,0.8271104353212853,0.5,0.0444872840513086,1.2451452881896896,0.5,0.0444872840513086,1.2794567488989539,0.5,0.0444872840513086,1.2451452881896896,0.5,0.0444872840513086,1.2489050176925156
2022-11-11,0.0192687410635254,1.0,0.0190187410635254,1.253292601799602,0.843047812130431,1.0,0.0190187410635254,1.268826384012238,1.0,0.0190187410635254,1.3037904055082432,1.0,0.0190187410635254,1.268826384012238,1.0,0.0190187410635254,1.2726576188369472
2022-11-14,-0.0094856379425516,0.5,-0.0049928189712758,1.2470351387207774,0.8350509658163014,0.5,-0.0049928189712758,1.2624913635708865,0.5,-0.0049928189712758,1.2972808160370544,0.5,-0.0049928189712758,1.2624913635708865,0.5,-0.0049928189712758,1.2663034697336795
2022-11-15,0.0118694362017803,0.5,0.00593471810089015,1.2544359407309897,0.8449625499802931,0.5,0.00593471810089015,1.2699838939184882,0.5,0.00593471810089015,1.304979811977927,0.5,0.00593471810089015,1.2699838939184882,0.5,0.00593471810089015,1.273818623856728
2022-11-16,-0.0083311117035457,1.0,-0.0085811117035457,1.2436714857986346,0.8379230725910944,1.0,-0.0085811117035457,1.2590860202630698,1.0,-0.0085811117035457,1.2937816344404725,1.0,-0.0085811117035457,1.2590860202630698,1.0,-0.0085811117035457,1.2628878439553566
2022-11-17,0.0129713018348007,0.5,0.00623565091740035,1.2514265870399996,0.8487920256800172,0.5,0.00623565091740035,1.2669372411604092,0.5,0.00623565091740035,1.301849205076187,0.5,0.00623565091740035,1.2669372411604092,0.5,0.00623565091740035,1.2707627716980907
2022-11-18,0.0037818471337578,0.5,0.0018909235668789,1.2537929390656524,0.8520020273694917,0.5,0.0018909235668789,1.2693329226474759,0.5,0.0018909235668789,1.3043109024185882,0.5,0.0018909235668789,1.2693329226474759,0.5,0.0018909235668789,1.273165686971007
2022-11-21,-0.021680216802168,0.5,-0.010840108401084,1.240201687693667,0.8335304387002345,0.5,-0.010840108401084,1.2555732161689126,0.5,-0.010840108401084,1.290172030847655,0.5,-0.010840108401084,1.2555732161689126,0.5,-0.010840108401084,1.2593644329117009
2022-11-22,0.0146611715424633,1.0,0.0144111715424633,1.2580744469622729,0.8457509714478834,1.0,0.0144111715424633,1.2736674971712452,1.0,0.0144111715424633,1.3087649213034889,1.0,0.0144111715424633,1.2736674971712452,1.0,0.0144111715424633,1.2775133497888684
2022-11-23,0.0059262218670927,0.5,0.00271311093354635,1.2614877424995414,0.8507630793489928,0.5,0.00271311093354635,1.2771230983835231,0.5,0.00271311093354635,1.3123157457209194,0.5,0.00271311093354635,1.2771230983835231,0.5,0.00271311093354635,1.280979385225932
2022-11-25,-0.0195935658966041,0.5,-0.00979678294830205,1.2491292208943299,0.8340935968913704,0.5,-0.00979678294830205,1.2646114005903968,0.5,-0.00979678294830205,1.2994592732004524,0.5,-0.00979678294830205,1.2646114005903968,0.5,-0.00979678294830205,1.268429908227624
2022-11-28,-0.0262642630477348,0.5,-0.0131321315238674,1.2327254916752395,0.8121867432561842,0.5,-0.0131321315238674,1.2480043573512616,0.5,-0.0131321315238674,1.282394603114875,0.5,-0.0131321315238674,1.2480043573512616,0.5,-0.0131321315238674,1.2517727198439719
2022-11-29,-0.0211482457356816,0.5,-0.0105741228678408,1.219690500863946,0.7950104184265395,0.5,-0.0105741228678408,1.2348078059370287,0.5,-0.0105741228678408,1.2688344050164824,0.5,-0.0105741228678408,1.2348078059370287,0.5,-0.0105741228678408,1.2385363213017304
2022-11-30,0.0485938938868033,0.5,0.02429694694340165,1.2493252562508081,0.833643070338462,0.5,0.02429694694340165,1.2648098656831788,0.5,0.02429694694340165,1.2996632072351304,0.5,0.02429694694340165,1.2648098656831788,0.5,0.02429694694340165,1.2686289725878743
2022-12-01,0.0018915084780111,0.5,0.00094575423900555,1.250506810907804,0.8352199132736424,0.5,0.00094575423900555,1.2660060649751845,0.5,0.00094575423900555,1.3008923692226524,0.5,0.00094575423900555,1.2660060649751845,0.5,0.00094575423900555,1.2698287838164244
2022-12-02,-0.0033713168363562,1.0,-0.0036213168363562,1.2459783295394853,0.832404122317963,1.0,-0.0036213168363562,1.2614214558971608,1.0,-0.0036213168363562,1.296181425783699,1.0,-0.0036213168363562,1.2614214558971608,1.0,-0.0036213168363562,1.2652303314623001
2022-12-05,-0.0079832217035383,0.5,-0.00424161085176915,1.2406933743358415,0.8257588556625596,0.5,-0.00424161085176915,1.256070996961173,0.5,-0.00424161085176915,1.2906835285822333,0.5,-0.00424161085176915,1.256070996961173,0.5,-0.00424161085176915,1.2598637167583822
2022-12-06,-0.0253699788583509,0.5,-0.01268498942917545,1.2249551919975434,0.8048093709523044,0.5,-0.01268498942917545,1.2401377496424266,0.5,-0.01268498942917545,1.2743112216657568,0.5,-0.01268498942917545,1.2401377496424266,0.5,-0.01268498942917545,1.2438823588291004
2022-12-07,-0.0137848995871527,0.5,-0.00689244979357635,1.2165122498373195,0.7937151545869274,0.5,-0.00689244979357635,1.2315901624658974,0.5,-0.00689244979357635,1.2655280955490347,0.5,-0.00689244979357635,1.2315901624658974,0.5,-0.00689244979357635,1.2353089621217554
2022-12-08,0.01213282247765,0.5,0.006066411238825,1.2238921134219007,0.8033451596553511,0.5,0.006066411238825,1.2390614948691068,0.5,0.006066411238825,1.273205309410922,0.5,0.006066411238825,1.2390614948691068,0.5,0.006066411238825,1.242802854292992
2022-12-09,-0.003434980722047,0.5,-0.0017174903610235,1.2217900905141659,0.8005856845187853,0.5,-0.0017174903610235,1.2369334186949537,0.5,-0.0017174903610235,1.2710185915644048,0.5,-0.0017174903610235,1.2369334186949537,0.5,-0.0017174903610235,1.2406683523700914
2022-12-12,0.0163899831176139,0.5,0.00819499155880695,1.2318026499925634,0.8137072703722517,0.5,0.00819499155880695,1.247070077619965,0.5,0.00819499155880695,1.2814345781933616,0.5,0.00819499155880695,1.247070077619965,0.5,0.00819499155880695,1.2508356190450431
2022-12-13,0.0067824762959374,0.5,0.0033912381479687,1.235979986129987,0.8192262206453834,0.5,0.0033912381479687,1.25129918924038,0.5,0.0033912381479687,1.285780228019057,0.5,0.0033912381479687,1.25129918924038,0.5,0.0033912381479687,1.2550775005131867
2022-12-14,-0.0155358493160101,0.5,-0.00776792465800505,1.2263789867189272,0.8064988455257123,0.5,-0.00776792465800505,1.241579191413738,0.5,-0.00776792465800505,1.2757923840810523,0.5,-0.00776792465800505,1.241579191413738,0.5,-0.00776792465800505,1.245328153049243
2022-12-15,-0.0468542699532156,-1.0,0.0461042699532156,1.2829202945875677,0.7687109309004938,-1.0,0.0461042699532156,1.2988212936229722,-1.0,0.0461042699532156,1.3346118605609818,-1.0,0.0461042699532156,1.2988212936229722,-1.0,0.0461042699532156,1.3027430983977648
2022-12-16,-0.0145787545787546,0.5,-0.0080393772893773,1.2726064143071791,0.7575040828968895,0.5,-0.0080393772893773,1.28837957921206,0.5,-0.0080393772893773,1.3238824122790542,0.5,-0.0080393772893773,1.28837957921206,0.5,-0.0080393772893773,1.2922698551186127
2022-12-19,-0.01590959779942,0.5,-0.00795479889971,1.2624830862028846,0.7454524976065815,0.5,-0.00795479889971,1.2781307787529352,0.5,-0.00795479889971,1.3133511939225115,0.5,-0.00795479889971,1.2781307787529352,0.5,-0.00795479889971,1.281990108296987
2022-12-20,-0.0005288207297725,0.5,-0.00026441036488625,1.262149272589399,0.7450582868727865,0.5,-0.00026441036488625,1.277792827727353,0.5,-0.00026441036488625,1.3130039302541028,0.5,-0.00026441036488625,1.277792827727353,0.5,-0.00026441036488625,1.2816511368246715
2022-12-21,0.0238095238095237,0.5,0.01190476190476185,1.2771748591678442,0.7627977698935671,0.5,0.01190476190476185,1.2930046471050594,0.5,0.01190476190476185,1.3286349294237945,0.5,0.01190476190476185,1.2930046471050594,0.5,0.01190476190476185,1.2969088884535365
2022-12-22,-0.0237726098191214,0.5,-0.0118863049095607,1.2619939693689501,0.7446640761389913,0.5,-0.0118863049095607,1.2776355996200897,0.5,-0.0118863049095607,1.3128423695391707,0.5,-0.0118863049095607,1.2776355996200897,0.5,-0.0118863049095607,1.2814934339654582
2022-12-23,-0.0027981547303937,-1.0,0.0020481547303937003,1.2645787282870413,0.7425803908317887,-1.0,0.0020481547303937003,1.280252395017171,-1.0,0.0020481547303937003,1.3155312738486036,-1.0,0.0020481547303937003,1.280252395017171,-1.0,0.0020481547303937003,1.284118130804203
2022-12-27,-0.013878355831943,0.5,-0.0076891779159715,1.2548551574564892,0.7322745959340019,0.5,-0.0076891779159715,1.2704083065745353,0.5,-0.0076891779159715,1.305415919829957,0.5,-0.0076891779159715,1.2704083065745353,0.5,-0.0076891779159715,1.2742443180313248
2022-12-28,-0.0306852264861954,-1.0,0.0299352264861954,1.2924195308023196,0.7098045841076798,-1.0,0.0299352264861954,1.308438266961788,-1.0,0.0299352264861954,1.344493841048752,-1.0,0.0299352264861954,1.308438266961788,-1.0,0.0299352264861954,1.31238911029034
2022-12-29,0.0283243414788956,-1.0,-0.0283243414788956,1.2558125986778808,0.7299093315312312,-1.0,-0.0283243414788956,1.2713776146843079,-1.0,-0.0283243414788956,1.306411938378615,-1.0,-0.0283243414788956,1.2713776146843079,-1.0,-0.0283243414788956,1.2752165529772923
2022-12-30,0.0024689452974306,-1.0,-0.0024689452974306,1.252712066067921,0.731711437742866,-1.0,-0.0024689452974306,1.2682386529012746,-1.0,-0.0024689452974306,1.303186478766848,-1.0,-0.0024689452974306,1.2682386529012746,-1.0,-0.0024689452974306,1.2720681130656133
2023-01-03,-0.0374047564072963,-1.0,0.0374047564072963,1.2995694557476725,0.7043419496536615,-1.0,0.0374047564072963,1.3156768107793644,-1.0,0.0374047564072963,1.3519318515584042,-1.0,0.0374047564072963,1.3156768107793644,-1.0,0.0374047564072963,1.3196495109683217
2023-01-04,0.0103142240345406,0.5,0.0044071120172703,1.3052968039133757,0.7116066903193144,0.5,0.0044071120172703,1.321475145862994,0.5,0.0044071120172703,1.3578899666679378,0.5,0.0044071120172703,1.321475145862994,0.5,0.0044071120172703,1.3254653541866952
2023-01-05,-0.0106046217157328,0.5,-0.0053023108578664,1.2983757144972474,0.7040603705580935,0.5,-0.0053023108578664,1.3144682738486841,0.5,-0.0053023108578664,1.3506900119538867,0.5,-0.0053023108578664,1.3144682738486841,0.5,-0.0053023108578664,1.3184373248474655
2023-01-06,0.0367941129419293,0.5,0.01839705647096465,1.3222620058373822,0.7299656473503445,0.5,0.01839705647096465,1.3386506209119697,0.5,0.01839705647096465,1.3755387323785702,0.5,0.01839705647096465,1.3386506209119697,0.5,0.01839705647096465,1.3426926907661116
2023-01-09,0.0040888751735843,0.5,0.00204443758679215,1.324965287981703,0.7329503857633648,0.5,0.00204443758679215,1.3413874085569446,0.5,0.00204443758679215,1.3783509354651333,0.5,0.00204443758679215,1.3413874085569446,0.5,0.00204443758679215,1.345437742170625
2023-01-10,0.0044563964656165,0.5,0.00222819823280825,1.3279175732949162,0.736216703271953,0.5,0.00222819823280825,1.3443762856102024,0.5,0.00222819823280825,1.3814221745837263,0.5,0.00222819823280825,1.3443762856102024,0.5,0.00222819823280825,1.348435644170083
2023-01-11,0.0211122160177466,0.5,0.0105561080088733,1.3419352146254981,0.7517598693473037,0.5,0.0105561080088733,1.3585676668856714,0.5,0.0105561080088733,1.3960046162644846,0.5,0.0105561080088733,1.3585676668856714,0.5,0.0105561080088733,1.362669876472957
2023-01-12,-0.0005992958274029,0.5,-0.00029964791370145,1.341533106538113,0.7513093427943949,0.5,-0.00029964791370145,1.358160574918667,0.5,-0.00029964791370145,1.3955863063937033,0.5,-0.00029964791370145,1.358160574918667,0.5,-0.00029964791370145,1.3622615552874082
2023-01-13,0.0101191814706542,1.0,0.009869181470654199,1.3547729402154283,0.7589119783747293,1.0,0.009869181470654199,1.3715645080988272,1.0,0.009869181470654199,1.4093596009094627,1.0,0.009869181470654199,1.3715645080988272,1.0,0.009869181470654199,1.3757059617870353
2023-01-17,0.0087563075096468,0.5,0.0041281537548234,1.3603656512155118,0.7655572450301329,0.5,0.0041281537548234,1.377226537272918,0.5,0.0041281537548234,1.4151776540378536,0.5,0.0041281537548234,1.377226537272918,0.5,0.0041281537548234,1.3813850875187195
2023-01-18,-0.0053700161836103,0.5,-0.00268500809180515,1.3567130584341844,0.761446190234841,0.5,-0.00268500809180515,1.3735286728760914,0.5,-0.00268500809180515,1.4113778905854202,0.5,-0.00268500809180515,1.3735286728760914,0.5,-0.00268500809180515,1.3776760573808327
2023-01-19,0.0004437541601953,0.5,0.00022187708009765,1.3570140819661203,0.7617840851495226,0.5,0.00022187708009765,1.3738334274074595,0.5,0.00022187708009765,1.4116910429906977,0.5,0.00022187708009765,1.3738334274074595,0.5,0.00022187708009765,1.377981732121765
2023-01-20,0.0192208176240111,0.5,0.00961040881200555,1.370055542057463,0.7764261981190558,0.5,0.00961040881200555,1.387036528284444,0.5,0.00961040881200555,1.4252579710300848,0.5,0.00961040881200555,1.387036528284444,0.5,0.00961040881200555,1.3912246999029305
2023-01-23,0.023500398926525,0.5,0.0117501994632625,1.3861539679523864,0.7946725235118587,0.5,0.0117501994632625,1.4033344841546174,0.5,0.0117501994632625,1.442005036476293,0.5,0.0117501994632625,1.4033344841546174,0.5,0.0117501994632625,1.4075718676250075
2023-01-24,0.0100630713627665,0.5,0.00503153568138325,1.3931284511020299,0.8026693698259882,0.5,0.00503153568138325,1.410395411684557,0.5,0.00503153568138325,1.449260536270058,0.5,0.00503153568138325,1.410395411684557,0.5,0.00503153568138325,1.414654115701074
2023-01-25,-0.0047007647512803,0.5,-0.00235038237564015,1.3898540665435568,0.7988962099453778,0.5,-0.00235038237564015,1.4070804431662498,0.5,-0.00235038237564015,1.445854219847898,0.5,-0.00235038237564015,1.4070804431662498,0.5,-0.00235038237564015,1.4113291375999033
2023-01-26,0.0148033272240235,0.5,0.00740166361201175,1.4001412988138988,0.8107225319592315,0.5,0.00740166361201175,1.4174951792816068,0.5,0.00740166361201175,1.45655594641522,0.5,0.00740166361201175,1.4174951792816068,0.5,0.00740166361201175,1.4217753211222486
2023-01-27,0.0136843567657682,1.0,0.0134343567657682,1.418951296544651,0.8218167483246086,1.0,0.0134343567657682,1.4365383152338325,1.0,0.0134343567657682,1.4761238386486633,1.0,0.0134343567657682,1.4365383152338325,1.0,0.0134343567657682,1.4408759580269694
2023-01-30,-0.0200781196464058,1.0,-0.0200781196464058,1.3904614226402048,0.8053162133243269,1.0,-0.0200781196464058,1.4076953270639214,1.0,-0.0200781196464058,1.4464860476033636,1.0,-0.0200781196464058,1.4076953270639214,1.0,-0.0200781196464058,1.4119458781460743
2023-01-31,0.0090209790209789,0.5,0.0042604895104894494,1.3963854689461035,0.8125809539899799,0.5,0.0042604895104894494,1.4136927982388423,0.5,0.0042604895104894494,1.452648786236247,0.5,0.0042604895104894494,1.4136927982388423,0.5,0.0042604895104894494,1.4179614587492944
2023-02-01,0.0079007554231063,0.5,0.00395037771155315,1.4019017189793648,0.8190009573689291,0.5,0.00395037771155315,1.4192774187599881,0.5,0.00395037771155315,1.4583872976241092,0.5,0.00395037771155315,1.4192774187599881,0.5,0.00395037771155315,1.4235629420917788
2023-02-02,0.0370625042976,0.5,0.0185312521488,1.4278807132216074,0.8493551838711536,0.5,0.0185312521488,1.4455784064761275,0.5,0.0185312521488,1.4854130403669885,0.5,0.0185312521488,1.4455784064761275,0.5,0.0185312521488,1.449943345921369
2023-02-03,0.0243999469566371,0.5,0.01219997347831855,1.4453008200531134,0.8700794053049545,0.5,0.01219997347831855,1.4632144246959662,0.5,0.01219997347831855,1.503535040063814,0.5,0.01219997347831855,1.4632144246959662,0.5,0.01219997347831855,1.4676326162866742
2023-02-06,-0.0179288025889968,1.0,-0.0181788025889968,1.4190269817636527,0.8544799234104903,1.0,-0.0181788025889968,1.4366149385240456,1.0,-0.0181788025889968,1.4762025733848545,1.0,-0.0181788025889968,1.4366149385240456,1.0,-0.0181788025889968,1.4409528126820257
2023-02-07,0.0192447109998024,1.0,0.0192447109998024,1.4463357459286161,0.8709241425916585,1.0,0.0192447109998024,1.4642621778339397,1.0,0.0192447109998024,1.5046116652868107,1.0,0.0192447109998024,1.4642621778339397,1.0,0.0192447109998024,1.4686835331264436
2023-02-08,-0.0176527643064986,1.0,-0.0176527643064986,1.4208039218976745,0.8555499239736486,1.0,-0.0176527643064986,1.4384139027257168,1.0,-0.0176527643064986,1.4780511101866942,1.0,-0.0176527643064986,1.4384139027257168,1.0,-0.0176527643064986,1.4427572088753269
2023-02-09,-0.0069115323854659,0.5,-0.0037057661927329504,1.4155387547574036,0.8496367629667219,0.5,-0.0037057661927329504,1.4330834771138388,0.5,-0.0037057661927329504,1.4725737983514329,0.5,-0.0037057661927329504,1.4330834771138388,0.5,-0.0037057661927329504,1.4374106879863549
2023-02-10,0.0009279512162787,0.5,0.00046397560813935,1.4161955302119869,0.8504251844343119,0.5,0.00046397560813935,1.433748392891647,0.5,0.00046397560813935,1.473257036675053,0.5,0.00046397560813935,1.433748392891647,0.5,0.00046397560813935,1.4380776114844591
2023-02-13,0.0188067015429442,0.5,0.0094033507714721,1.4295125135435611,0.8664188770625714,0.5,0.0094033507714721,1.4472304319480416,0.5,0.0094033507714721,1.487110589367448,0.5,0.0094033507714721,1.4472304319480416,0.5,0.0094033507714721,1.4516003597018483
2023-02-14,-0.0042248943776406,0.5,-0.0021124471888203,1.4264927438529427,0.862758348820188,0.5,-0.0021124471888203,1.4441732340904978,0.5,-0.0021124471888203,1.483969146783474,0.5,-0.0021124471888203,1.4441732340904978,0.5,-0.0021124471888203,1.4485339306027056
2023-02-15,0.0139033942558748,0.5,0.0069516971279374,1.4364092893634086,0.8747536182913827,0.5,0.0069516971279374,1.4542126890141687,0.5,0.0069516971279374,1.4942852508391162,0.5,0.0069516971279374,1.4542126890141687,0.5,0.0069516971279374,1.4586036997677962
2023-02-16,-0.0104294083564024,0.5,-0.0052147041782012,1.4289188398405581,0.8656304555949813,0.5,-0.0052147041782012,1.4466294000287732,0.5,-0.0052147041782012,1.486492995298141,0.5,-0.0052147041782012,1.4466294000287732,0.5,-0.0052147041782012,1.4509975129602772
2023-02-17,-0.0075466788107474,0.5,-0.0037733394053737,1.4235270440751069,0.859097820577805,0.5,-0.0037733394053737,1.4411707763086725,0.5,-0.0037733394053737,1.4808839527031705,0.5,-0.0037733394053737,1.4411707763086725,0.5,-0.0037733394053737,1.445522406867525
2023-02-21,-0.0266797771222551,0.5,-0.01333988856112755,1.4045373519433937,0.8361772821985741,0.5,-0.01333988856112755,1.4219457187551612,0.5,-0.01333988856112755,1.4611291258021482,0.5,-0.01333988856112755,1.4219457187551612,0.5,-0.01333988856112755,1.4262392990472994
2023-02-22,0.0028960129310344,0.5,0.0014480064655172,1.406571131110068,0.8385988624204584,0.5,0.0014480064655172,1.424004705349533,0.5,0.0014480064655172,1.4632448502232651,0.5,0.0014480064655172,1.424004705349533,0.5,0.0014480064655172,1.4283045027736945
2023-02-23,0.0032905782015983,0.5,0.00164528910079915,1.408885347261582,0.8413583375570244,0.5,0.00164528910079915,1.4263476047707313,0.5,0.00164528910079915,1.465652311027138,0.5,0.00164528910079915,1.4263476047707313,0.5,0.00164528910079915,1.4306544766047304
2023-02-24,-0.0180053547523426,0.5,-0.0090026773761713,1.396201607020171,0.826209382215469,0.5,-0.0090026773761713,1.4135066574587056,0.5,-0.0090026773761713,1.4524575161253208,0.5,-0.0090026773761713,1.4135066574587056,0.5,-0.0090026773761713,1.4177747559150828
2023-02-27,0.0082475632199576,-1.0,-0.0089975632199576,1.3836391947932007,0.8330235963282133,-1.0,-0.0089975632199576,1.40078854194639,-1.0,-0.0089975632199576,1.4393889377996807,-1.0,-0.0089975632199576,1.40078854194639,-1.0,-0.0089975632199576,1.405018237917077
2023-02-28,-0.0034478096268252,0.5,-0.0024739048134126,1.3802162031291756,0.8301514895534203,0.5,-0.0024739048134126,1.3973231244298956,0.5,-0.0024739048134126,1.4358280265780852,0.5,-0.0024739048134126,1.3973231244298956,0.5,-0.0024739048134126,1.4015423565353615
2023-03-01,-0.0142459805983311,0.5,-0.00712299029916555,1.3703849365035354,0.8183251675395666,0.5,-0.00712299029916555,1.3873700053697817,0.5,-0.00712299029916555,1.4256006374734995,0.5,-0.00712299029916555,1.3873700053697817,0.5,-0.00712299029916555,1.3915591839258905
2023-03-02,0.0041291032964008,0.5,0.0020645516482004,1.3732141669828626,0.821704116686382,0.5,0.0020645516482004,1.3902343024010315,0.5,0.0020645516482004,1.4285438636192709,0.5,0.0020645516482004,1.3902343024010315,0.5,0.0020645516482004,1.394432129732633
2023-03-03,0.0350901240490713,0.5,0.01754506202453565,1.397307294715548,0.8505378160725396,0.5,0.01754506202453565,1.4146260494652947,0.5,0.01754506202453565,1.453607754311241,0.5,0.01754506202453565,1.4146260494652947,0.5,0.01754506202453565,1.4188975279377973
2023-03-06,0.0185393630404555,1.0,0.0182893630404555,1.4228631551076774,0.8663062454243446,1.0,0.0182893630404555,1.4404986588504507,1.0,0.0182893630404555,1.4801933142482604,1.0,0.0182893630404555,1.4404986588504507,1.0,0.0182893630404555,1.4448482599434564
2023-03-07,-0.0144965221348242,0.5,-0.0074982610674121,1.4121941557074782,0.8537478177620141,0.5,-0.0074982610674121,1.429697423839133,0.5,-0.0074982610674121,1.4690944383477889,0.5,-0.0074982610674121,1.429697423839133,0.5,-0.0074982610674121,1.4340144104876043
2023-03-08,0.0083773087071241,0.5,0.00418865435356205,1.4181093489058572,0.8608999267894402,0.5,0.00418865435356205,1.435685932177773,0.5,0.00418865435356205,1.475247967162768,0.5,0.00418865435356205,1.435685932177773,0.5,0.00418865435356205,1.4400210011911638
2023-03-09,-0.0149146333485968,0.5,-0.0074573166742984,1.407534058412283,0.8480599200315418,0.5,-0.0074573166742984,1.424979567536688,0.5,-0.0074573166742984,1.4642465758985204,0.5,-0.0074573166742984,1.424979567536688,0.5,-0.0074573166742984,1.4292823085676412
2023-03-10,-0.0138787436084734,0.5,-0.0069393718042367,1.397766656253834,0.8362899138368016,0.5,-0.0069393718042367,1.4150911045041106,0.5,-0.0069393718042367,1.45408562449528,0.5,-0.0069393718042367,1.4150911045041106,0.5,-0.0069393718042367,1.4193639872152726
2023-03-13,0.0132659932659933,0.5,0.00663299663299665,1.4070380377784806,0.8473841302021787,0.5,0.00663299663299665,1.4244773990356696,0.5,0.00663299663299665,1.4637305695466458,0.5,0.00663299663299665,1.4244773990356696,0.5,0.00663299663299665,1.428778623763468
2023-03-14,0.0140891872133981,1.0,0.0138391872133981,1.426510300599669,0.8593230838542598,1.0,0.0138391872133981,1.4441910084421785,1.0,0.0138391872133981,1.4839874109285756,1.0,0.0138391872133981,1.4441910084421785,1.0,0.0138391872133981,1.448551758624232
2023-03-15,0.0026214037617144,0.5,0.0010607018808572,1.4280234027585774,0.8615757166188035,0.5,0.0010607018808572,1.4457228645611504,0.5,0.0010607018808572,1.485561479166516,0.5,0.0010607018808572,1.4457228645611504,0.5,0.0010607018808572,1.4500882401991237
2023-03-16,0.018694032289692,0.5,0.009347016144846,1.4413711605593795,0.87768204088529,0.5,0.009347016144846,1.4592360595171763,0.5,0.009347016144846,1.4994470462964464,0.5,0.009347016144846,1.4592360595171763,0.5,0.009347016144846,1.463642238391716
2023-03-17,-0.0054539621430862,0.5,-0.0027269810715431,1.437440568687466,0.8728951962606349,0.5,-0.0027269810715431,1.4552567504039597,0.5,-0.0027269810715431,1.4953580825834147,0.5,-0.0027269810715431,1.4552567504039597,0.5,-0.0027269810715431,1.4596509137121108
2023-03-20,0.015483870967742,0.5,0.007741935483871,1.4485691408321433,0.8864109928478965,0.5,0.007741935483871,1.466523254278055,0.5,0.007741935483871,1.5069350483840607,0.5,0.007741935483871,1.466523254278055,0.5,0.007741935483871,1.4709514369150434
2023-03-21,0.0119440914866582,0.5,0.0059720457433291,1.4572200620035676,0.8969983668412513,0.5,0.0059720457433291,1.4752813982362594,0.5,0.0059720457433291,1.5159345334252359,0.5,0.0059720457433291,1.4752813982362594,0.5,0.0059720457433291,1.4797360261825154
2023-03-22,-0.0091034655951782,0.5,-0.0045517327975891,1.450587185654041,0.888832573069781,0.5,-0.0045517327975891,1.4685663115102343,0.5,-0.0045517327975891,1.5090344044904462,0.5,-0.0045517327975891,1.4685663115102343,0.5,-0.0045517327975891,1.4730006631803663
2023-03-23,0.006969524171577,0.5,0.0034847620857885,1.455642136880739,0.8950273131722759,0.5,0.0034847620857885,1.4736839157130515,0.5,0.0034847620857885,1.514293030369365,0.5,0.0034847620857885,1.4736839157130515,0.5,0.0034847620857885,1.4781337200437585
2023-03-24,0.0083055433209588,1.0,0.0080555433209588,1.467368125174195,0.9024610012952697,1.0,0.0080555433209588,1.485555240337478,1.0,0.0080555433209588,1.5264914834761314,1.0,0.0080555433209588,1.485555240337478,1.0,0.0080555433209588,1.490040890259741
2023-03-27,-0.0122932917316692,0.5,-0.0063966458658346005,1.457981890922642,0.8913667849298927,0.5,-0.0063966458658346005,1.4760526695509044,0.5,-0.0063966458658346005,1.5167270580391221,0.5,-0.0063966458658346005,1.4760526695509044,0.5,-0.0063966458658346005,1.4805096263591366
2023-03-28,-0.0039802880970432,0.5,-0.0019901440485216,1.4550802969395702,0.8878188883257366,0.5,-0.0019901440485216,1.4731151121152932,0.5,-0.0019901440485216,1.5137085527113339,0.5,-0.0019901440485216,1.4731151121152932,0.5,-0.0019901440485216,1.4775631989374591
2023-03-29,0.019790675547098,0.5,0.009895337773549,1.469478807965423,0.9053894238891765,0.5,0.009895337773549,1.4876920837289933,0.5,0.009895337773549,1.5286872101311224,0.5,0.009895337773549,1.4876920837289933,0.5,0.009895337773549,1.4921841858727107
2023-03-30,0.0098899048329912,0.5,0.0049449524164956,1.4767453107478605,0.9143436391282372,0.5,0.0049449524164956,1.4950486502934301,0.5,0.0049449524164956,1.536246495644926,0.5,0.0049449524164956,1.4950486502934301,0.5,0.0049449524164956,1.4995629656684983
2023-03-31,0.0156442473515643,0.5,0.00782212367578215,1.4882965952061615,0.9286478571830888,0.5,0.00782212367578215,1.5067431057373364,0.5,0.00782212367578215,1.5482632057303474,0.5,0.00782212367578215,1.5067431057373364,0.5,0.00782212367578215,1.5112927326455798
2023-04-03,0.0077016373559732,0.5,0.0038508186779866,1.4940277555333654,0.9357999662105146,0.5,0.0038508186779866,1.5125453002318374,0.5,0.0038508186779866,1.5542252866014132,0.5,0.0038508186779866,1.5125453002318374,0.5,0.0038508186779866,1.517112446928357
2023-04-04,-0.0032496840584942,0.5,-0.0016248420292471,1.4916001964433132,0.9327589119783809,0.5,-0.0016248420292471,1.5100876530568805,0.5,-0.0016248420292471,1.5516999160328246,0.5,-0.0016248420292471,1.5100876530568805,0.5,-0.0016248420292471,1.514647378861494
2023-04-05,-0.0112902252007487,0.5,-0.00564511260037435,1.4831799453796501,0.9222278538041396,0.5,-0.00564511260037435,1.5015630382189393,0.5,-0.00564511260037435,1.542940395284828,0.5,-0.00564511260037435,1.5015630382189393,0.5,-0.00564511260037435,1.506097023857959
2023-04-06,0.0054958475818271,0.5,0.00274792379091355,1.4872556108377648,0.9272962775243628,0.5,0.00274792379091355,1.5056892190152176,0.5,0.00274792379091355,1.5471802779049928,0.5,0.00274792379091355,1.5056892190152176,0.5,0.00274792379091355,1.5102356637012424
2023-04-10,-0.0159723065711162,0.5,-0.0079861532855581,1.475378159554808,0.9124852170974889,0.5,-0.0079861532855581,1.49366455411175,0.5,-0.0079861532855581,1.5348242590452512,0.5,-0.0079861532855581,1.49366455411175,0.5,-0.0079861532855581,1.4981746901936077
2023-04-11,-0.007591186817256,0.5,-0.003795593408628,1.4697782239371682,0.9055583713465174,0.5,-0.003795593408628,1.4879952107754622,0.5,-0.003795593408628,1.5289986902042167,0.5,-0.003795593408628,1.4879952107754622,0.5,-0.003795593408628,1.4924882282145355
2023-04-12,-0.0043532338308458,1.0,-0.0046032338308458,1.4630124910929,0.9016162640085661,1.0,-0.0046032338308458,1.481145620881084,1.0,-0.0046032338308458,1.5219603517061497,1.0,-0.0046032338308458,1.481145620881084,1.0,-0.0046032338308458,1.4856179559102793
2023-04-13,0.034103685196752,0.5,0.016801842598376,1.487593796687701,0.9323647012445859,0.5,0.016801842598376,1.506031596468402,0.5,0.016801842598376,1.5475320899764855,0.5,0.016801842598376,1.506031596468402,0.5,0.016801842598376,1.510579074966805
2023-04-14,-0.0021140372070548,1.0,-0.0023640372070547998,1.4840770696033474,0.9303936475756103,1.0,-0.0023640372070547998,1.5024712817393504,1.0,-0.0023640372070547998,1.54387366653667,1.0,-0.0023640372070547998,1.5024712817393504,1.0,-0.0023640372070547998,1.5070080098293852
2023-04-17,0.0001210580473336,0.5,-0.0001894709763332,1.483795880072016,0.9305062792138374,0.5,-0.0001894709763332,1.5021866070386867,0.5,-0.0001894709763332,1.5435811472857361,0.5,-0.0001894709763332,1.5021866070386867,0.5,-0.0001894709763332,1.506722475550421
2023-04-18,0.0075046904315196,0.5,0.0037523452157598,1.4893635944437682,0.9374894407839225,0.5,0.0037523452157598,1.5078233297667867,0.5,0.0037523452157598,1.5493731966188906,0.5,0.0037523452157598,1.5078233297667867,0.5,0.0037523452157598,1.5123762184230303
2023-04-19,0.0069682225025529,0.5,0.00348411125127645,1.4945527029004113,0.9440220758010988,0.5,0.00348411125127645,1.5130767539949643,0.5,0.00348411125127645,1.5547713852056566,0.5,0.00348411125127645,1.5130767539949643,0.5,0.00348411125127645,1.517645505421801
2023-04-20,-0.0058462089124857,0.5,-0.00292310445624285,1.4901839692344732,0.9385031255279671,0.5,-0.00292310445624285,1.508653872592724,0.5,-0.00292310445624285,1.550226626041123,0.5,-0.00292310445624285,1.508653872592724,0.5,-0.00292310445624285,1.5132092690819055
2023-04-21,-0.0097809780978097,0.5,-0.00489048904890485,1.4828962408520783,0.9293236470124521,0.5,-0.00489048904890485,1.5012758173502214,0.5,-0.00489048904890485,1.5426452597031481,0.5,-0.00489048904890485,1.5012758173502214,0.5,-0.00489048904890485,1.505808935722759
2023-04-24,0.0018785601745243,0.5,0.00093928008726215,1.4842890957625865,0.9310694374049734,0.5,0.00093928008726215,1.5026859358309466,0.5,0.00093928008726215,1.5440942356772966,0.5,0.00093928008726215,1.5026859358309466,0.5,0.00093928008726215,1.5072233120713048
2023-04-25,-0.0094356741063328,0.5,-0.0047178370531664,1.477286461668987,0.9222841696232534,0.5,-0.0047178370531664,1.4955965084436114,0.5,-0.0047178370531664,1.5368094506786376,0.5,-0.0047178370531664,1.4955965084436114,0.5,-0.0047178370531664,1.5001124780822186
2023-04-26,-6.106124442828431e-05,-1.0,-0.0006889387555717157,1.4762687017724616,0.9222278538041397,-1.0,-0.0006889387555717157,1.4945661340462468,-1.0,-0.0006889387555717157,1.5357506830881362,-1.0,-0.0006889387555717157,1.4945661340462468,-1.0,-0.0006889387555717157,1.499078992458351
2023-04-27,0.0283952125061064,0.5,0.013447606253053199,1.4961209819976038,0.9484147096919587,0.5,0.013447606253053199,1.5146644709360488,0.5,0.013447606253053199,1.556402853577163,0.5,0.013447606253053199,1.5146644709360488,0.5,0.013447606253053199,1.5192380164911548
2023-04-28,0.0075411198859924,0.5,0.0037705599429962,1.5017621958422,0.9555668187193845,0.5,0.0037705599429962,1.5203756041172398,0.5,0.0037705599429962,1.562271363832026,0.5,0.0037705599429962,1.5203756041172398,0.5,0.0037705599429962,1.5249663945000134
2023-05-01,-0.0005304101838755,0.5,-0.00026520509193775,1.501363920860983,0.9550599763473623,0.5,-0.00026520509193775,1.51997239276537,0.5,-0.00026520509193775,1.5618570415113493,0.5,-0.00026520509193775,1.51997239276537,0.5,-0.00026520509193775,1.524561965647158
2023-05-02,-0.0061914027949762,0.5,-0.0030957013974881,1.4967161464730356,0.9491468153404353,0.5,-0.0030957013974881,1.5152670121049432,0.5,-0.0030957013974881,1.557021998485266,0.5,-0.0030957013974881,1.5152670121049432,0.5,-0.0030957013974881,1.519842377039547
2023-05-03,-0.0064673074641035,0.5,-0.00323365373205175,1.491876284720171,0.943008391057054,0.5,-0.00323365373205175,1.510367163276195,0.5,-0.00323365373205175,1.5519871284889775,0.5,-0.00323365373205175,1.510367163276195,0.5,-0.00323365373205175,1.5149277330649027
2023-05-04,-0.0099134069871603,0.5,-0.00495670349358015,1.484481496327709,0.9336599650841982,0.5,-0.00495670349358015,1.5028807210813953,0.5,-0.00495670349358015,1.5442943884672047,0.5,-0.00495670349358015,1.5028807210813953,0.5,-0.00495670349358015,1.5074186854778984
2023-05-05,0.0469268351529041,0.5,0.02346341757645205,1.5193125055605625,0.9774736723545707,0.5,0.02346341757645205,1.5381434390077275,0.5,0.02346341757645205,1.5805288125647825,0.5,0.02346341757645205,1.5381434390077275,0.5,0.02346341757645205,1.5427878795578127
2023-05-08,-0.0004032955003744,0.5,-0.0002016477501872,1.519006139611985,0.9770794616207756,0.5,-0.0002016477501872,1.5378332758437865,0.5,-0.0002016477501872,1.5802101024856228,0.5,-0.0002016477501872,1.5378332758437865,0.5,-0.0002016477501872,1.5424767798528838
2023-05-09,-0.0099711815561959,0.5,-0.00498559077809795,1.5114329966104614,0.9673368249141248,0.5,-0.00498559077809795,1.5301662684454875,0.5,-0.00498559077809795,1.5723318215712132,0.5,-0.00498559077809795,1.5301662684454875,0.5,-0.00498559077809795,1.534786621843819
2023-05-10,0.0103918029923735,0.5,0.00519590149618675,1.5192862535789355,0.9773891986259005,0.5,0.00519590149618675,1.5381168616491179,0.5,0.00519590149618675,1.580501502835417,0.5,0.00519590149618675,1.5381168616491179,0.5,0.00519590149618675,1.5427612219485847
2023-05-11,0.0011235631356054,0.5,0.0005617815678027,1.5201397605924123,0.9784873570986155,0.5,0.0005617815678027,1.538980947351119,0.5,0.0005617815678027,1.5813893994475945,0.5,0.0005617815678027,1.538980947351119,0.5,0.0005617815678027,1.5436279167665963
2023-05-12,-0.0067913669064748,1.0,-0.0070413669064748,1.5094358987889602,0.971842090443212,1.0,-0.0070413669064748,1.5281444178387456,1.0,-0.0070413669064748,1.570254256464074,1.0,-0.0070413669064748,1.5281444178387456,1.0,-0.0070413669064748,1.5327586662375652
2023-05-15,-0.0028973749782696,0.5,-0.0016986874891348,1.5068718389120364,0.9690262994875326,0.5,-0.0016986874891348,1.5255485780345717,0.5,-0.0016986874891348,1.5675868852038577,0.5,-0.0016986874891348,1.5255485780345717,0.5,-0.0016986874891348,1.5301549882673644
2023-05-16,0.0,0.5,0.0,1.5068718389120364,0.9690262994875326,0.5,0.0,1.5255485780345717,0.5,0.0,1.5675868852038577,0.5,0.0,1.5255485780345717,0.5,0.0,1.5301549882673644
2023-05-17,0.0036031847503923,1.0,0.0033531847503923,1.5119246585830717,0.9725178802725752,1.0,0.0033531847503923,1.5306640242624199,1.0,0.0033531847503923,1.572843293642238,1.0,0.0033531847503923,1.5306640242624199,1.0,0.0033531847503923,1.5352858806397591
2023-05-18,0.0136661068967514,1.0,0.0136661068967514,1.5325867825871022,0.9858084135833823,1.0,0.0136661068967514,1.5515822424410017,1.0,0.0136661068967514,1.5943379382249914,1.0,0.0136661068967514,1.5515822424410017,1.0,0.0136661068967514,1.5562672616016553
2023-05-19,0.0006283918880318,0.5,6.419594401589997e-05,1.5326851684423968,0.9864278875936318,0.5,6.419594401589997e-05,1.5516818477277736,0.5,6.419594401589997e-05,1.5944402882540163,0.5,6.419594401589997e-05,1.5516818477277736,0.5,6.419594401589997e-05,1.556367167647655
2023-05-22,-0.0054807033569308,0.5,-0.0027403516784654,1.5284850720684966,0.9810215689587272,0.5,-0.0027403516784654,1.5474296937719085,0.5,-0.0027403516784654,1.5900709611338866,0.5,-0.0027403516784654,1.5474296937719085,0.5,-0.0027403516784654,1.5521021742674832
2023-05-23,-0.0151549942594717,0.5,-0.00757749712973585,1.5169029808220533,0.9661541927127397,0.5,-0.00757749712973585,1.5357040497088839,0.5,-0.00757749712973585,1.578022202989818,0.5,-0.00757749712973585,1.5357040497088839,0.5,-0.00757749712973585,1.5403411244969145
2023-05-24,0.0016320820704127,0.5,0.00081604103520635,1.5181408359008308,0.9677310356479203,0.5,0.00081604103520635,1.5369572472313788,0.5,0.00081604103520635,1.5793099338619243,0.5,0.00081604103520635,1.5369572472313788,0.5,0.00081604103520635,1.5415981060627197
2023-05-25,0.0066922718808193,-1.0,-0.0074422718808193,1.5068424190466827,0.9742073548459831,-1.0,-0.0074422718808193,1.5255187935282875,-1.0,-0.0074422718808193,1.567556279950045,-1.0,-0.0074422718808193,1.5255187935282875,-1.0,-0.0074422718808193,1.530125113826445
2023-05-26,0.0141048615526908,-1.0,-0.0141048615526908,1.4855886153443076,0.9879484147096989,-1.0,-0.0141048615526908,1.504001562149543,-1.0,-0.0141048615526908,1.5454461156452988,-1.0,-0.0141048615526908,1.504001562149543,-1.0,-0.0141048615526908,1.5085429109376278
2023-05-30,0.0106595223165935,-1.0,-0.0106595223165935,1.4697529503457678,0.99847947288394,-1.0,-0.0106595223165935,1.4879696239336184,-1.0,-0.0106595223165935,1.528972398286485,-1.0,-0.0106595223165935,1.4879696239336184,-1.0,-0.0106595223165935,1.4924625641129492
2023-05-31,-0.0002820078962211,-1.0,0.0002820078962211,1.4701674322832596,0.998197893788372,-1.0,0.0002820078962211,1.4883892431169048,-1.0,0.0002820078962211,1.5294035805759059,-1.0,0.0002820078962211,1.4883892431169048,-1.0,0.0002820078962211,1.4928834503408435
2023-06-01,0.0160225669957687,0.5,0.0072612834978843495,1.480842734798425,1.0141915864166315,0.5,0.0072612834978843495,1.499196859366378,0.5,0.0072612834978843495,1.5405090135571469,0.5,0.0072612834978843495,1.499196859366378,0.5,0.0072612834978843495,1.503723700303068
2023-06-02,0.0047753900827363,0.5,0.00238769504136815,1.4843785356533492,1.0190347468604002,0.5,0.00238769504136815,1.5027764842735218,0.5,0.00238769504136815,1.5441872792900002,0.5,0.00238769504136815,1.5027764842735218,0.5,0.00238769504136815,1.5073141339258693
2023-06-05,-0.0075711522520032,0.5,-0.0037855761260016,1.4787593077068306,1.0113194796418385,0.5,-0.0037855761260016,1.4970876094919394,0.5,-0.0037855761260016,1.5383416407914445,0.5,-0.0037855761260016,1.4970876094919394,0.5,-0.0037855761260016,1.5016080815260948
2023-06-06,-0.0020603630693841,0.5,-0.00103018153469205,1.477235917173777,1.0092357943346357,0.5,-0.00103018153469205,1.4955453374808245,0.5,-0.00103018153469205,1.5367568696390534,0.5,-0.00103018153469205,1.4955453374808245,0.5,-0.00103018153469205,1.5000611526081624
2023-06-07,-0.0077562636013616,0.5,-0.0038781318006808,1.4715070015862777,1.0014078954778467,0.5,-0.0038781318006808,1.4897454155481804,0.5,-0.0038781318006808,1.5307971239529916,0.5,-0.0038781318006808,1.4897454155481804,0.5,-0.0038781318006808,1.494243717749267
2023-06-08,0.0154650770442019,0.5,0.00773253852210095,1.4828854861615848,1.0168947457340838,0.5,0.00773253852210095,1.5012649293620302,0.5,0.00773253852210095,1.5426340716834794,0.5,0.00773253852210095,1.5012649293620302,0.5,0.00773253852210095,1.5057980148581704
2023-06-09,0.002159827213823,0.5,0.0010799136069115,1.4844868743755824,1.019091062679514,0.5,0.0010799136069115,1.5028861657868273,0.5,0.0010799136069115,1.5442999832079758,0.5,0.0010799136069115,1.5028861657868273,0.5,0.0010799136069115,1.5074241466236762
2023-06-12,0.0156388152077806,0.5,0.0078194076038903,1.49609468232895,1.0350284394886597,0.5,0.0078194076038903,1.5146378452993623,0.5,0.0078194076038903,1.5563754942393597,0.5,0.0078194076038903,1.5146378452993623,0.5,0.0078194076038903,1.5192113104580731
2023-06-13,-0.0026116763697697,0.5,-0.00130583818488485,1.4941410247645617,1.0323252801712077,0.5,-0.00130583818488485,1.5126599733646986,0.5,-0.00130583818488485,1.554343119688963,0.5,-0.00130583818488485,1.5126599733646986,0.5,-0.00130583818488485,1.5172274663179681
2023-06-14,0.0034913534449838,0.5,0.0017456767224919,1.4967493119716133,1.0359294925944773,0.5,0.0017456767224919,1.5153005886692466,0.5,0.0017456767224919,1.5570565002917696,0.5,0.0017456767224919,1.5153005886692466,0.5,0.0017456767224919,1.5198760549886448
2023-06-15,0.0111986952976352,0.5,0.0055993476488176,1.505130131712471,1.047530551331877,0.5,0.0055993476488176,1.5237852834576637,0.5,0.0055993476488176,1.5657750009457545,0.5,0.0055993476488176,1.5237852834576637,0.5,0.0055993476488176,1.5283863694036397
2023-06-16,-0.005859900005376,0.5,-0.002929950002688,1.5007201756790143,1.0413921270484958,0.5,-0.002929950002688,1.5193206687623009,0.5,-0.002929950002688,1.5611873584775247,0.5,-0.002929950002688,1.5193206687623009,0.5,-0.002929950002688,1.523908273756497
2023-06-20,0.0004866969500325,0.5,0.00024334847501625,1.5010853736451917,1.0418989694205183,0.5,0.00024334847501625,1.5196903931301047,0.5,0.00024334847501625,1.5615672710404247,0.5,0.00024334847501625,1.5196903931301047,0.5,0.00024334847501625,1.5242791145109802
2023-06-21,-0.0056753688989783,0.5,-0.00283768444948915,1.4968257670230432,1.0359858084135916,0.5,-0.00283768444948915,1.5153779913334813,0.5,-0.00283768444948915,1.557136035878562,0.5,-0.00283768444948915,1.5153779913334813,0.5,-0.00283768444948915,1.5199536913710512
2023-06-22,0.0165253315938247,0.5,0.00826266579691235,1.5091935380921615,1.0531058174241228,0.5,0.00826266579691235,1.5278990532318661,0.5,0.00826266579691235,1.5700021305433554,0.5,0.00826266579691235,1.5278990532318661,0.5,0.00826266579691235,1.5325125607496333
2023-06-23,-0.001711229946524,0.5,-0.000855614973262,1.5079022495034196,1.0513037112124881,0.5,-0.000855614973262,1.526591759924288,0.5,-0.000855614973262,1.568658813212409,0.5,-0.000855614973262,1.526591759924288,0.5,-0.000855614973262,1.5312013200559438
2023-06-26,-0.0075530319262909,0.5,-0.00377651596314545,1.502207632587307,1.0433631807174721,0.5,-0.00377651596314545,1.5208265617737275,0.5,-0.00377651596314545,1.5627347481635836,0.5,-0.00377651596314545,1.5208265617737275,0.5,-0.00377651596314545,1.5254187138279631
2023-06-27,0.0150591029308575,0.5,0.00752955146542875,1.513518582268633,1.0590752942501636,0.5,0.00752955146542875,1.532277703640594,0.5,0.00752955146542875,1.5745014398766952,0.5,0.00752955146542875,1.532277703640594,0.5,0.00752955146542875,1.536904432540059
2023-06-28,0.0063277677337019,0.5,0.00316388386685095,1.5183071792932517,1.0657768767246807,0.5,0.00316388386685095,1.5371256523466776,0.5,0.00316388386685095,1.5794829795806544,0.5,0.00316388386685095,1.5371256523466776,0.5,0.00316388386685095,1.541767019679064
2023-06-29,0.001796565389696,0.5,0.000898282694848,1.5196710483578744,1.0676916145745425,0.5,0.000898282694848,1.5385064257199876,0.5,0.000898282694848,1.5809018018080188,0.5,0.000898282694848,1.5385064257199876,0.5,0.000898282694848,1.543151962312329
2023-06-30,0.0231024843082441,0.5,0.01155124215412205,1.5372251366320646,1.0923579433462947,0.5,0.01155124215412205,1.5562780859991519,0.5,0.01155124215412205,1.5991631813425908,0.5,0.01155124215412205,1.5562780859991519,0.5,0.01155124215412205,1.5609772843096072
2023-07-03,-0.0077847089756147,0.5,-0.00389235448780735,1.5312417114727246,1.0838542546601428,0.5,-0.00389235448780735,1.5502205000068368,0.5,-0.00389235448780735,1.5929386713569558,0.5,-0.00389235448780735,1.5502205000068368,0.5,-0.00389235448780735,1.5549014073716594
2023-07-05,-0.0058713498908864,0.5,-0.0029356749454432,1.5267464835449365,1.0774905671003072,0.5,-0.0029356749454432,1.5456695565250542,0.5,-0.0029356749454432,1.5882623212098255,0.5,-0.0029356749454432,1.5456695565250542,0.5,-0.0029356749454432,1.550336722267404
2023-07-06,0.002508754507918,0.5,0.001254377253959,1.5286615996064572,1.0801937264177592,0.5,0.001254377253959,1.5476084092588962,0.5,0.001254377253959,1.5902546013388712,0.5,0.001254377253959,1.5476084092588962,0.5,0.001254377253959,1.5522814293877938
2023-07-07,-0.0058912465460612,0.5,-0.0029456232730306,1.5241587384220683,1.0738300388579236,0.5,-0.0029456232730306,1.5430497379110453,0.5,-0.0029456232730306,1.5855703103751233,0.5,-0.0029456232730306,1.5430497379110453,0.5,-0.0029456232730306,1.5477089930830958
2023-07-10,-0.0108558842039018,0.5,-0.0054279421019509,1.5158856930357307,1.0621726643014107,0.5,-0.0054279421019509,1.5346741532732338,0.5,-0.0054279421019509,1.576963926531835,0.5,-0.0054279421019509,1.5346741532732338,0.5,-0.0054279421019509,1.5393081182779722
2023-07-11,-0.0028100312814802,0.5,-0.0014050156407401,1.5137558499274413,1.0591879258883905,0.5,-0.0014050156407401,1.5325179120844452,0.5,-0.0014050156407401,1.5747482675501747,0.5,-0.0014050156407401,1.5325179120844452,0.5,-0.0014050156407401,1.5371453662958734
2023-07-12,0.0089855380689067,-1.0,-0.0097355380689067,1.4990186222234425,1.068705299318587,-1.0,-0.0097355380689067,1.5175980256100656,-1.0,-0.0097355380689067,1.559417245842495,-1.0,-0.0097355380689067,1.5175980256100656,-1.0,-0.0097355380689067,1.5221804290648564
2023-07-13,0.00405754334194,-1.0,-0.00405754334194,1.4929362891933957,1.0730416173903332,-1.0,-0.00405754334194,1.5114403058455101,-1.0,-0.00405754334194,1.5530898427793205,-1.0,-0.00405754334194,1.5114403058455101,-1.0,-0.00405754334194,1.5160041159996729
2023-07-14,0.0007872362758476,-1.0,-0.0007872362758476,1.4917609955890132,1.0738863546770372,-1.0,-0.0007872362758476,1.5102504452079704,-1.0,-0.0007872362758476,1.551867194115434,-1.0,-0.0007872362758476,1.5102504452079704,-1.0,-0.0007872362758476,1.5148106625652236
2023-07-17,0.017305574492632,0.5,0.007902787246315999,1.5035500653595057,1.0924705749845218,0.5,0.007902787246315999,1.522185633165103,0.5,0.007902787246315999,1.5641312703850656,0.5,0.007902787246315999,1.522185633165103,0.5,0.007902787246315999,1.5267818889499274
2023-07-18,-0.0013402752719213,0.5,-0.00067013763596065,1.5025424798731573,1.0910063636875684,0.5,-0.00067013763596065,1.5211655592834004,0.5,-0.00067013763596065,1.5630830871531975,0.5,-0.00067013763596065,1.5211655592834004,0.5,-0.00067013763596065,1.525758734944239
2023-07-19,0.007071697723636,0.5,0.003535848861818,1.50785524299045,1.0987216309061303,0.5,0.003535848861818,1.5265441707948293,0.5,0.003535848861818,1.5686099127078352,0.5,0.003535848861818,1.5265441707948293,0.5,0.003535848861818,1.5311535872306004
2023-07-20,-0.01009738595592,0.5,-0.00504869297796,1.500242544813384,1.0876274145407532,0.5,-0.00504869297796,1.5188371179591917,0.5,-0.00504869297796,1.5606904828563888,0.5,-0.00504869297796,1.5188371179591917,0.5,-0.00504869297796,1.523423262866571
2023-07-21,-0.0061616527727437,0.5,-0.00308082638637185,1.4956205579953652,1.080925832066236,0.5,-0.00308082638637185,1.514157844489582,0.5,-0.00308082638637185,1.5558822664358454,0.5,-0.00308082638637185,1.514157844489582,0.5,-0.00308082638637185,1.5187298602807189
2023-07-24,0.004220068771491,0.5,0.0021100343857455,1.4987763688007631,1.0854874134144368,0.5,0.0021100343857455,1.5173527696069011,0.5,0.0021100343857455,1.5591652315181965,0.5,0.0021100343857455,1.5173527696069011,0.5,0.0021100343857455,1.5219344325085695
2023-07-25,0.0045136186770429,0.5,0.00225680933852145,1.5021588213062278,1.0903868896773192,0.5,0.00225680933852145,1.5207771455071812,0.5,0.00225680933852145,1.5626839701729847,0.5,0.00225680933852145,1.5207771455071812,0.5,0.00225680933852145,1.5253691483484721
2023-07-26,0.0045449850222083,0.5,0.00227249251110415,1.5055724659781353,1.095342681759315,0.5,0.00227249251110415,1.5242331001814047,0.5,0.00227249251110415,1.5662351577924254,0.5,0.00227249251110415,1.5242331001814047,0.5,0.00227249251110415,1.5288355383147634
2023-07-27,-0.0065809768637532,0.5,-0.0032904884318766,1.5006183971954823,1.0881342569127757,0.5,-0.0032904884318766,1.5192176287977743,0.5,-0.0032904884318766,1.561081479124111,0.5,-0.0032904884318766,1.5192176287977743,0.5,-0.0032904884318766,1.5238049226616968
2023-07-28,0.0135079184349446,0.5,0.0067539592174723,1.5107535126511293,1.1028326857014226,0.5,0.0067539592174723,1.5294783627051396,0.5,0.0067539592174723,1.5716249597692666,0.5,0.0067539592174723,1.5294783627051396,0.5,0.0067539592174723,1.5340966389647375
2023-07-31,0.0031660113363629,0.5,0.00158300566818145,1.513145044024881,1.106324266486465,0.5,0.00158300566818145,1.5318995356226626,0.5,0.00158300566818145,1.5741128509888367,0.5,0.00158300566818145,1.5318995356226626,0.5,0.00158300566818145,1.5365251226397567
2023-08-01,-0.0043013489437515,0.5,-0.00215067447187575,1.5098907616064514,1.1015655797713668,0.5,-0.00215067447187575,1.5286049183979205,0.5,-0.00215067447187575,1.5707274466643635,0.5,-0.00215067447187575,1.5286049183979205,0.5,-0.00215067447187575,1.5332205572830997
2023-08-02,-0.0154648398558318,0.5,-0.0077324199279159,1.4982156521924297,1.084530044489506,0.5,-0.0077324199279159,1.5167851032649902,0.5,-0.0077324199279159,1.5585819224544515,0.5,-0.0077324199279159,1.5167851032649902,0.5,-0.0077324199279159,1.5213650520920736
2023-08-03,-0.0073216325682834,0.5,-0.0036608162841417,1.4927309599357277,1.0765895139944899,0.5,-0.0036608162841417,1.5112324316594141,0.5,-0.0036608162841417,1.5528762403725613,0.5,-0.0036608162841417,1.5112324316594141,0.5,-0.0036608162841417,1.5157956141352509
2023-08-04,-0.048020086833708,0.5,-0.024010043416854,1.4568904247779888,1.0248915920482151,0.5,-0.024010043416854,1.4749476753623139,0.5,-0.024010043416854,1.515591614420215,0.5,-0.024010043416854,1.4749476753623139,0.5,-0.024010043416854,1.4794012956287867
2023-08-07,-0.0172536952579812,0.5,-0.0086268476289906,1.4443220530712937,1.007208424846548,0.5,-0.0086268476289906,1.4622235265062293,0.5,-0.0086268476289906,1.502516836494836,0.5,-0.0086268476289906,1.4622235265062293,0.5,-0.0086268476289906,1.466638726069266
2023-08-08,0.0053117137265865,0.5,0.00265585686329325,1.4481579657087489,1.0125584276623392,0.5,0.00265585686329325,1.4661069828947697,0.5,0.00265585686329325,1.5065073061472545,0.5,0.00265585686329325,1.4661069828947697,0.5,0.00265585686329325,1.4705339085958686
2023-08-09,-0.0089543937708566,-1.0,0.0082043937708566,1.4600392239018263,1.003491580785051,-1.0,0.0082043937708566,1.478135501892641,-1.0,0.0082043937708566,1.5188672853055591,-1.0,0.0082043937708566,1.478135501892641,-1.0,0.0082043937708566,1.4825987478353861
2023-08-10,-0.0012346371850272,0.5,-0.0013673185925136,1.458042885125186,1.002252632764552,0.5,-0.0013673185925136,1.4761144197386487,0.5,-0.0013673185925136,1.5167905098268002,0.5,-0.0013673185925136,1.4761144197386487,0.5,-0.0013673185925136,1.4805715630022334
2023-08-11,-0.0010114064168118,0.5,-0.0005057032084059,1.4573055481601849,1.0012389480205073,0.5,-0.0005057032084059,1.4753679439406127,0.5,-0.0005057032084059,1.5160234639995012,0.5,-0.0005057032084059,1.4753679439406127,0.5,-0.0005057032084059,1.4798228332125485
2023-08-14,0.0093931042240846,0.5,0.0046965521120423,1.4641498596102875,1.0106436898124769,0.5,0.0046965521120423,1.4822970863737666,0.5,0.0046965521120423,1.5231435472012538,0.5,0.0046965521120423,1.4822970863737666,0.5,0.0046965521120423,1.4867728982653214
2023-08-15,-0.0112002674690739,0.5,-0.00560013373453695,1.4559504245890664,0.9993242101706454,0.5,-0.00560013373453695,1.473996024455759,0.5,-0.00560013373453695,1.5146137396400299,0.5,-0.00560013373453695,1.473996024455759,0.5,-0.00560013373453695,1.4784467712021505
2023-08-16,-0.0049591434206818,-1.0,0.0042091434206818,1.4620787287395645,0.9943684180886496,-1.0,0.0042091434206818,1.4802002851242082,-1.0,0.0042091434206818,1.52098896609711,-1.0,0.0042091434206818,1.4802002851242082,-1.0,0.0042091434206818,1.4846697657019845
2023-08-17,-0.0145551339412131,0.5,-0.00802756697060655,1.4503417938283083,0.9798952525764572,0.5,-0.00802756697060655,1.4683178782054627,0.5,-0.00802756697060655,1.5087791253102119,0.5,-0.00802756697060655,1.4683178782054627,0.5,-0.00802756697060655,1.472751479728577
2023-08-18,0.0028160919540229,-1.0,-0.0035660919540229,1.445169741626754,0.9826547277130231,-1.0,-0.0035660919540229,1.4630817216340462,-1.0,-0.0035660919540229,1.5033986802110453,-1.0,-0.0035660919540229,1.4630817216340462,-1.0,-0.0035660919540229,1.4674995125264416
2023-08-21,0.0077368330563356,0.5,0.0031184165281678,1.4496763828350507,0.9902573632933577,0.5,0.0031184165281678,1.4676442198568498,0.5,0.0031184165281678,1.508086903503841,0.5,0.0031184165281678,1.4676442198568498,0.5,0.0031184165281678,1.472075787261382
2023-08-22,0.0079049135577797,-1.0,-0.008654913557779701,1.4371295590548587,0.9980852621501466,-1.0,-0.008654913557779701,1.4549418860004137,-1.0,-0.008654913557779701,1.4950345417163955,-1.0,-0.008654913557779701,1.4549418860004137,-1.0,-0.008654913557779701,1.4593350985721343
2023-08-23,0.0219488799864584,0.5,0.010224439993229199,1.451823403993911,1.019992115785333,0.5,0.010224439993229199,1.4698178520074607,0.5,0.010224439993229199,1.5103204326759796,0.5,0.010224439993229199,1.4698178520074607,0.5,0.010224439993229199,1.4742559827174984
2023-08-24,-0.0261704946996467,0.5,-0.01308524734982335,1.4328259356443882,0.9932984175254916,0.5,-0.01308524734982335,1.450584921854757,0.5,-0.01308524734982335,1.4905575162369222,0.5,-0.01308524734982335,1.450584921854757,0.5,-0.01308524734982335,1.4549649785266832
2023-08-25,0.0126431568205012,0.5,0.0063215784102506,1.4418836571448048,1.005856845187822,0.5,0.0063215784102506,1.4597549081789891,0.5,0.0063215784102506,1.4999801924508023,0.5,0.0063215784102506,1.4597549081789891,0.5,0.0063215784102506,1.4641626537226082
2023-08-28,0.008846089244723,0.5,0.0044230446223615,1.44826117290061,1.0147547446077692,0.5,0.0044230446223615,1.4662114692755759,0.5,0.0044230446223615,1.5066146717746705,0.5,0.0044230446223615,1.4662114692755759,0.5,0.0044230446223615,1.4706387104744185
2023-08-29,0.0218103113380321,0.5,0.01090515566901605,1.464054686440483,1.0368868615194098,0.5,0.01090515566901605,1.4822007335917229,0.5,0.01090515566901605,1.5230445393035967,0.5,0.01090515566901605,1.4822007335917229,0.5,0.01090515566901605,1.4866762545450232
2023-08-30,0.0191722789485118,0.5,0.0095861394742559,1.4780893188626394,1.0567663456665068,0.5,0.0095861394742559,1.4964093165527774,0.5,0.0095861394742559,1.5376446566828648,0.5,0.0095861394742559,1.4964093165527774,0.5,0.0095861394742559,1.500927740474156
2023-08-31,0.0011723954169997,0.5,0.00058619770849985,1.4789557714343147,1.058005293687006,0.5,0.00058619770849985,1.4972865082651183,0.5,0.00058619770849985,1.538546020457099,0.5,0.00058619770849985,1.4972865082651183,0.5,0.00058619770849985,1.5018075808762457
2023-09-01,0.0084632990897961,1.0,0.0082132990897961,1.4911028775256847,1.0669595089260666,1.0,0.0082132990897961,1.509584170180616,1.0,0.0082132990897961,1.5511825590865287,1.0,0.0082132990897961,1.509584170180616,1.0,0.0082132990897961,1.5141423757133055
2023-09-05,0.0012667581547554,0.5,0.00038337907737770005,1.4916745351711458,1.0683110885847926,0.5,0.00038337907737770005,1.510162913167004,0.5,0.00038337907737770005,1.5517772500248757,0.5,0.00038337907737770005,1.510162913167004,0.5,0.00038337907737770005,1.514722866220325
2023-09-06,-0.0357933579335792,0.5,-0.0178966789667896,1.4649785148922527,1.0300726474066655,0.5,-0.0178966789667896,1.4831360123225024,0.5,-0.0178966789667896,1.5240055907532128,0.5,-0.0178966789667896,1.4831360123225024,0.5,-0.0178966789667896,1.4876143573599243
2023-09-07,-0.0292493576075665,-1.0,0.0284993576075665,1.5067294614755686,0.9999436841808952,-1.0,0.0284993576075665,1.5254044359183414,-1.0,0.0284993576075665,1.5674387710800193,-1.0,0.0284993576075665,1.5254044359183414,-1.0,0.0284993576075665,1.530010410912475
2023-09-08,0.0034917774273486,-1.0,-0.0034917774273486,1.501468297552867,1.003435264965938,-1.0,-0.0034917774273486,1.5200780631414244,-1.0,-0.0034917774273486,1.561965623760411,-1.0,-0.0034917774273486,1.5200780631414244,-1.0,-0.0034917774273486,1.5246679550960425
2023-09-11,0.0066225165562914,-1.0,-0.0066225165562914,1.4915247988935765,1.0100805316213415,-1.0,-0.0066225165562914,1.5100113210014148,-1.0,-0.0066225165562914,1.5516214805566995,-1.0,-0.0066225165562914,1.5100113210014148,-1.0,-0.0066225165562914,1.514570816320572
2023-09-12,-0.0170606601248884,0.5,-0.0092803300624442,1.4776829564635234,0.9928478909725832,0.5,-0.0092803300624442,1.4959979175444942,0.5,-0.0092803300624442,1.537221921085155,0.5,-0.0092803300624442,1.4959979175444942,0.5,-0.0092803300624442,1.5005150992421714
2023-09-13,-0.0118547929665343,-1.0,0.0111047929665343,1.4940923197652272,0.9810778847778431,-1.0,0.0111047929665343,1.5126106646971922,-1.0,0.0111047929665343,1.5542924522624237,-1.0,0.0111047929665343,1.5126106646971922,-1.0,0.0111047929665343,1.5171780087624143
2023-09-14,0.008782503874634,0.5,0.003641251937317,1.4995326863191027,0.9896942051022223,0.5,0.003641251937317,1.5181184612104273,0.5,0.003641251937317,1.5599520226653816,0.5,0.003641251937317,1.5181184612104273,0.5,0.003641251937317,1.5227024361260753
2023-09-15,-0.0041538636622283,0.5,-0.00207693183111415,1.4964182591510906,0.9855831503069303,0.5,-0.00207693183111415,1.5149654326549373,0.5,-0.00207693183111415,1.556712108654497,0.5,-0.00207693183111415,1.5149654326549373,0.5,-0.00207693183111415,1.51953988696717
2023-09-18,0.0169133192389006,0.5,0.0084566596194503,1.5090729590170615,1.002252632764553,0.5,0.0084566596194503,1.5277769796541332,0.5,0.0084566596194503,1.5698766930828647,0.5,0.0084566596194503,1.5277769796541332,0.5,0.0084566596194503,1.532390118569429
2023-09-19,0.0061808169916277,0.5,0.00309040849581385,1.513736610910411,1.0084473728670478,0.5,0.00309040849581385,1.5324984346117652,0.5,0.00309040849581385,1.5747282533525482,0.5,0.00309040849581385,1.5324984346117652,0.5,0.00309040849581385,1.5371258300107573
2023-09-20,-0.0199921818283351,0.5,-0.00999609091416755,1.4986051621276466,0.9882863096243829,0.5,-0.00999609091416755,1.5171794409335666,0.5,-0.00999609091416755,1.558987126566928,0.5,-0.00999609091416755,1.5171794409335666,0.5,-0.00999609091416755,1.5217605804674545
2023-09-21,-0.0088893954071457,-1.0,0.0081393954071457,1.5108029021013931,0.979501041842663,-1.0,0.0081393954071457,1.529528364306917,-1.0,0.0081393954071457,1.571676339224706,-1.0,0.0081393954071457,1.529528364306917,-1.0,0.0081393954071457,1.5341467915468865
2023-09-22,0.0049445179095037,0.5,0.0017222589547518498,1.5134048959284023,0.9843442022864316,0.5,0.0017222589547518498,1.5321626082288917,0.5,0.0017222589547518498,1.5743831728739073,0.5,0.0017222589547518498,1.5321626082288917,0.5,0.0017222589547518498,1.5367889895965319
2023-09-25,0.0073802849133246,0.5,0.0036901424566623,1.5189895755889882,0.9916089429520848,0.5,0.0036901424566623,1.5378165065200275,0.5,0.0036901424566623,1.5801928710631838,0.5,0.0036901424566623,1.5378165065200275,0.5,0.0036901424566623,1.542459959893973
2023-09-26,-0.0233984552476147,0.5,-0.01169922762380735,1.501218570785982,0.9684068254772858,0.5,-0.01169922762380735,1.5198252411666016,0.5,-0.01169922762380735,1.561705834975098,0.5,-0.01169922762380735,1.5198252411666016,0.5,-0.01169922762380735,1.5244143697225647
2023-09-27,-0.0088974180041869,0.5,-0.00444870900209345,1.4945400862160165,0.9597905051529068,0.5,-0.00444870900209345,1.5130639809346147,0.5,-0.00444870900209345,1.5547582601684224,0.5,-0.00444870900209345,1.5130639809346147,0.5,-0.00444870900209345,1.5176326937930593
2023-09-28,0.0015255530129671,0.5,0.00076277650648355,1.4956800862817798,0.96125471644986,0.5,0.00076277650648355,1.514218110592078,0.5,0.00076277650648355,1.55594419324254,0.5,0.00076277650648355,1.514218110592078,0.5,0.00076277650648355,1.518790308357356
2023-09-29,0.0030464584920031,0.5,0.00152322924600155,1.4979583499318663,0.9641831390437667,0.5,0.00152322924600155,1.516524611902957,0.5,0.00152322924600155,1.558314252942833,0.5,0.00152322924600155,1.516524611902957,0.5,0.00152322924600155,1.5211037741735896
2023-10-02,0.0148355820337595,0.5,0.00741779101687975,1.509069891923651,0.9784873570986183,0.5,0.00741779101687975,1.5277738745460079,0.5,0.00741779101687975,1.569873502409788,0.5,0.00741779101687975,1.5277738745460079,0.5,0.00741779101687975,1.5323870040853964
2023-10-03,-0.0077697841726618,0.5,-0.0038848920863309,1.5032073182427965,0.9708847215182838,0.5,-0.0038848920863309,1.5218386379110809,0.5,-0.0038848920863309,1.5637747132637356,0.5,-0.0038848920863309,1.5218386379110809,0.5,-0.0038848920863309,1.5264338459400286
2023-10-04,0.0073085846867748,-1.0,-0.0080585846867748,1.4910935947669572,0.977980514726596,-1.0,-0.0080585846867748,1.5095747723678685,-1.0,-0.0080585846867748,1.551172902305863,-1.0,-0.0080585846867748,1.5095747723678685,-1.0,-0.0080585846867748,1.5141329495237617
2023-10-05,0.0071979730507889,0.5,0.0028489865253944497,1.4953417003265503,0.9850199921157947,0.5,0.0028489865253944497,1.51387553055342,0.5,0.0028489865253944497,1.5555921730030893,0.5,0.0028489865253944497,1.51387553055342,0.5,0.0028489865253944497,1.5184466938946106
2023-10-06,0.0147504430850151,0.5,0.00737522154250755,1.5063701766482087,0.9995494734471009,0.5,0.00737522154250755,1.5250406979790325,0.5,0.00737522154250755,1.5670650099087777,0.5,0.00737522154250755,1.5250406979790325,0.5,0.00737522154250755,1.5296455746625717
2023-10-09,0.0084511803481885,0.5,0.00422559017409425,1.512735479665202,1.0079968463141393,0.5,0.00422559017409425,1.5314848949675064,0.5,0.00422559017409425,1.573686784416815,0.5,0.00422559017409425,1.5314848949675064,0.5,0.00422559017409425,1.5361092299727126
2023-10-10,-0.0033521425777978,0.5,-0.0016760712888989,1.5102000271600364,1.0046178971673239,0.5,-0.0016760712888989,1.528918017105669,0.5,-0.0016760712888989,1.5710491731797342,0.5,-0.0016760712888989,1.528918017105669,0.5,-0.0016760712888989,1.5335346013957427
2023-10-11,0.0079040304949831,0.5,0.00395201524749155,1.516168360694135,1.0125584276623403,0.5,0.00395201524749155,1.5349603244214352,0.5,0.00395201524749155,1.5772579834666993,0.5,0.00395201524749155,1.5349603244214352,0.5,0.00395201524749155,1.5395951535230143
2023-10-12,0.0050611790878754,0.5,0.0025305895439377,1.5200051604945568,1.0176831672016768,0.5,0.0025305895439377,1.5388446789687755,0.5,0.0025305895439377,1.5812493760277526,0.5,0.0025305895439377,1.5388446789687755,0.5,0.0025305895439377,1.543491236920417
2023-10-13,-0.0102927342150407,0.5,-0.00514636710752035,1.5121826559333265,1.0072084248465492,0.5,-0.00514636710752035,1.5309252193293479,0.5,-0.00514636710752035,1.5731116862501764,0.5,-0.00514636710752035,1.5309252193293479,0.5,-0.00514636710752035,1.5355478643879839
2023-10-16,-0.0007268660889012,0.5,-0.0003634330444506,1.5116330787869152,1.0064763191980726,0.5,-0.0003634330444506,1.5303688305160608,0.5,-0.0003634330444506,1.5725399654807817,0.5,-0.0003634330444506,1.5303688305160608,0.5,-0.0003634330444506,1.5349897955527296
2023-10-17,-0.0087846911369739,0.5,-0.00439234556848695,1.5049934639321272,0.9976347355972391,0.5,-0.00439234556848695,1.523646921765193,0.5,-0.00439234556848695,1.5656328265321335,0.5,-0.00439234556848695,1.523646921765193,0.5,-0.00439234556848695,1.5282475899265608
2023-10-18,-0.0073948631103584,-1.0,0.0066448631103584,1.5149939394819403,0.9902573632933589,-1.0,0.0066448631103584,1.5337713469888414,-1.0,0.0066448631103584,1.576036242345523,-1.0,0.0066448631103584,1.5337713469888414,-1.0,0.0066448631103584,1.538402585960358
2023-10-19,-0.0021610555050045,0.5,-0.00183052775250225,1.512220701030846,0.9881173621670426,0.5,-0.00183052775250225,1.5309637359721855,0.5,-0.00183052775250225,1.57315126426496,0.5,-0.00183052775250225,1.5309637359721855,0.5,-0.00183052775250225,1.5355864973322364
2023-10-20,-0.0147042060868575,0.5,-0.00735210304342875,1.5011026986124612,0.9735878808357363,0.5,-0.00735210304342875,1.5197079328295655,0.5,-0.00735210304342875,1.561585294067184,0.5,-0.00735210304342875,1.5197079328295655,0.5,-0.00735210304342875,1.5242967071717521
2023-10-23,0.0006941230911614,-1.0,-0.0014441230911613999,1.4989349215431902,0.9742636706650993,-1.0,-0.0014441230911613999,1.5175132875119453,-1.0,-0.0014441230911613999,1.5593301726852036,-1.0,-0.0014441230911613999,1.5175132875119453,-1.0,-0.0014441230911613999,1.5220954350991442
2023-10-24,0.002543352601156,0.5,0.000521676300578,1.499716880367868,0.9767415667060972,0.5,0.000521676300578,1.5183049382298524,0.5,0.000521676300578,1.5601436382810696,0.5,0.000521676300578,1.5183049382298524,0.5,0.000521676300578,1.5228894762148535
2023-10-25,-0.0134916974169742,0.5,-0.0067458487084871,1.4896000171873423,0.9635636650335172,0.5,-0.0067458487084871,1.508062682823205,0.5,-0.0067458487084871,1.549619145333717,0.5,-0.0067458487084871,1.508062682823205,0.5,-0.0067458487084871,1.512616294208561
2023-10-26,-0.0246054938632379,0.5,-0.01230274693161895,1.4712738451465512,0.939854705186696,0.5,-0.01230274693161895,1.489509369279413,0.5,-0.01230274693161895,1.5305545731482846,0.5,-0.01230274693161895,1.489509369279413,0.5,-0.01230274693161895,1.4940069587362699
2023-10-27,0.0079693211097131,0.5,0.00398466055485655,1.4771363720026989,0.9473447091288035,0.5,0.00398466055485655,1.49544455850927,0.5,0.00398466055485655,1.5366533135829639,0.5,0.00398466055485655,1.49544455850927,0.5,0.00398466055485655,1.4999600693334276
2023-10-30,0.0123053144691474,0.5,0.0061526572345737,1.486224685788353,0.9590020836853165,0.5,0.0061526572345737,1.5046455162910857,0.5,0.0061526572345737,1.5461078147098115,0.5,0.0061526572345737,1.5046455162910857,0.5,0.0061526572345737,1.5091888095055834
2023-10-31,0.0028187210053438,0.5,0.0014093605026719,1.4883193121585991,0.9617052430027688,0.5,0.0014093605026719,1.5067661042522686,0.5,0.0014093605026719,1.5482868379967358,0.5,0.0014093605026719,1.5067661042522686,0.5,0.0014093605026719,1.511315800604775
2023-11-01,0.0187386543303857,0.5,0.00936932716519285,1.5022638627204878,0.9797263051191174,0.5,0.00936932716519285,1.5208834888444314,0.5,0.00936932716519285,1.5627932439274892,0.5,0.00936932716519285,1.5208834888444314,0.5,0.00936932716519285,1.5254758127905668
2023-11-02,0.0206932229694774,0.5,0.0103466114847387,1.5178072032556194,1.0000000000000095,0.5,0.0103466114847387,1.5366194794170585,0.5,0.0103466114847387,1.5789628584533812,0.5,0.0103466114847387,1.5366194794170585,0.5,0.0103466114847387,1.5412593183548766
2023-11-03,-0.0051810553584501,0.5,-0.00259052767922505,1.5138752816838585,0.9948189446415594,0.5,-0.00259052767922505,1.532638824123192,0.5,-0.00259052767922505,1.5748725114640894,0.5,-0.00259052767922505,1.532638824123192,0.5,-0.00259052767922505,1.5372666434298148
2023-11-06,0.0146051514293801,0.5,0.00730257571469005,1.5249304705509528,1.0093484259728656,1.0,0.0143551514293801,1.5546400865300274,1.0,0.0143551514293801,1.5974800448481243,0.5,0.00730257571469005,1.5438310351796252,0.5,0.00730257571469005,1.5484926494871285
2023-11-07,0.0144507057970206,1.0,0.0142007057970206,1.546585559524159,1.0239342231232853,1.0,0.0144507057970206,1.5771057330407277,1.0,0.0144507057970206,1.620564758992836,1.0,0.0142007057970206,1.5657545255105207,1.0,0.0142007057970206,1.5704823380313442
2023-11-08,0.0058849411505883,0.5,0.0026924705752941498,1.5507496956353528,1.0299600157684392,0.5,0.0026924705752941498,1.5813520438210675,1.0,0.0058849411505883,1.6301016872302263,0.5,0.0026924705752941498,1.5699702734985916,0.5,0.0026924705752941498,1.5747108155155127
2023-11-09,-0.0026245284050521,0.5,-0.00131226420252605,1.5487147023226924,1.027256856450987,0.5,-0.00131226420252605,1.5792768921423697,0.5,-0.00156226420252605,1.6275550377177892,0.5,-0.00131226420252605,1.5679100577096494,0.5,-0.00131226420252605,1.5726443788829811
2023-11-10,0.0218738007784662,0.5,0.0109369003892331,1.5656528407533363,1.0497268682773093,0.5,0.0109369003892331,1.5965492861987483,0.5,0.0109369003892331,1.645355445043303,0.5,0.0109369003892331,1.5850581338300964,0.5,0.0109369003892331,1.5898442338025116
2023-11-13,-0.0085836909871244,0.5,-0.0042918454935622,1.5589333006642663,1.040716337219135,0.5,-0.0042918454935622,1.5896971433395262,0.5,-0.0042918454935622,1.6382938336911859,0.5,-0.0042918454935622,1.5782553092213836,0.5,-0.0042918454935622,1.5830208679922004
2023-11-14,0.0142857142857142,0.5,0.0071428571428571,1.570068538526154,1.0555837134651227,0.5,0.0071428571428571,1.6010521229348085,0.5,0.0071428571428571,1.6499959325032658,0.5,0.0071428571428571,1.5895285614301078,0.5,0.0071428571428571,1.5943281599064303
2023-11-15,0.0030409731113956,0.5,0.0015204865556978,1.5724558066305068,1.0587937151545972,0.5,0.0015204865556978,1.6034865011627022,0.5,0.0015204865556978,1.652504729135593,0.5,0.0015204865556978,1.5919454182376598,0.5,0.0015204865556978,1.5967523144389382
2023-11-16,0.0090420722302007,0.5,0.00452103611510035,1.5795649361216824,1.0683674044039075,0.5,0.00452103611510035,1.6107359215445345,0.5,0.00452103611510035,1.659975762696389,0.5,0.00452103611510035,1.5991426609667807,0.5,0.00452103611510035,1.6039712893193865
2023-11-17,-0.0001054240683148,0.5,-5.27120341574e-05,1.5794816740408157,1.0682547727656804,0.5,-5.27120341574e-05,1.6106510163776195,0.5,-5.27120341574e-05,1.6598882619972852,0.5,-5.27120341574e-05,1.5990583669042133,0.5,-5.27120341574e-05,1.6038867407299964
2023-11-20,0.0092782961674309,0.5,0.00463914808371545,1.5868091234222057,1.078166356929672,0.5,0.00463914808371545,1.6181230649537819,0.5,0.00463914808371545,1.6675887294471115,0.5,0.00463914808371545,1.606476635462786,0.5,0.00463914808371545,1.6113274088297505
2023-11-21,-0.0042308696787672,1.0,-0.004480869678767201,1.579698838535072,1.0736047755814713,1.0,-0.004480869678767201,1.6108724663755167,1.0,-0.004480869678767201,1.6601164816726781,1.0,-0.004480869678767201,1.5992782230172928,1.0,-0.004480869678767201,1.6041072607009588
2023-11-22,0.0035144775493076,0.5,0.0015072387746538,1.5820798218767878,1.0773779354620818,0.5,0.0015072387746538,1.61330043581786,0.5,0.0015072387746538,1.662618673604297,0.5,0.0015072387746538,1.6016887171664838,0.5,0.0015072387746538,1.6065250333629908
2023-11-24,-0.0070043385081804,0.5,-0.0035021692540902,1.5765391105670943,1.069831615700861,0.5,-0.0035021692540902,1.6076503846339283,0.5,-0.0035021692540902,1.6567959016043237,0.5,-0.0035021692540902,1.5960793321866,0.5,-0.0035021692540902,1.6008987107852206
2023-11-27,-0.0009475180291624,0.5,-0.0004737590145812,1.5757922109516231,1.0688179309568164,0.5,-0.0004737590145812,1.606888745771913,0.5,-0.0004737590145812,1.6560109796106173,0.5,-0.0004737590145812,1.59532317521499,0.5,-0.0004737590145812,1.6001402705895547
2023-11-28,0.0032140787185837,0.5,0.00160703935929185,1.5783245710566878,1.0722531959227455,0.5,0.00160703935929185,1.6094710792323714,0.5,0.00160703935929185,1.658672254434271,0.5,0.00160703935929185,1.5978869223483507,0.5,0.00160703935929185,1.60271175898478
2023-11-29,-0.0054096638655461,0.5,-0.00270483193277305,1.5740554683566133,1.066452666554046,0.5,-0.00270483193277305,1.605117730462389,0.5,-0.00270483193277305,1.6541858247544725,0.5,-0.00270483193277305,1.5935649067758224,0.5,-0.00270483193277305,1.598376693040047
2023-11-30,0.003062787136294,0.5,0.001531393568147,1.576465966776761,1.0697189840626342,0.5,0.001531393568147,1.6075757974309377,0.5,0.001531393568147,1.6567190342870213,0.5,0.001531393568147,1.5960052818244836,0.5,0.001531393568147,1.6008244368272444
2023-12-01,0.0067912608581206,0.5,0.0033956304290603,1.5818190625839263,1.0769837247282874,0.5,0.0033956304290603,1.613034530725715,0.5,0.0033956304290603,1.6623446398522497,0.5,0.0033956304290603,1.601424725924388,0.5,0.0033956304290603,1.6062602449965184
2023-12-04,-0.0094645471658648,0.5,-0.0047322735829324,1.5743334620210816,1.0667905614687279,0.5,-0.0047322735829324,1.605401210027604,0.5,-0.0047322735829324,1.6544779702273475,0.5,-0.0047322735829324,1.5938463459988412,0.5,-0.0047322735829324,1.598658982071807
2023-12-05,0.0210631895687061,0.5,0.01053159478435305,1.590913704098535,1.0892605732950502,0.5,0.01053159478435305,1.6223086450379247,0.5,0.01053159478435305,1.6719022617894208,0.5,0.01053159478435305,1.6106320898634225,0.5,0.01053159478435305,1.6154954106693533
2023-12-06,-0.0056871057801675,0.5,-0.00284355289008375,1.5863898568373718,1.0830658331925553,0.5,-0.00284355289008375,1.6176955246017193,0.5,-0.00284355289008375,1.6671481192809718,0.5,-0.00284355289008375,1.6060521723294299,0.5,-0.00284355289008375,1.6109016640254274
2023-12-07,0.0101393510815308,0.5,0.0050696755407654,1.5944323386926984,1.0940474179197055,0.5,0.0050696755407654,1.625896716035198,0.5,0.0050696755407654,1.6756000193241234,0.5,0.0050696755407654,1.6141943357446813,0.5,0.0050696755407654,1.6190684127901154
2023-12-08,0.0074123642353425,0.5,0.00370618211767125,1.600341595314198,1.1021568958720624,0.5,0.00370618211767125,1.631922585369348,0.5,0.00370618211767125,1.6818100981521118,0.5,0.00370618211767125,1.6201768339262643,0.5,0.00370618211767125,1.6250689751888843
2023-12-11,-0.0129272903786213,0.5,-0.00646364518931065,1.5899975550603915,1.0879089936363244,0.5,-0.00646364518931065,1.621374416801098,0.5,-0.00646364518931065,1.6709394744018569,0.5,-0.00646364518931065,1.6097045857278243,0.5,-0.00646364518931065,1.6145651059251067
2023-12-12,0.0079200745418781,0.5,0.00396003727093905,1.5962940046391325,1.0965253139607039,0.5,0.00396003727093905,1.6277951199217773,0.5,0.00396003727093905,1.6775564569979713,0.5,0.00396003727093905,1.6160790758825079,0.5,0.00396003727093905,1.6209588439209277
2023-12-13,0.0166914899080683,0.5,0.00834574495403415,1.6096162672735044,1.1148279551726203,0.5,0.00834574495403415,1.6413802828300657,0.5,0.00834574495403415,1.6915569153340693,0.5,0.00834574495403415,1.6295664596753743,0.5,0.00834574495403415,1.6344869530132777
2023-12-14,0.0007577288341078,1.0,0.0005077288341078,1.610433515864248,1.115672692459324,1.0,0.0005077288341078,1.6422136589273943,1.0,0.0005077288341078,1.6924157675545188,1.0,0.0005077288341078,1.6303938375540463,1.0,0.0005077288341078,1.6353168291682956
2023-12-15,-0.0027257584170411,0.5,-0.00161287920852055,1.6078360811298058,1.1126316382271901,0.5,-0.00161287920852055,1.6395649666609617,0.5,-0.00161287920852055,1.6896861053508576,0.5,-0.00161287920852055,1.6277642092317552,0.5,-0.00161287920852055,1.632679260655186
2023-12-18,-0.00850331528066,0.5,-0.00425165764033,1.601000112571072,1.1031705806161072,0.5,-0.00425165764033,1.6325940977436404,0.5,-0.00425165764033,1.6825021385112833,0.5,-0.00425165764033,1.6208435130949195,0.5,-0.00425165764033,1.625737667402413
2023-12-19,0.0053601511052121,0.5,0.00268007555260605,1.6052909138324931,1.1090837416230341,0.5,0.00268007555260605,1.636969573272332,0.5,0.00268007555260605,1.6870113713599146,0.5,0.00268007555260605,1.6251874961689652,0.5,0.00268007555260605,1.630094767179769
2023-12-20,-0.0107139230222401,1.0,-0.0109639230222401,1.587690627824932,1.097201103790067,1.0,-0.0109639230222401,1.6190219648812247,1.0,-0.0109639230222401,1.6685151085466807,1.0,-0.0109639230222401,1.6073690655642614,1.0,-0.0109639230222401,1.6122225336334535
2023-12-21,-0.0007699019658163,0.5,-0.0006349509829081501,1.5866825221002407,1.0963563665033633,0.5,-0.0006349509829081501,1.6179939652932736,0.5,-0.0006349509829081501,1.667455683238512,0.5,-0.0006349509829081501,1.6063484649961852,0.5,-0.0006349509829081501,1.6111988513510562
2023-12-22,-0.0055475652352579,0.5,-0.00277378261762895,1.5822814097007434,1.0902742580390956,0.5,-0.00277378261762895,1.6135060017569145,0.5,-0.00277378261762895,1.6628305236486782,0.5,-0.00277378261762895,1.601892803546124,0.5,-0.00277378261762895,1.606729735983635
2023-12-26,-0.0028409090909089,0.5,-0.00142045454545445,1.580033850880146,1.0871768879878483,0.5,-0.00142045454545445,1.6112140898226008,0.5,-0.00142045454545445,1.660468548473041,0.5,-0.00142045454545445,1.5996173876319961,0.5,-0.00142045454545445,1.6044474494268401
2023-12-27,0.0005180005180005,0.5,0.00025900025900025,1.5804430800567528,1.0877400461789841,0.5,0.00025900025900025,1.6116313946891696,0.5,0.00025900025900025,1.6608986102571572,0.5,0.00025900025900025,1.600031688949694,0.5,0.00025900025900025,1.6048630017317937
2023-12-28,0.0022262490292519,0.5,0.00111312451462595,1.5822023099931348,1.0901616264008684,0.5,0.00111312451462595,1.6134253411031387,0.5,0.00111312451462595,1.6627473972165425,0.5,0.00111312451462595,1.601812723446842,0.5,0.00111312451462595,1.6066494140816374
2023-12-29,-0.00542411406137,0.5,-0.002712057030685,1.577911287094352,1.0842484653939415,0.5,-0.002712057030685,1.6090496395633147,0.5,-0.002712057030685,1.6582379314476683,0.5,-0.002712057030685,1.5974685159883772,0.5,-0.002712057030685,1.6022920892423314
2024-01-02,-0.0357866306549629,-1.0,0.0350366306549629,1.633195982066574,1.045446866024678,-1.0,0.0350366306549629,1.6654253174901958,-1.0,0.0350366306549629,1.71633700138985,-1.0,0.0350366306549629,1.653438430365994,-1.0,0.0350366306549629,1.658431005374484
2024-01-03,-0.0074876104287868,-1.0,0.0074876104287868,1.6454247173341485,1.0376189671678893,-1.0,0.0074876104287868,1.677895373465801,-1.0,0.0074876104287868,1.7291882642207694,-1.0,0.0074876104287868,1.6658187332005594,-1.0,0.0074876104287868,1.6708486906657494
2024-01-04,-0.0127001356852103,0.5,-0.0071000678426051496,1.6337420902111766,1.0244410654953093,0.5,-0.0071000678426051496,1.6659822024814006,0.5,-0.0071000678426051496,1.7169109102321654,0.5,-0.0071000678426051496,1.6539913071813528,0.5,-0.0071000678426051496,1.6589855516072944
2024-01-05,-0.0040129734484084,0.5,-0.0020064867242042,1.6304640083963942,1.0203300107000175,0.5,-0.0020064867242042,1.662639431309361,0.5,-0.0020064867242042,1.713465951284143,0.5,-0.0020064867242042,1.6506725955815442,0.5,-0.0020064867242042,1.6556568191223477
2024-01-08,0.0241748537366155,0.5,0.01208742686830775,1.6501721228592936,1.0449963394717698,0.5,0.01208742686830775,1.682736463843678,0.5,0.01208742686830775,1.7341773456616256,0.5,0.01208742686830775,1.670624979864156,0.5,0.01208742686830775,1.6756694498425042
2024-01-09,-0.0022634188402673,0.5,-0.00113170942013365,1.6483046075230119,1.042631075068999,0.5,-0.00113170942013365,1.6808320951359437,0.5,-0.00113170942013365,1.732214760823358,0.5,-0.00113170942013365,1.6687343178369332,0.5,-0.00113170942013365,1.6737730789410874
2024-01-10,0.0056713838176516,0.5,0.0028356919088258,1.652978691561845,1.048544236075926,0.5,0.0028356919088258,1.6855984171082152,0.5,0.0028356919088258,1.7371267882049732,0.5,0.0028356919088258,1.6734663342400031,0.5,0.0028356919088258,1.678519383718251
2024-01-11,-0.0032225146355873,0.5,-0.00161125731779365,1.650315317548909,1.0451652869291106,0.5,-0.00161125731779365,1.6828824843237882,0.5,-0.00161125731779365,1.7343278299555427,0.5,-0.00161125731779365,1.6707699493628776,0.5,-0.00161125731779365,1.6758148570781766
2024-01-12,0.0017781130448837,0.5,0.00088905652244185,1.6517825411460614,1.0470237089598589,0.5,0.00088905652244185,1.6843786619729793,0.5,0.00088905652244185,1.7358697454248169,0.5,0.00088905652244185,1.6722553582838584,0.5,0.00088905652244185,1.6773047512072667
2024-01-16,-0.0123171256454388,0.5,-0.0061585628227194,1.6416099345969422,1.0341273863828468,0.5,-0.0061585628227194,1.6740053101659707,0.5,-0.0061585628227194,1.72517928254556,0.5,-0.0061585628227194,1.6619566686042382,0.5,-0.0061585628227194,1.666974964524111
2024-01-17,-0.0051734466045852,-1.0,0.004423446604585201,1.6488715084881882,1.028777383567056,-1.0,0.004423446604585201,1.6814101832712818,-1.0,0.004423446604585201,1.732810520985237,-1.0,0.004423446604585201,1.6693082451869432,-1.0,0.004423446604585201,1.6743487392708636
2024-01-18,0.0325706152835558,0.5,0.0155353076417779,1.6744872346343147,1.0622852959396418,0.5,0.0155353076417779,1.7075314077404193,0.5,0.0155353076417779,1.759730265513652,0.5,0.0155353076417779,1.6952414623248788,0.5,0.0155353076417779,1.7003602620350595
2024-01-19,0.0155330541271272,0.5,0.0077665270635636,1.687492185059694,1.0787858309399236,0.5,0.0077665270635636,1.7207929966305202,0.5,0.0077665270635636,1.7733972582453357,0.5,0.0077665270635636,1.7084076010213,0.5,0.0077665270635636,1.713566156027963
2024-01-22,0.0121632908749216,0.5,0.0060816454374608,1.697754914207713,1.09190741679339,0.5,0.0060816454374608,1.7312582495072928,0.5,0.0060816454374608,1.784182431589749,0.5,0.0060816454374608,1.7187975303133747,0.5,0.0060816454374608,1.7239874578225576
2024-01-23,0.0066532570013926,0.5,0.0033266285006963,1.7034027140925136,1.0991721574590432,0.5,0.0033266285006963,1.7370175025421695,0.5,0.0033266285006963,1.7901177437171172,0.5,0.0033266285006963,1.7245153311646415,0.5,0.0033266285006963,1.729722523634593
2024-01-24,-0.0034839635208525,0.5,-0.00174198176042625,1.7004354176339038,1.0953426817593193,0.5,-0.00174198176042625,1.7339916497351997,0.5,-0.00174198176042625,1.7869993912585465,0.5,-0.00174198176042625,1.7215112569121773,0.5,-0.00174198176042625,1.726709378547823
2024-01-25,-0.0016966580976864,0.5,-0.0008483290488432,1.6989928888734431,1.0934842597285708,0.5,-0.0008483290488432,1.7325206542482776,0.5,-0.0008483290488432,1.7854834277646767,0.5,-0.0008483290488432,1.7200508489050281,0.5,-0.0008483290488432,1.7252445608230906
2024-01-26,-0.0090127208116599,0.5,-0.00450636040582995,1.6913366145892372,1.0836289913836925,0.5,-0.00450636040582995,1.7247132917696906,0.5,-0.00450636040582995,1.7774373959405325,0.5,-0.00450636040582995,1.7122996798635084,0.5,-0.00450636040582995,1.717469987043824
2024-01-29,-0.0035859058309947,0.5,-0.00179295291549735,1.6883041276750221,1.0797431998648548,0.5,-0.00179295291549735,1.721620962044815,0.5,-0.00179295291549735,1.774250534379367,0.5,-0.00179295291549735,1.709229607160292,0.5,-0.00179295291549735,1.7143906442232746
2024-01-30,-0.0192458144265372,0.5,-0.0096229072132686,1.672057733706627,1.0589626626119404,0.5,-0.0096229072132686,1.7050539632706396,0.5,-0.0096229072132686,1.7571770861139422,0.5,-0.0096229072132686,1.6927818492444169,0.5,-0.0096229072132686,1.697893222126618
2024-01-31,-0.0193575834928737,0.5,-0.00967879174643685,1.6558742351140614,1.038463704454594,0.5,-0.00967879174643685,1.6885511010437064,0.5,-0.00967879174643685,1.7401697350358347,0.5,-0.00967879174643685,1.676397766253432,0.5,-0.00967879174643685,1.681459667221968
2024-02-01,0.0133405639913233,-1.0,-0.0140905639913233,1.6325420332426033,1.052317395956537,-1.0,-0.0140905639913233,1.6647584637018307,-1.0,-0.0140905639913233,1.7156497620285482,-1.0,-0.0140905639913233,1.6527763762531267,-1.0,-0.0140905639913233,1.6577669521821476
2024-02-02,-0.0054051161297229,-1.0,0.0054051161297229,1.6413661125189334,1.0466294982260644,-1.0,0.0054051161297229,1.673756676526078,-1.0,0.0054051161297229,1.7249230482302438,-1.0,0.0054051161297229,1.6617098245032373,-1.0,0.0054051161297229,1.666727375074709
2024-02-05,0.0098466505246166,-1.0,-0.0098466505246166,1.625204154026011,1.0569352931238514,-1.0,-0.0098466505246166,1.657275779469082,-1.0,-0.0098466505246166,1.707938333792464,-1.0,-0.0098466505246166,1.645347548588032,-1.0,-0.0098466505246166,1.6503156930925367
2024-02-06,0.0086317135549871,0.5,0.0035658567774935505,1.6309993992734555,1.0660584558202528,0.5,0.0035658567774935505,1.663185387539478,1.0,0.007631713554987101,1.72097282992555,0.5,0.0035658567774935505,1.6512146222954973,0.5,0.0035658567774935505,1.6562004824917549
2024-02-07,0.0005810882197569,0.5,0.00029054410987845,1.6314732765421296,1.0666779298305022,0.5,0.00029054410987845,1.6636686162574634,1.0,0.0005810882197569,1.7219728669635417,0.5,0.00029054410987845,1.6516943729781504,0.5,0.00029054410987845,1.6566816817867207
2024-02-08,-0.0057547120004224,0.5,-0.0028773560002112,1.6267789471206868,1.060539505547121,0.5,-0.0028773560002112,1.658881649382112,0.5,-0.0031273560002112004,1.7165876447858424,0.5,-0.0028773560002112,1.6469418602635466,0.5,-0.0028773560002112,1.6519148188091917
2024-02-09,0.0028143585386575,-1.0,-0.0035643585386575,1.6209805236900088,1.0635242439601411,-1.0,-0.0035643585386575,1.6529688004105145,-1.0,-0.0035643585386575,1.710469110956796,-1.0,-0.0035643585386575,1.6410715689812436,-1.0,-0.0035643585386575,1.6460268021196343
2024-02-12,-0.0090018533227428,0.5,-0.0052509266613714,1.6124688738406012,1.053950554710831,0.5,-0.0052509266613714,1.644289182466024,0.5,-0.0052509266613714,1.7014875630986208,0.5,-0.0052509266613714,1.6324544225264614,0.5,-0.0052509266613714,1.6373836360990524
2024-02-13,-0.0112743788405023,0.5,-0.00563718942025115,1.6033790813645028,1.0420679168778635,0.5,-0.00563718942025115,1.635020012882793,0.5,-0.00563718942025115,1.6918959554092323,0.5,-0.00563718942025115,1.6232519677267532,0.5,-0.00563718942025115,1.6281533943887425
2024-02-14,-0.0048097708603543,0.5,-0.00240488543017715,1.5995231383726785,1.0370558089767543,0.5,-0.00240488543017715,1.6310879770757631,0.5,-0.00240488543017715,1.687827139476693,0.5,-0.00240488543017715,1.6193482327200608,0.5,-0.00240488543017715,1.6242378720124835
2024-02-15,-0.0015748031496062,0.5,-0.0007874015748031,1.59826367133459,1.0354226502224604,0.5,-0.0007874015748031,1.6298036558339712,0.5,-0.0007874015748031,1.6864981417290739,0.5,-0.0007874015748031,1.6180731553714625,0.5,-0.0007874015748031,1.622958944554206
2024-02-16,-0.0084303274230392,-1.0,0.007680327423039201,1.6105388596387884,1.026693698259854,-1.0,0.007680327423039201,1.6423210815460425,-1.0,0.007680327423039201,1.6994509996559004,-1.0,0.007680327423039201,1.6305004869991455,-1.0,0.007680327423039201,1.6354238006425326
2024-02-20,-0.004113871976304,-1.0,0.004113871976304,1.6171644103202052,1.022470011826335,-1.0,0.004113871976304,1.6490773802195082,-1.0,0.004113871976304,1.7064423234984867,-1.0,0.004113871976304,1.6372081572599615,-1.0,0.004113871976304,1.6421517247853765
2024-02-21,0.0041859440405374,-1.0,-0.0041859440405374,1.6103950505942561,1.0267500140789676,-1.0,-0.0041859440405374,1.6421744345873934,-1.0,-0.0041859440405374,1.6992992514239174,-1.0,-0.0041859440405374,1.63035489553096,-1.0,-0.0041859440405374,1.635277769559353
2024-02-22,0.0112439666520405,0.5,0.004871983326020251,1.6182408684290568,1.0382947569972536,0.5,0.004871983326020251,1.65017508105112,0.5,0.004871983326020251,1.7075782090427734,0.5,0.004871983326020251,1.6382979573974823,0.5,0.004871983326020251,1.6432448155860577
2024-02-23,-0.0100341704181807,-1.0,0.0092841704181807,1.633264892429217,1.0278763304612397,-1.0,0.0092841704181807,1.6654955877234339,-1.0,0.0092841704181807,1.7234316561378984,-1.0,0.0092841704181807,1.653508194829718,-1.0,0.0092841704181807,1.6585009804927506
2024-02-26,-0.0074512382204691,0.5,-0.00447561911023455,1.6259550208645857,1.0202173790617914,0.5,-0.00447561911023455,1.6580414638430077,0.5,-0.00447561911023455,1.7157182324825044,0.5,-0.00447561911023455,1.6461077219540086,0.5,-0.00447561911023455,1.6510781618101145
2024-02-27,0.008114374034003,0.5,0.0040571870170015,1.6325518244654658,1.0284958044714891,0.5,0.0040571870170015,1.6647684481437615,0.5,0.0040571870170015,1.722679222220165,0.5,0.0040571870170015,1.652786288832106,0.5,0.0040571870170015,1.657776894692265
2024-02-28,-0.0066254175108142,0.5,-0.0033127087554071,1.627143655742903,1.0216815903587448,0.5,-0.0033127087554071,1.6592535551298702,0.5,-0.0033127087554071,1.7169724876779584,0.5,-0.0033127087554071,1.647311089222275,0.5,-0.0033127087554071,1.6522851626587063
2024-02-29,-0.0036930878624186,0.5,-0.0018465439312093,1.6241390635001853,1.0179084304781345,0.5,-0.0018465439312093,1.6561896705473076,0.5,-0.0018465439312093,1.7138020225507833,0.5,-0.0018465439312093,1.6442692569276578,0.5,-0.0018465439312093,1.6492341455189716
2024-03-01,-0.006030428769018,0.5,-0.003015214384509,1.6192419360334767,1.0117700061947532,0.5,-0.003015214384509,1.651195903629198,0.5,-0.003015214384509,1.7086345420401876,0.5,-0.003015214384509,1.6393114326121636,0.5,-0.003015214384509,1.6442613509999793
2024-03-04,-0.0253812757430702,0.5,-0.0126906378715351,1.5986927229968724,0.9860899926789563,0.5,-0.0126906378715351,1.6302411743612777,0.5,-0.0126906378715351,1.6869508798123594,0.5,-0.0126906378715351,1.6185075248622152,0.5,-0.0126906378715351,1.6233946256282774
2024-03-05,-0.0284408909194745,0.5,-0.01422044545973725,1.5759586003226165,0.9580447147603885,0.5,-0.01422044545973725,1.6070584186550552,0.5,-0.01422044545973725,1.662961686832732,0.5,-0.01422044545973725,1.5954916268787378,0.5,-0.01422044545973725,1.6003092308949
2024-03-06,-0.0058782036209734,0.5,-0.0029391018104867,1.571326697547156,0.9524131328490296,0.5,-0.0029391018104867,1.602335110347228,0.5,-0.0029391018104867,1.6580740731281918,0.5,-0.0029391018104867,1.590802314549562,0.5,-0.0029391018104867,1.5956057591370383
2024-03-07,-0.0007095553453169,0.5,-0.00035477767265845,1.570769225918414,0.9517373430196666,0.5,-0.00035477767265845,1.60176663762596,0.5,-0.00035477767265845,1.657485825467432,0.5,-0.00035477767265845,1.5902379334067465,0.5,-0.00035477767265845,1.5950396738393313
2024-03-08,0.0102366863905325,0.5,0.00511834319526625,1.578808961897227,0.9614799797263176,0.5,0.00511834319526625,1.6099650289960572,0.5,0.00511834319526625,1.6659694067634634,0.5,0.00511834319526625,1.598377316912053,0.5,0.00511834319526625,1.6032036343001064
2024-03-11,0.0118315468868974,0.5,0.0059157734434487,1.5881488380262974,0.9728557751872627,0.5,0.0059157734434487,1.6194892173594733,0.5,0.0059157734434487,1.6758249043375928,0.5,0.0059157734434487,1.6078329549960522,0.5,0.0059157734434487,1.6126878237843394
2024-03-12,0.002778581765557,0.5,0.0013892908827785,1.5903552387274624,0.9755589345047149,0.5,0.0013892908827785,1.6217391589639087,0.5,0.0013892908827785,1.678153112598322,0.5,0.0013892908827785,1.6100667026614588,0.5,0.0013892908827785,1.6149283162746908
2024-03-13,-0.0121226115568896,0.5,-0.0060613057784448,1.5807156093291836,0.9637326124908611,0.5,-0.0060613057784448,1.6119093020285507,0.5,-0.0060613057784448,1.6679813134398147,0.5,-0.0060613057784448,1.6003075960529354,0.5,-0.0060613057784448,1.6051397419394808
2024-03-14,0.0109273651609886,0.5,0.0054636825804943,1.589352137668591,0.9742636706651023,0.5,0.0054636825804943,1.6207162628033809,0.5,0.0054636825804943,1.677094633886646,0.5,0.0054636825804943,1.6090511687889226,0.5,0.0054636825804943,1.6139097159867748
2024-03-15,-0.0021965317919074,0.5,-0.0010982658959537,1.5876066064191285,0.972123669538786,0.5,-0.0010982658959537,1.6189362854049263,0.5,-0.0010982658959537,1.6752527380459612,0.5,-0.0010982658959537,1.6072840027653972,0.5,-0.0010982658959537,1.6121372139865582
2024-03-18,0.0063723786351523,0.5,0.00318618931757615,1.5926650216290146,0.9783184096412809,0.5,0.00318618931757615,1.62409452290332,0.5,0.00318618931757615,1.6805904104241636,0.5,0.00318618931757615,1.6124051138853195,0.5,0.00318618931757615,1.6172737883562291
2024-03-19,0.0135850794381764,0.5,0.0067925397190882,1.6034832620476323,0.9916089429520881,0.5,0.0067925397190882,1.6351262494576944,0.5,0.0067925397190882,1.6920058875384885,0.5,0.0067925397190882,1.6233574396646464,0.5,0.0067925397190882,1.6282591848002792
2024-03-20,0.0147092230804177,1.0,0.0144592230804177,1.6266683842392948,1.0061947401025078,1.0,0.0144592230804177,1.6587689046632499,1.0,0.0144592230804177,1.7164709781197875,1.0,0.0144592230804177,1.6468299270240132,1.0,0.0144592230804177,1.6518025475860454
2024-03-21,-0.0408574466894273,0.5,-0.02067872334471365,1.593030958748018,0.9650841921495874,0.5,-0.02067872334471365,1.624467681390905,0.5,-0.02067872334471365,1.6809765496340183,0.5,-0.02067872334471365,1.6127755865672886,0.5,-0.02067872334471365,1.6176453796844203
2024-03-22,0.0053101476337749,0.5,0.00265507381688745,1.5972605735360808,0.9702089316889241,0.5,0.00265507381688745,1.6287807629981457,0.5,0.00265507381688745,1.6854396664577533,0.5,0.00265507381688745,1.6170576247996986,0.5,0.00265507381688745,1.6219403475770293
2024-03-25,-0.0083004411423265,0.5,-0.00415022057116325,1.5906315898462833,0.9621557695556807,0.5,-0.00415022057116325,1.6220209635696359,0.5,-0.00415022057116325,1.6784447200825658,0.5,-0.00415022057116325,1.6103464789804987,0.5,-0.00415022057116325,1.6152089373813154
2024-03-26,-0.0066725197541702,0.5,-0.0033362598770851,1.5853248294938551,0.9557357661767316,0.5,-0.0033362598770851,1.6166094801090876,0.5,-0.0033362598770851,1.672844992307049,0.5,-0.0033362598770851,1.6049739446344709,0.5,-0.0033362598770851,1.6098201806104209
2024-03-27,0.0212126568852748,0.5,0.0106063284426374,1.6021393053237352,0.9760094610576239,0.5,0.0106063284426374,1.633755771218606,0.5,0.0106063284426374,1.6905877357290788,0.5,0.0106063284426374,1.6219968254331394,0.5,0.0106063284426374,1.626894462179561
2024-03-28,-0.0105591137268479,0.5,-0.00527955686342395,1.593680719758152,0.9657036661598368,0.5,-0.00527955686342395,1.6251302647235102,0.5,-0.00527955686342395,1.68166218164569,0.5,-0.00527955686342395,1.6134334009609719,0.5,-0.00527955686342395,1.6183051803556943
2024-04-01,-0.0084557965943549,0.5,-0.00422789829717745,1.586942799756842,0.9575378723883664,0.5,-0.00422789829717745,1.6182593792445943,0.5,-0.00422789829717745,1.6745522849714827,0.5,-0.00422789829717745,1.6066119686324398,0.5,-0.00422789829717745,1.611463150639355
2024-04-02,-0.0069987649238369,0.5,-0.00349938246191845,1.581389479955305,0.9508362899138493,0.5,-0.00349938246191845,1.6125964707540306,0.5,-0.00349938246191845,1.6686923860738878,0.5,-0.00349938246191845,1.6009898188862992,0.5,-0.00349938246191845,1.6058240247519797
2024-04-03,0.0047974413646054,0.5,0.0023987206823027,1.5851827916076495,0.95539787126205,0.5,0.0023987206823027,1.6164646392606365,0.5,0.0023987206823027,1.672695113012764,0.5,0.0023987206823027,1.6048301462770178,0.5,0.0023987206823027,1.6096759480522906
2024-04-04,-0.0048924255820808,0.5,-0.0024462127910404,1.5813050971866818,0.950723658275622,0.5,-0.0024462127910404,1.6125104227838127,0.5,-0.0024462127910404,1.6686033448318014,0.5,-0.0024462127910404,1.6009043902457478,0.5,-0.0024462127910404,1.6057383381587351
2024-04-05,0.0045018362753228,0.5,0.0022509181376614,1.5848644855111156,0.9550036605282548,0.5,0.0022509181376614,1.6161400517416247,0.5,0.0022509181376614,1.6723592343652456,0.5,0.0022509181376614,1.6045078949744136,0.5,0.0022509181376614,1.6093527237084349
2024-04-08,-0.0066635216417031,0.5,-0.00333176082085155,1.5795840961119307,0.9486399729684191,0.5,-0.00333176082085155,1.610755459636223,0.5,-0.00333176082085155,1.6667873333897982,0.5,-0.00333176082085155,1.599162058433191,0.5,-0.00333176082085155,1.6039907453566524
2024-04-09,0.0072425051944196,-1.0,-0.0079925051944196,1.5669592620187336,0.955510502900277,-1.0,-0.0079925051944196,1.5978814882581407,-1.0,-0.0079925051944196,1.6534655269696874,-1.0,-0.0079925051944196,1.586380747374445,-1.0,-0.0079925051944196,1.5911708409925884
2024-04-10,-0.0111392703483231,0.5,-0.006319635174161549,1.5570566511500017,0.9448668130878086,0.5,-0.006319635174161549,1.587783460200803,0.5,-0.006319635174161549,1.6430162280661862,0.5,-0.006319635174161549,1.5763553998037247,0.5,-0.006319635174161549,1.5811152217777513
2024-04-11,0.0432709500536416,0.5,0.0216354750268208,1.590744311441303,0.9857520977642747,0.5,0.0216354750268208,1.6221359096019765,0.5,0.0216354750268208,1.6785636646371735,0.5,0.0216354750268208,1.6104605976895725,0.5,0.0216354750268208,1.6153234006730501
2024-04-12,0.0086265996343692,0.5,0.0043132998171846,1.5976056685890303,0.9942557864504268,0.5,0.0043132998171846,1.6291326681243115,0.5,0.0043132998171846,1.685803812984986,0.5,0.0043132998171846,1.61740699709117,0.5,0.0043132998171846,1.6222907748018673
2024-04-15,-0.021863494760691,0.5,-0.0109317473803455,1.580141047006607,0.9725178802725811,0.5,-0.0109317473803455,1.6113234013473081,0.5,-0.0109317473803455,1.6673750315686109,0.5,-0.0109317473803455,1.599725912387766,0.5,-0.0109317473803455,1.6045563018742683
2024-04-16,-0.01916729399502,0.5,-0.00958364699751,1.56499753300582,0.9538773441459829,0.5,-0.00958364699751,1.5958810466699684,0.5,-0.00958364699751,1.6513954978535952,0.5,-0.00958364699751,1.584394703950672,0.5,-0.00958364699751,1.5891788006894751
2024-04-17,-0.0081473609635139,0.5,-0.00407368048175695,1.5586222331016164,0.9461057611083077,0.5,-0.00407368048175695,1.5893799371989432,0.5,-0.00407368048175695,1.6446682402463277,0.5,-0.00407368048175695,1.5779403861697892,0.5,-0.00407368048175695,1.5827049940270845
2024-04-18,-0.0057142857142857,0.5,-0.00285714285714285,1.554169026721326,0.9406994424734031,0.5,-0.00285714285714285,1.584838851664089,0.5,-0.00285714285714285,1.639969188131338,0.5,-0.00285714285714285,1.5734319850664469,0.5,-0.00285714285714285,1.5781829797584357
2024-04-19,-0.0122126436781608,0.5,-0.0061063218390804,1.5446787704518352,0.9292110153742309,0.5,-0.0061063218390804,1.5751613155727493,0.5,-0.0061063218390804,1.6299550084624326,0.5,-0.0061063218390804,1.5638241029737279,0.5,-0.0061063218390804,1.5685460865630716
2024-04-22,0.005090909090909,0.5,0.0025454545454545,1.5486106800493487,0.9339415441797724,0.5,0.0025454545454545,1.5791708171032979,0.5,0.0025454545454545,1.6341039848476095,0.5,0.0025454545454545,1.5678047461449336,0.5,0.0025454545454545,1.5725387493288683
2024-04-23,0.0063917028461166,0.5,0.0031958514230583,1.5535598096949477,0.9399110210058128,0.5,0.0031958514230583,1.5842176124063896,0.5,0.0031958514230583,1.6393263383930101,0.5,0.0031958514230583,1.5728152171739784,0.5,0.0031958514230583,1.5775643495287253
2024-04-24,0.012702216896345,-1.0,-0.013452216896345001,1.5326609861734868,0.9518499746578938,-1.0,-0.013452216896345001,1.562906373473289,-1.0,-0.013452216896345001,1.6172737649250564,-1.0,-0.013452216896345001,1.5516573657346822,-1.0,-0.013452216896345001,1.5563426117309234
2024-04-25,0.0051473198438052,-1.0,-0.0051473198438052,1.5247718898655298,0.9567494509207759,-1.0,-0.0051473198438052,1.5548615944831004,-1.0,-0.0051473198438052,1.608949139581992,-1.0,-0.0051473198438052,1.5436704889852495,-1.0,-0.0051473198438052,1.548331618521801
2024-04-26,-0.0034728353640589,0.5,-0.0024864176820294497,1.5209806700775068,0.9534268175930743,0.5,-0.0024864176820294497,1.5509955591214692,0.5,-0.0024864176820294497,1.6049486199918492,0.5,-0.0024864176820294497,1.5398322793862096,0.5,-0.0024864176820294497,1.544481819407863
2024-04-29,0.0248080330773774,1.0,0.0245580330773774,1.5583329636833219,0.9770794616207821,1.0,0.0245580330773774,1.5890849593652396,1.0,0.0245580330773774,1.6443630012891002,1.0,0.0245580330773774,1.5776475314369895,1.0,0.0245580330773774,1.5824112550162894
2024-04-30,-0.0182708933717578,0.5,-0.009385446685878901,1.5437073127338243,0.9592273469617743,0.5,-0.009385446685878901,1.5741706871997851,0.5,-0.009385446685878901,1.6289299200082694,0.5,-0.009385446685878901,1.5628406046415793,0.5,-0.009385446685878901,1.5675596185471994
2024-05-01,-0.0060470850701579,0.5,-0.00302354253507895,1.539039848012061,0.9534268175930745,0.5,-0.00302354253507895,1.569411115169562,0.5,-0.00302354253507895,1.6240047811084617,0.5,-0.00302354253507895,1.558115289597897,0.5,-0.00302354253507895,1.5628200353642498
2024-05-02,0.022031896042528,0.5,0.011015948021264,1.5559938309804158,0.9744326181224434,0.5,0.011015948021264,1.5866996664382638,0.5,0.011015948021264,1.6418947333634366,0.5,0.011015948021264,1.575279406639244,0.5,0.011015948021264,1.5800359796404122
2024-05-03,0.0598162168410101,0.5,0.02990810842050505,1.602530663179015,1.0327194909050088,0.5,0.02990810842050505,1.6341548520928786,0.5,0.02990810842050505,1.6910006990639266,0.5,0.02990810842050505,1.6223930339255994,0.5,0.02990810842050505,1.6272918670277965
2024-05-06,-0.0091067728214635,0.5,-0.00455338641073175,1.5952337218345147,1.0233147491130394,0.5,-0.00455338641073175,1.6267139135963276,0.5,-0.00455338641073175,1.683300919460271,0.5,-0.00455338641073175,1.6150056515320568,0.5,-0.00455338641073175,1.6198821783541777
2024-05-07,0.0037972593693247,0.5,0.00189862968466235,1.5982624799327643,1.0272005406318772,0.5,0.00189862968466235,1.629802440921135,0.5,0.00189862968466235,1.6864968845541777,0.5,0.00189862968466235,1.618071949202953,0.5,0.00189862968466235,1.6229577347436566
2024-05-08,0.0018640350877192,1.0,0.0016140350877192,1.6008421316547607,1.0291152784817392,1.0,0.0016140350877192,1.632432999246832,1.0,0.0016140350877192,1.6892189497011771,1.0,0.0016140350877192,1.6206835741034207,1.0,0.0016140350877192,1.625577245473418
2024-05-09,0.0100142278647257,0.5,0.0047571139323628496,1.6084575200627689,1.039421073379526,0.5,0.0047571139323628496,1.6401986690111978,0.5,0.0047571139323628496,1.6972547567016119,0.5,0.0047571139323628496,1.6283933505137396,0.5,0.0047571139323628496,1.6333103016359916
2024-05-10,-0.0082353578588069,0.5,-0.00411767892940345,1.601834408423566,1.0308610688742603,0.5,-0.00411767892940345,1.6334448575117748,0.5,-0.00411767892940345,1.690266006552112,0.5,-0.00411767892940345,1.6216881495255486,0.5,-0.00411767892940345,1.6265848542217676
2024-05-13,0.0176454520622779,0.5,0.00882272603113895,1.6159669545563387,1.0490510784479496,0.5,0.00882272603113895,1.647856293976574,0.5,0.00882272603113895,1.7051787604476685,0.5,0.00882272603113895,1.6359958597767572,0.5,0.00882272603113895,1.6409357667569662
2024-05-14,0.0061735022546705,0.5,0.00308675112733525,1.6209550423750518,1.0555273976460127,0.5,0.00308675112733525,1.6529428162496924,0.5,0.00308675112733525,1.7104422229087883,0.5,0.00308675112733525,1.6410457718412388,0.5,0.00308675112733525,1.6460009270848879
2024-05-15,0.0122178946806807,0.5,0.00610894734034035,1.6308573713699803,1.0684237202230247,0.5,0.00610894734034035,1.6630405568707558,0.5,0.00610894734034035,1.720891224377233,0.5,0.00610894734034035,1.6510708340445053,0.5,0.00610894734034035,1.656056260070601
2024-05-16,0.0006325110689437,0.5,0.00031625553447185,1.6313731390396102,1.069099510052388,0.5,0.00031625553447185,1.6635665026509172,0.5,0.00031625553447185,1.7214354657511661,0.5,0.00031625553447185,1.6515929943335768,0.5,0.00031625553447185,1.656579997028245
2024-05-17,0.0001580278128949,0.5,7.901390644745e-05,1.6315020402041993,1.0692684575097287,0.5,7.901390644745e-05,1.6636979475389269,0.5,7.901390644745e-05,1.7215714830920124,0.5,7.901390644745e-05,1.6517234931479203,0.5,7.901390644745e-05,1.656710889885153
2024-05-20,0.0061621109179965,0.5,0.00308105545899825,1.6365287884715372,1.0758574083460186,0.5,0.00308105545899825,1.6688238931823158,0.5,0.00308105545899825,1.7268757403080486,0.5,0.00308105545899825,1.6568125448332394,0.5,0.00308105545899825,1.6618153080164153
2024-05-21,0.006857202680067,0.5,0.0034286013400335,1.642139793268694,1.083234780649899,0.5,0.0034286013400335,1.6745456250187607,0.5,0.0034286013400335,1.73279650878534,0.5,0.0034286013400335,1.662493094544639,0.5,0.0034286013400335,1.6675130102083686
2024-05-22,-0.0075383415648556,1.0,-0.0077883415648556005,1.629350247661476,1.0750689868784287,1.0,-0.0077883415648556005,1.66150369172518,1.0,-0.0077883415648556005,1.7193008977125306,1.0,-0.0077883415648556005,1.6495450304751116,1.0,-0.0077883415648556005,1.6545258493210253
2024-05-23,-0.0210581456259822,0.5,-0.0107790728129911,1.611787362704068,1.0524300275947656,0.5,-0.0107790728129911,1.643594222453021,0.5,-0.0107790728129911,1.7007684281486464,0.5,-0.0107790728129911,1.6317644644833127,0.5,-0.0107790728129911,1.636691594720218
2024-05-24,0.0165881849315068,0.5,0.0082940924657534,1.6251556761254682,1.0698879315199783,0.5,0.0082940924657534,1.6572263449102242,0.5,0.0082940924657534,1.7148747587545452,0.5,0.0082940924657534,1.6452984698340678,0.5,0.0082940924657534,1.6502664661447488
2024-05-28,5.263711969694107e-05,0.5,2.6318559848470535e-05,1.625198447882393,1.069944247339092,0.5,2.6318559848470535e-05,1.657269960720965,0.5,2.6318559848470535e-05,1.714919891788516,0.5,2.6318559848470535e-05,1.6453417717203145,0.5,2.6318559848470535e-05,1.6503098987815037
2024-05-29,0.001579030475288,0.5,0.000789515237644,1.6264815668211916,1.0716337219124996,0.5,0.000789515237644,1.6585784006078441,0.5,0.000789515237644,1.7162738471744219,0.5,0.000789515237644,1.64664079412022,0.5,0.000789515237644,1.6516128435934265
2024-05-30,0.005255136896316,0.5,0.002627568448158,1.6307552584676817,1.0772653038238584,0.5,0.002627568448158,1.6629364288820776,0.5,0.002627568448158,1.7207834741836563,0.5,0.002627568448158,1.6509674555163,0.5,0.002627568448158,1.6559525693898252
2024-05-31,0.0050185582100477,0.5,0.00250927910502385,1.6348472785631625,1.0826716224587631,0.5,0.00250927910502385,1.6671092005160544,0.5,0.00250927910502385,1.7251014001996956,0.5,0.00250927910502385,1.6551101936555015,0.5,0.00250927910502385,1.6601078165711056
2024-06-03,0.0092587776332899,0.5,0.00462938881664495,1.642415622271465,1.0926958382609822,0.5,0.00462938881664495,1.674826897205049,0.5,0.00462938881664495,1.7330875653293585,0.5,0.00462938881664495,1.6627723422763252,0.5,0.00462938881664495,1.6677931011315645
2024-06-04,0.0016492295005927,1.0,0.0013992295005927,1.6447137386623816,1.094497944472617,1.0,0.0013992295005927,1.6771703644080045,1.0,0.0013992295005927,1.7355125525778776,1.0,0.0013992295005927,1.665098942390408,1.0,0.0013992295005927,1.6701267264395527
2024-06-05,0.0078209416002059,0.5,0.00366047080010295,1.6507341652772833,1.103057948977883,0.5,0.00366047080010295,1.683309597553718,0.5,0.00366047080010295,1.741865345599801,0.5,0.00366047080010295,1.6711939884483102,0.5,0.00366047080010295,1.6762401765541561
2024-06-06,-0.0070965436258744,0.5,-0.0035482718129372,1.6448769117679776,1.0952300501210939,0.5,-0.0035482718129372,1.6773367575562717,0.5,-0.0035482718129372,1.7356847338920771,0.5,-0.0035482718129372,1.6652641379251492,0.5,-0.0035482718129372,1.6702924207839762
2024-06-07,0.0123920197449609,0.5,0.00619600987248045,1.655068585352307,1.108802162527469,0.5,0.00619600987248045,1.6877295526655647,0.5,0.00619600987248045,1.7464390536387862,0.5,0.00619600987248045,1.675582130964021,0.5,0.00619600987248045,1.6806415691130832
2024-06-10,-0.0191477474732083,0.5,-0.00957387373660415,1.639223167690724,1.0875710987216458,0.5,-0.00957387373660415,1.6715714430268092,0.5,-0.00957387373660415,1.729718866650574,0.5,-0.00957387373660415,1.6595403192068614,0.5,-0.00957387373660415,1.6645513189339063
2024-06-11,0.072649130074565,0.5,0.0363245650372825,1.6987672362561261,1.1665821929380122,0.5,0.0363245650372825,1.7322905486235007,0.5,0.0363245650372825,1.7925501521184375,0.5,0.0363245650372825,1.7198223994638837,0.5,0.0363245650372825,1.7250154215764153
2024-06-12,0.0285783248853486,0.5,0.0142891624426743,1.7230411972472826,1.1999211578532571,0.5,0.0142891624426743,1.7570435296706912,0.5,0.0142891624426743,1.8181641924286982,0.5,0.0142891624426743,1.7443972211023728,0.5,0.0142891624426743,1.7496644471514389
2024-06-13,0.0054911531421599,0.5,0.00274557657107995,1.7277719387894503,1.2065101086895473,0.5,0.00274557657107995,1.7618676272201228,0.5,0.00274557657107995,1.823156101437807,0.5,0.00274557657107995,1.7491865972432885,0.5,0.00274557657107995,1.7544682848647895
2024-06-14,-0.0081684092606422,0.5,-0.0040842046303211,1.7207153646369076,1.1966548403446693,0.5,-0.0040842046303211,1.7546717992990175,0.5,-0.0040842046303211,1.8157099588465166,0.5,-0.0040842046303211,1.7420425612435317,0.5,-0.0040842046303211,1.747302677371993
2024-06-17,0.0196715139535976,0.5,0.0098357569767988,1.73763990278972,1.2201948527341497,0.5,0.0098357569767988,1.771930324690965,0.5,0.0098357569767988,1.8335688407420845,0.5,0.0098357569767988,1.7591768685191633,0.5,0.0098357569767988,1.764488721871534
2024-06-18,-0.0109844463931323,0.5,-0.00549222319656615,1.7280963966083394,1.2067916877851155,0.5,-0.00549222319656615,1.7621984878589982,0.5,-0.00549222319656615,1.8234984714224598,0.5,-0.00549222319656615,1.7495150765150198,0.5,-0.00549222319656615,1.7547977559831918
2024-06-20,-0.0215129030752717,0.5,-0.01075645153763585,1.7095082114658586,1.1808300951737507,0.5,-0.01075645153763585,1.743243485224648,0.5,-0.01075645153763585,1.803884098485651,0.5,-0.01075645153763585,1.7306965023801228,0.5,-0.01075645153763585,1.7359223589626065
2024-06-21,-0.010444486837085,0.5,-0.0052222434185425,1.7005807434595868,1.1684969307878748,0.5,-0.0052222434185425,1.7341398434070163,0.5,-0.0052222434185425,1.7944637766245208,0.5,-0.0052222434185425,1.7216583839610737,0.5,-0.0052222434185425,1.7268569498484132
2024-06-24,0.0031326810930645,0.5,0.00156634054653225,1.7032444320307194,1.172157459030258,0.5,0.00156634054653225,1.7368560969571019,0.5,0.00156634054653225,1.7972745179971312,0.5,0.00156634054653225,1.7243550872951492,0.5,0.00156634054653225,1.7295617959070217
2024-06-25,0.0044681464398963,0.5,0.00223407321994815,1.707049604803345,1.1773948302078219,0.5,0.00223407321994815,1.7407363606502175,0.5,0.00223407321994815,1.8012897608666838,0.5,0.00223407321994815,1.7282074228173567,0.5,0.00223407321994815,1.733425763597503
2024-06-26,0.0199933036781938,0.5,0.0099966518390969,1.724114385374632,1.2009348425973023,0.5,0.0099966518390969,1.7581378959912943,0.5,0.0099966518390969,1.819296627467398,0.5,0.0099966518390969,1.7454837107290047,0.5,0.0099966518390969,1.7507542174451078
2024-06-27,0.0039859320046893,0.5,0.00199296600234465,1.7275504867288367,1.2057216872219574,0.5,0.00199296600234465,1.7616418050454385,0.5,0.00199296600234465,1.8229224237941206,0.5,0.00199296600234465,1.7489624004221338,0.5,0.00199296600234465,1.7542434110789373
2024-06-28,-0.0162540868752918,0.5,-0.0081270434376459,1.7135106088824652,1.1861237821704282,0.5,-0.0081270434376459,1.7473248655742613,0.5,-0.0081270434376459,1.808107454072487,0.5,-0.0081270434376459,1.7347485070230937,0.5,-0.0081270434376459,1.7399865986768948
2024-07-01,0.0291045484759282,0.5,0.0145522742379641,1.7384460851725836,1.2206453792870589,0.5,0.0145522742379641,1.7727524162009116,0.5,0.0145522742379641,1.8344195295958567,0.5,0.0145522742379641,1.7599930430311923,0.5,0.0145522742379641,1.765307360831223
2024-07-02,0.016239907727797,0.5,0.0081199538638985,1.75256218717906,1.2404685476150425,0.5,0.0081199538638985,1.7871470840325776,0.5,0.0081199538638985,1.8493149315432096,0.5,0.0081199538638985,1.774284105341388,0.5,0.0081199538638985,1.7796415751567731
2024-07-03,0.005811050074908,0.5,0.002905525037454,1.7576543004936036,1.247676972461582,0.5,0.002905525037454,1.792339684630847,0.5,0.002905525037454,1.8546881623789457,0.5,0.002905525037454,1.779439332233014,0.5,0.002905525037454,1.784812368311085
2024-07-05,0.0216204017151884,0.5,0.0108102008575942,1.7766548965201536,1.2746522498169914,0.5,0.0108102008575942,1.8117152366267433,0.5,0.0108102008575942,1.8747377139424641,0.5,0.0108102008575942,1.798675428828356,0.5,0.0108102008575942,1.804106548505646
2024-07-08,0.0065388353804012,0.5,0.0032694176902006,1.7824635234682182,1.2829869910458027,0.5,0.0032694176902006,1.8176384904709768,0.5,0.0032694176902006,1.880867014588914,0.5,0.0032694176902006,1.8045560500942965,0.5,0.0032694176902006,1.810004926370337
2024-07-09,0.0037749100166799,0.5,0.00188745500833995,1.7858278431727714,1.2878301514895716,0.5,0.00188745500833995,1.8210692013431675,0.5,0.00188745500833995,1.884417066455621,0.5,0.00188745500833995,1.807962068448877,0.5,0.00188745500833995,1.8134212292337346
2024-07-10,0.0188035683050549,0.5,0.00940178415252745,1.8026178110878552,1.312045953708415,0.5,0.00940178415252745,1.8381905009010113,0.5,0.00940178415252745,1.9021339489677755,0.5,0.00940178415252745,1.8249601375723903,0.5,0.00940178415252745,1.830470624208601
2024-07-11,-0.023220877328526,0.5,-0.011610438664263,1.7816886275571115,1.2815790955679631,0.5,-0.011610438664263,1.8168483028370692,0.5,-0.011610438664263,1.8800493394220728,0.5,-0.011610438664263,1.803771549830381,0.5,-0.011610438664263,1.8092180572994918
2024-07-12,0.0130509293843652,0.5,0.0065254646921826,1.7933149737886989,1.2983048938446993,0.5,0.0065254646921826,1.8287040822882845,0.5,0.0065254646921826,1.8923175350060328,0.5,0.0065254646921826,1.8155419973915627,0.5,0.0065254646921826,1.8210240458528588
2024-07-15,0.0167432983430206,0.5,0.0083716491715103,1.808327977603274,1.3200428000225448,0.5,0.0083716491715103,1.8440133513037107,0.5,0.0083716491715103,1.9081593535302004,0.5,0.0083716491715103,1.8307410780498679,0.5,0.0083716491715103,1.836269020297623
2024-07-16,0.0017918088737201,0.5,0.00089590443686005,1.8099480666617067,1.3224080644253156,0.5,0.00089590443686005,1.8456654110467727,0.5,0.00089590443686005,1.909868881961264,0.5,0.00089590443686005,1.8323812471044345,0.5,0.00089590443686005,1.837914141860176
2024-07-17,-0.0252959713823354,0.5,-0.0126479856911677,1.787055869412813,1.2889564678718433,0.5,-0.0126479856911677,1.82232146133717,0.5,-0.0126479856911677,1.8857128876702114,0.5,-0.0126479856911677,1.8092053153102936,0.5,-0.0126479856911677,1.814668230092334
2024-07-18,-0.0205347780496329,0.5,-0.01026738902481645,1.76870747159247,1.2624880328884562,0.5,-0.01026738902481645,1.8036109779653493,0.5,-0.01026738902481645,1.8663515398633912,0.5,-0.01026738902481645,1.790629500512237,0.5,-0.01026738902481645,1.7960363254230007
2024-07-19,0.0005798911588901,0.5,0.00028994557944505,1.7692203005051894,1.2632201385369328,0.5,0.00028994557944505,1.8041339269954488,0.5,0.00028994557944505,1.866892680242065,0.5,0.00028994557944505,1.7911486856203342,0.5,0.00028994557944505,1.7965570782160798
2024-07-22,-0.0015603406000623,-1.0,0.0008103406000623001,1.7706539715451433,1.2612490848679574,-1.0,0.0008103406000623001,1.805595889964443,-1.0,0.0008103406000623001,1.8684054991768242,-1.0,0.0008103406000623001,1.7926001261210407,-1.0,0.0008103406000623001,1.7980129013568877
2024-07-23,0.0046883372030719,0.5,0.0015941686015359501,1.7734766925107655,1.2671622458748844,0.5,0.0015941686015359501,1.8084743142392867,0.5,0.0015941686015359501,1.871384052558549,0.5,0.0015941686015359501,1.7954578329572122,0.5,0.0015941686015359501,1.8008792370693874
2024-07-24,-0.0287542775876628,0.5,-0.0143771387938314,1.7479791719549131,1.2307259109083917,0.5,-0.0143771387938314,1.7824736280183895,0.5,-0.0143771387938314,1.844478904298352,0.5,-0.0143771387938314,1.7696442864943145,0.5,-0.0143771387938314,1.7749877463271115
2024-07-25,-0.0048046124279307,-1.0,0.0040546124279307,1.7550665500292855,1.224812749901465,-1.0,0.0040546124279307,1.7897008677430113,-1.0,0.0040546124279307,1.8519575513867759,-1.0,0.0040546124279307,1.7768195082113507,-1.0,0.0040546124279307,1.782184633702794
2024-07-26,0.0021610188974205,-1.0,-0.0021610188974205,1.7512738180484415,1.2274595933998036,-1.0,-0.0021610188974205,1.7858332903470888,-1.0,-0.0021610188974205,1.8479554361210084,-1.0,-0.0021610188974205,1.7729797676768007,-1.0,-0.0021610188974205,1.77833329903067
2024-07-29,0.0012846393833731,-1.0,-0.0012846393833731,1.7490240627307063,1.2290364363349842,-1.0,-0.0012846393833731,1.7835391385701702,-1.0,-0.0012846393833731,1.845581479789049,-1.0,-0.0012846393833731,1.7707021280413193,-1.0,-0.0012846393833731,1.7760487820379713
2024-07-30,0.0025659824046921,0.5,0.0005329912023460501,1.749956277168833,1.2321901222053453,0.5,0.0005329912023460501,1.7844897492400678,0.5,0.0005329912023460501,1.8465651584809892,0.5,0.0005329912023460501,1.7716458966975406,0.5,0.0005329912023460501,1.776995400413735
2024-07-31,0.0149908592321754,0.5,0.0074954296160877,1.7630729512755827,1.2506617108746028,0.5,0.0074954296160877,1.7978652665561266,0.5,0.0074954296160877,1.860405957657903,0.5,0.0074954296160877,1.7849251438208675,0.5,0.0074954296160877,1.7903147443656475
2024-08-01,-0.016750720461095,0.5,-0.0083753602305475,1.7483065801959152,1.2297122261643474,0.5,-0.0083753602305475,1.7828074973027297,0.5,-0.0083753602305475,1.8448243875874615,0.5,-0.0083753602305475,1.7699757527568059,0.5,-0.0083753602305475,1.7753202134555246
2024-08-02,0.0068693899981682,0.5,0.0034346949990841,1.7543114800637798,1.2381595990313858,0.5,0.0034346949990841,1.7889308972980449,0.5,0.0034346949990841,1.8511607966856964,0.5,0.0034346949990841,1.7760550796232997,0.5,0.0034346949990841,1.781417896914453
2024-08-05,-0.0481670153734195,-1.0,0.0474170153734195,1.8374956944837304,1.1785211465900942,-1.0,0.0474170153734195,1.8737566611572114,-1.0,0.0474170153734195,1.9389373166408135,-1.0,0.0474170153734195,1.8602703106378373,-1.0,0.0474170153734195,1.86588741671893
2024-08-06,-0.0097481722177092,-1.0,0.0097481722177092,1.8554079189628572,1.1670327194909218,-1.0,0.0097481722177092,1.892022363784252,-1.0,0.0097481722177092,1.9578384115227712,-1.0,0.0097481722177092,1.8784045459974266,-1.0,0.0097481722177092,1.884076408595963
2024-08-07,0.0124981904164456,-1.0,-0.0124981904164456,1.8322186774914784,1.1816185166413418,-1.0,-0.0124981904164456,1.8683755080095028,-1.0,-0.0124981904164456,1.9333689742509281,-1.0,-0.0124981904164456,1.8549278883024336,-1.0,-0.0124981904164456,1.8605288628821977
2024-08-08,0.0166333047373941,0.5,0.0075666523686970496,1.8460824392874902,1.2012727375119847,0.5,0.0075666523686970496,1.8825128559727984,0.5,0.0075666523686970496,1.9479981051795092,0.5,0.0075666523686970496,1.8689634828022195,0.5,0.0075666523686970496,1.8746068380095544
2024-08-09,0.0137358773615865,0.5,0.00686793868079325,1.858761220280206,1.2177732725122667,0.5,0.00686793868079325,1.8954418388334247,0.5,0.00686793868079325,1.9613768367161837,0.5,0.00686793868079325,1.881799409398747,0.5,0.00686793868079325,1.8874815228235997
2024-08-12,0.0059655937846836,0.5,0.0029827968923418,1.8643055274716631,1.2250380131779197,0.5,0.0029827968923418,1.9010955568599115,0.5,0.0029827968923418,1.9672272254494518,0.5,0.0029827968923418,1.887412434829112,0.5,0.0029827968923418,1.8931114968442304
2024-08-13,0.0171930308463201,0.5,0.00859651542316005,1.8803320586920558,1.2461001295264025,0.5,0.00859651542316005,1.9174383541353586,0.5,0.00859651542316005,1.9841385246338883,0.5,0.00859651542316005,1.9036376049349844,0.5,0.00859651542316005,1.9093856590246132
2024-08-14,0.0020337144664888,0.5,0.0010168572332444,1.8822440879468378,1.248634341386514,0.5,0.0010168572332444,1.9193881151950611,0.5,0.0010168572332444,1.986156110244421,0.5,0.0010168572332444,1.9055733326030384,0.5,0.0010168572332444,1.9113272316430454
2024-08-15,0.0135305791087858,0.5,0.0067652895543929,1.8949780142138422,1.2655290871205909,0.5,0.0067652895543929,1.932373331561616,0.5,0.0067652895543929,1.999593031430451,0.5,0.0067652895543929,1.9184650879652272,0.5,0.0067652895543929,1.9242579137983067
2024-08-16,0.0059184763260946,0.5,0.0029592381630473,1.9005857054716393,1.2730190910626982,0.5,0.0029592381630473,1.9380916844696279,0.5,0.0029592381630473,2.0055103034396233,0.5,0.0029592381630473,1.9241422830680077,0.5,0.0029592381630473,1.9299522512523644
2024-08-19,-0.0007078080070781,0.5,-0.00035390400353905,1.8999130805814037,1.2721180379568806,0.5,-0.00035390400353905,1.9374057860632683,0.5,-0.00035390400353905,2.0048005453140973,0.5,-0.00035390400353905,1.923461321410651,0.5,-0.00035390400353905,1.929269233424007
2024-08-20,0.0027446987471777,0.5,0.00137234937358885,1.902520425107413,1.275609618741923,0.5,0.00137234937358885,1.9400645836801598,0.5,0.00137234937358885,2.0075518320866297,0.5,0.00137234937358885,1.9261009823502113,0.5,0.00137234937358885,1.9319168648479808
2024-08-21,-0.0004856297735198,0.5,-0.0002428148867599,1.902058464825832,1.2749901447316736,0.5,-0.0002428148867599,1.9395935071179666,0.5,-0.0002428148867599,2.0070643686158567,0.5,-0.0002428148867599,1.9256332963582938,0.5,-0.0002428148867599,1.931447766673213
2024-08-22,-0.0082597173144876,0.5,-0.0041298586572438,1.8942032322082873,1.2644590865574323,0.5,-0.0041298586572438,1.9315832600810616,0.5,-0.0041298586572438,1.998775476457483,0.5,-0.0041298586572438,1.9176807030186516,0.5,-0.0041298586572438,1.9234711603930035
2024-08-23,0.0102881574845232,1.0,0.0100381574845232,1.913217542560887,1.2774680407726717,1.0,0.0100381574845232,1.950972797040224,1.0,0.0100381574845232,2.018839499466366,1.0,0.0100381574845232,1.936930683920584,1.0,0.0100381574845232,1.942779266817967
2024-08-26,0.0014988538176687,1.0,0.0014988538176687,1.9160851759785853,1.2793827786225338,1.0,0.0014988538176687,1.9538970200652357,1.0,0.0014988538176687,2.0218654447574016,1.0,0.0014988538176687,1.939833859870738,1.0,0.0014988538176687,1.9456912089389249
2024-08-27,0.0037415265428295,0.5,0.00162076327141475,1.9191906964567136,1.284169623247189,0.5,0.00162076327141475,1.957063824591484,0.5,0.00162076327141475,2.025142410010007,0.5,0.00162076327141475,1.9429778713434631,0.5,0.00162076327141475,1.9488447137878875
2024-08-28,-0.0067534973468402,0.5,-0.0033767486734201,1.9127100718184131,1.2754969871036965,0.5,-0.0033767486734201,1.9504553119179961,0.5,-0.0033767486734201,2.018304013063519,0.5,-0.0033767486734201,1.9364169233939195,0.5,-0.0033767486734201,1.9422639549859024
2024-08-29,0.0145701796988828,0.5,0.0072850898494414,1.9266443365475419,1.2940812074111812,0.5,0.0072850898494414,1.964664554112639,0.5,0.0072850898494414,2.033007539142175,0.5,0.0072850898494414,1.950523894666823,0.5,0.0072850898494414,1.9564135224093062
2024-08-30,-0.0034379215805735,0.5,-0.00171896079028675,1.9233325104761885,1.2896322577012076,0.5,-0.00171896079028675,1.961287372778053,0.5,-0.00171896079028675,2.029512878896032,0.5,-0.00171896079028675,1.9471710205713733,0.5,-0.00171896079028675,1.9530505242746978
2024-09-03,-0.0272052401746724,0.5,-0.0136026200873362,1.8971701490345585,1.2545475023934411,0.5,-0.0136026200873362,1.9346087257640636,0.5,-0.0136026200873362,2.0019061862420533,0.5,-0.0136026200873362,1.9206843929334703,0.5,-0.0136026200873362,1.9264839199816164
2024-09-04,-0.0086187547694932,-1.0,0.007868754769493199,1.9120985156933141,1.2437348651236317,-1.0,0.007868754769493199,1.9498316874020225,-1.0,0.007868754769493199,2.017658695093123,-1.0,0.007868754769493199,1.9357977874110566,-1.0,0.007868754769493199,1.9416429495153236
2024-09-05,0.0069277790355444,-1.0,-0.0069277790355444,1.8988519196823983,1.252351185448011,-1.0,-0.0069277790355444,1.9363236843151985,-1.0,-0.0069277790355444,2.0036808014843728,-1.0,-0.0069277790355444,1.922387008082377,-1.0,-0.0069277790355444,1.9281916761951587
2024-09-06,-0.0070150193362712,-1.0,0.0070150193362712,1.912172402615686,1.243565917666291,-1.0,0.0070150193362712,1.9499070324019496,-1.0,0.0070150193362712,2.017736661050501,-1.0,0.0070150193362712,1.9358725901158715,-1.0,0.0070150193362712,1.941717978087705
2024-09-09,0.0004075717779186,-1.0,-0.0004075717779186,1.911393055109865,1.2440727600383132,-1.0,-0.0004075717779186,1.9491123053259776,-1.0,-0.0004075717779186,2.016914288532185,-1.0,-0.0004075717779186,1.9350835830824942,-1.0,-0.0004075717779186,1.9409265886391591
2024-09-10,-0.0036213842741387,0.5,-0.00256069213706935,1.9064985659427962,1.239567494509226,0.5,-0.00256069213706935,1.9441212287714642,0.5,-0.00256069213706935,2.0117495919723978,0.5,-0.00256069213706935,1.930128429766723,0.5,-0.00256069213706935,1.935956473185002
2024-09-11,0.0115851165326426,0.5,0.0057925582663213,1.9175420699706776,1.2539280283831913,0.5,0.0057925582663213,1.955382664265915,0.5,0.0057925582663213,2.0234027687011458,0.5,0.0057925582663213,1.9413088111576298,0.5,0.0057925582663213,1.947170613856988
2024-09-12,0.0004940267672686,0.5,0.0002470133836343,1.918015728525642,1.254547502393441,0.5,0.0002470133836343,1.955865669954115,0.5,0.0002470133836343,2.0239025762654976,0.5,0.0002470133836343,1.941788340415753,0.5,0.0002470133836343,1.9476515910588301
2024-09-13,-0.00121201238946,0.5,-0.00060600619473,1.916853399112566,1.253026975277374,0.5,-0.00060600619473,1.9546804032420633,0.5,-0.00060600619473,2.022676078766751,0.5,-0.00060600619473,1.9406116046526067,0.5,-0.00060600619473,1.9464713021294728
2024-09-16,-0.0277752808988764,0.5,-0.0138876404494382,1.8902328283114072,1.2182237990651754,0.5,-0.0138876404494382,1.9275345046082746,0.5,-0.0138876404494382,1.9945858806391588,0.5,-0.0138876404494382,1.913661088435184,0.5,-0.0138876404494382,1.9194394085403488
2024-09-17,0.0021727071005916,0.5,0.0010863535502958,1.892286289455329,1.220870642563514,0.5,0.0010863535502958,1.9296284885606736,0.5,0.0010863535502958,1.996752706091961,0.5,0.0010863535502958,1.9157400009526684,0.5,0.0010863535502958,1.9215245983563944
2024-09-18,0.0179897596752618,0.5,0.0089948798376309,1.9093071772473762,1.2428338120178142,0.5,0.0089948798376309,1.9469852649465462,0.5,0.0089948798376309,2.0147132567487227,0.5,0.0089948798376309,1.9329718520613806,0.5,0.0089948798376309,1.9388084812236621
2024-09-19,0.0370655670850514,0.5,0.0185327835425257,1.9446919538794927,1.2889001520527308,0.5,0.0185327835425257,1.9830683214222877,0.5,0.0185327835425257,2.0520515014363037,0.5,0.0185327835425257,1.9687952009894292,0.5,0.0185327835425257,1.9747399991365933
2024-09-20,-0.0029274260497226,0.5,-0.0014637130248613,1.9418454829372565,1.2851269921721202,0.5,-0.0014637130248613,1.9801656784910322,0.5,-0.0014637130248613,2.0490478869259654,0.5,-0.0014637130248613,1.9659134498104567,0.5,-0.0014637130248613,1.9718495464791426
2024-09-23,-0.0075810692375108,0.5,-0.0037905346187554,1.9344848504099088,1.2753843554654694,0.5,-0.0037905346187554,1.9726597919358406,0.5,-0.0037905346187554,2.0412808999750847,0.5,-0.0037905346187554,1.9584615868214732,0.5,-0.0037905346187554,1.9643751825102362
2024-09-24,0.0039740362961981,1.0,0.0037240362961981,1.9416889422072807,1.2804527791856926,1.0,0.0037240362961981,1.9800060486010602,1.0,0.0037240362961981,2.048882704137328,1.0,0.0037240362961981,1.965754968855506,1.0,0.0037240362961981,1.9716905869892551
2024-09-25,-0.0043981176056647,0.5,-0.0024490588028323497,1.9369336318110058,1.2748211972743337,0.5,-0.0024490588028323497,1.9751568973580726,0.5,-0.0024490588028323497,2.0438648699147897,0.5,-0.0024490588028323497,1.9609407193448192,0.5,-0.0024490588028323497,1.9668618008007275
2024-09-26,0.0050801784688783,0.5,0.00254008923443915,1.941853616076992,1.2812975164723965,0.5,0.00254008923443915,1.98017397212938,0.5,0.00254008923443915,2.0490564690675086,0.5,0.00254008923443915,1.9659216837554003,0.5,0.00254008923443915,1.971857805286571
2024-09-27,0.0011867088607593,0.5,0.00059335443037965,1.9430058235232397,1.2828180435884633,0.5,0.00059335443037965,1.9813489171286653,0.5,0.00059335443037965,2.050272285801528,0.5,0.00059335443037965,1.9670881720962359,0.5,0.00059335443037965,1.9730278158514163
2024-09-30,0.0228719434566926,0.5,0.0114359717283463,1.9652259831890637,1.3121585853466438,0.5,0.0114359717283463,2.004007567328938,0.5,0.0114359717283463,2.073719141697366,0.5,0.0114359717283463,1.9895837368194929,0.5,0.0114359717283463,1.995591306172734
2024-10-01,-0.0291416309012875,0.5,-0.01457081545064375,1.936591038069206,1.2739201441685162,0.5,-0.01457081545064375,1.9748075429036946,0.5,-0.01457081545064375,2.0435033627872263,0.5,-0.01457081545064375,1.960593879366694,0.5,-0.01457081545064375,1.966513913535582
2024-10-02,0.0025197825029839,0.5,0.00125989125149195,1.9390309321757868,1.2771301458579907,0.5,0.00125989125149195,1.977295585650379,0.5,0.00125989125149195,2.046077954796396,0.5,0.00125989125149195,1.9630640144430365,0.5,0.00125989125149195,1.9689915072111825
2024-10-03,-0.0048946115177705,0.5,-0.00244730575888525,1.9342855306088163,1.2708790899363822,0.5,-0.00244730575888525,1.9724565387765984,0.5,-0.00244730575888525,2.0410705764344947,0.5,-0.00244730575888525,1.9582597965754296,0.5,-0.00244730575888525,1.9641727829563884
2024-10-04,0.0050073115611291,0.5,0.00250365578056455,1.939128315758787,1.2772427774962178,0.5,0.00250365578056455,1.9773948909918186,0.5,0.00250365578056455,2.046180714581725,0.5,0.00250365578056455,1.9631626050349726,0.5,0.00250365578056455,1.9690903954984644
2024-10-07,-0.0225308641975309,-1.0,0.0217808641975309,1.9813642062659163,1.2484653939291734,-1.0,0.0217808641975309,2.0204642605774032,-1.0,0.0217808641975309,2.0907482988496366,-1.0,0.0217808641975309,2.0059219831329105,-1.0,0.0217808641975309,2.0119788859954792
2024-10-08,0.0184040777662501,-1.0,-0.0184040777662501,1.944899025330534,1.271442248127518,-1.0,-0.0184040777662501,1.9832794792018078,-1.0,-0.0184040777662501,2.0522700045679527,-1.0,-0.0184040777662501,1.9690048389623018,-1.0,-0.0184040777662501,1.9749502701135653
2024-10-09,0.0166984098861673,-1.0,-0.0166984098861673,1.9124223042183575,1.2926733119333413,-1.0,-0.0166984098861673,1.9501618655392716,-1.0,-0.0166984098861673,2.0180003588345907,-1.0,-0.0166984098861673,1.9361255890934623,-1.0,-0.0166984098861673,1.941971740998412
2024-10-10,-0.0021782695826435,-1.0,0.0021782695826435,1.9165880755528053,1.289857520977662,-1.0,0.0021782695826435,1.9544098438122073,-1.0,0.0021782695826435,2.022396107634004,-1.0,0.0021782695826435,1.9403429925723625,-1.0,0.0021782695826435,1.9462018789721822
2024-10-11,-0.0065054139015018,0.5,-0.0040027069507509,1.9089165351410637,1.281466463929737,0.5,-0.0040027069507509,1.946586913945764,0.5,-0.0040027069507509,2.014301048676806,0.5,-0.0040027069507509,1.9325763681891523,0.5,-0.0040027069507509,1.938411803183656
2024-10-14,0.016479894528675,0.5,0.0082399472643375,1.924645906722648,1.3025848960973332,0.5,0.0082399472643375,1.9626266874621268,0.5,0.0082399472643375,2.0308987830924026,0.5,0.0082399472643375,1.9485006955473358,0.5,0.0082399472643375,1.9543842142184586
2024-10-15,0.0110246433203631,0.5,0.00551232166018155,1.935255174042455,1.3169454299712986,0.5,0.00551232166018155,1.9734453170622746,0.5,0.00551232166018155,2.0420937504440793,0.5,0.00551232166018155,1.9592414581362803,0.5,0.00551232166018155,1.965157408654812
2024-10-16,-0.0088518280949325,0.5,-0.00442591404746625,1.9266899009822287,1.3052880554147857,0.5,-0.00442591404746625,1.964711017711582,0.5,-0.00442591404746625,2.0330556190277456,0.5,-0.00442591404746625,1.9505700238443366,0.5,-0.00442591404746625,1.9564597908743642
2024-10-17,0.0015963413581845,0.5,0.00079817067909225,1.928227728368896,1.3073717407219885,0.5,0.00079817067909225,1.966279192438809,0.5,0.00079817067909225,2.0346783444118173,0.5,0.00079817067909225,1.9521269116448856,0.5,0.00079817067909225,1.9580213797142632
2024-10-18,0.0122765453370665,0.5,0.00613827266853325,1.9400637159326508,1.3234217491693616,0.5,0.00613827266853325,1.9783487502644619,0.5,0.00613827266853325,2.047167754882577,0.5,0.00613827266853325,1.9641095989121438,0.5,0.00613827266853325,1.970040248833767
2024-10-21,0.0062978723404254,0.5,0.0031489361702127,1.9461728527402682,1.331756490398173,0.5,0.0031489361702127,1.9845784442014647,0.5,0.0031489361702127,2.0536141554724194,0.5,0.0031489361702127,1.97029445467042,0.5,0.0031489361702127,1.9762437798300942
2024-10-22,-0.0026217861975641,0.5,-0.00131089309878205,1.9436216281785739,1.3282649096131305,0.5,-0.00131089309878205,1.9819768740149692,0.5,-0.00131089309878205,2.0509220868484497,0.5,-0.00131089309878205,1.967711609267224,0.5,-0.00131089309878205,1.973653135497604
2024-10-23,-0.0216229966929535,0.5,-0.01081149834647675,1.9226081661593448,1.2995438418651994,0.5,-0.01081149834647675,1.9605487343188013,0.5,-0.01081149834647675,2.028748546097735,0.5,-0.01081149834647675,1.9464376984572882,0.5,-0.01081149834647675,1.9523149878866528
2024-10-24,-0.000823366267984,0.5,-0.000411683133992,1.9218166608040617,1.2984738413020414,0.5,-0.000411683133992,1.959741609471513,0.5,-0.000411683133992,2.0279133445381956,0.5,-0.000411683133992,1.9456363828854673,0.5,-0.000411683133992,1.9515112527339
2024-10-25,0.0036431452487313,0.5,0.00182157262436565,1.925317389422432,1.3032043701075828,0.5,0.00182157262436565,1.9633114211381564,0.5,0.00182157262436565,2.031607335971192,0.5,0.00182157262436565,1.949180500857501,0.5,0.00182157262436565,1.9550660722080215
2024-10-28,0.008599455511862,-1.0,-0.009349455511862,1.9073167201438128,1.314411218111187,-1.0,-0.009349455511862,1.9449555283502946,-1.0,-0.009349455511862,2.012612913565957,-1.0,-0.009349455511862,1.9309567244801449,-1.0,-0.009349455511862,1.936787268943162
2024-10-29,0.0011568123393315,-1.0,-0.0011568123393315,1.905110312626937,1.3159317452272539,-1.0,-0.0011568123393315,1.9427055797956478,-1.0,-0.0011568123393315,2.010284698113246,-1.0,-0.0011568123393315,1.9287229699145512,-1.0,-0.0011568123393315,1.9345467695317884
2024-10-30,-0.0152779560919245,-1.0,0.0152779560919245,1.934216504333524,1.2958269978037023,-1.0,0.0152779560919245,1.9723861503433024,-1.0,0.0152779560919245,2.040997739463288,-1.0,0.0152779560919245,1.958189914762392,-1.0,0.0152779560919245,1.9641026901344694
2024-10-31,-0.0182094741416775,-1.0,0.0182094741416775,1.9694375697535909,1.2722306695951082,-1.0,0.0182094741416775,2.008302264945381,-1.0,0.0182094741416775,2.0781632350232666,-1.0,0.0182094741416775,1.9938475233797512,-1.0,0.0182094741416775,1.999867967282072
2024-11-01,-0.0132796246292771,-1.0,0.0132796246292771,1.9955909614107141,1.2553359238610313,-1.0,0.0132796246292771,2.0349717651659827,-1.0,0.0132796246292771,2.1057604627027398,-1.0,0.0132796246292771,2.020325070058248,-1.0,0.0132796246292771,2.026425463195693
2024-11-04,-0.004037503925351,-1.0,0.004037503925351,2.003648167750805,1.2502675001408083,-1.0,0.004037503925351,2.043187971655819,-1.0,0.004037503925351,2.1142624788367512,-1.0,0.004037503925351,2.028482140459093,-1.0,0.004037503925351,2.034607163957777
2024-11-05,0.0064861943155714,-1.0,-0.0064861943155714,1.9906521163947346,1.2583769780931653,-1.0,-0.0064861943155714,2.029935457448421,-1.0,-0.0064861943155714,2.1005489615648942,-1.0,-0.0064861943155714,2.0153250111304093,-1.0,-0.0064861943155714,2.021410306536493
2024-11-06,-0.0032669501006936,-1.0,0.0032669501006936,1.9971554775268365,1.2542659232978735,-1.0,0.0032669501006936,2.0365671552955336,-1.0,0.0032669501006936,2.1074113502063905,-1.0,0.0032669501006936,2.021908977378452,-1.0,0.0032669501006936,2.0280141531409757
2024-11-07,0.0213721264367816,-1.0,-0.0213721264367816,1.9544720181472222,1.2810722531959422,-1.0,-0.0213721264367816,1.9930413845555608,-1.0,-0.0213721264367816,2.062371488375471,-1.0,-0.0213721264367816,1.9786964830702563,-1.0,-0.0213721264367816,1.9846711782444644
2024-11-08,-0.0022859152452961,-1.0,0.0022859152452961,1.9589397755300095,1.2781438306020358,-1.0,0.0022859152452961,1.9975973082410223,-1.0,0.0022859152452961,2.0670858948022124,-1.0,0.0022859152452961,1.9832196155267203,-1.0,0.0022859152452961,1.989207968347713
2024-11-11,-0.0120285512865704,-1.0,0.0120285512865704,1.982502983087275,1.2627696119840257,-1.0,0.0120285512865704,2.021625509913114,-1.0,0.0120285512865704,2.0919499435015867,-1.0,0.0120285512865704,2.0070748743846156,-1.0,0.0120285512865704,2.013135258414638
2024-11-12,0.0,0.5,-0.00075,1.9810161058499594,1.2627696119840257,0.5,-0.00075,2.0201092907806792,0.5,-0.00075,2.0903809810439604,0.5,-0.00075,2.005569568228827,0.5,-0.00075,2.011625406970827
2024-11-13,0.003969138830665,-1.0,-0.004719138830665,1.97166741582067,1.2677817198851353,-1.0,-0.004719138830665,2.010576114584369,-1.0,-0.004719138830665,2.0805161829854324,-1.0,-0.004719138830665,1.9961050070017983,-1.0,-0.004719138830665,2.0021322674000386
2024-11-14,0.0137704335465529,-1.0,-0.0137704335465529,1.9445167006952075,1.2852396238103483,-1.0,-0.0137704335465529,1.9828896098081983,-1.0,-0.0137704335465529,2.0518665731451033,-1.0,-0.0137704335465529,1.9686177756509384,-1.0,-0.0137704335465529,1.974562038060397
2024-11-15,-0.0141091928840592,-1.0,0.0141091928840592,1.9719522618915903,1.2671059300557723,-1.0,0.0141091928840592,2.0108665817807787,-1.0,0.0141091928840592,2.080816754397961,-1.0,0.0141091928840592,1.9963933835625849,-1.0,0.0141091928840592,2.0024215147169317
2024-11-18,0.0134222222222222,1.0,0.012422222222222199,1.9964482911004213,1.2841133074280764,1.0,0.012422222222222199,2.0358460133188996,1.0,0.012422222222222199,2.1066651225248156,1.0,0.012422222222222199,2.0211930258161734,1.0,0.012422222222222199,2.027296039755304
2024-11-19,0.001140250855188,0.5,0.000320125427594,1.9970874049632792,1.2855775187250296,0.5,0.000320125427594,2.0364977393944286,0.5,0.000320125427594,2.107339519597961,0.5,0.000320125427594,2.0218400610978127,0.5,0.000320125427594,2.0279450287668905
2024-11-20,0.003154021377256,0.5,0.001577010688628,2.0002368331470306,1.289632257701208,0.5,0.001577010688628,2.03970931809682,0.5,0.001577010688628,2.1106628165449353,0.5,0.001577010688628,2.0250285244848603,0.5,0.001577010688628,2.0311431197532057
2024-11-21,-0.0020960698689955,1.0,-0.0023460698689955,1.9955441377819292,1.286929098383756,1.0,-0.0023460698689955,2.0349240175241237,1.0,-0.0023460698689955,2.10571105410743,1.0,-0.0023460698689955,2.0202776660797097,1.0,-0.0023460698689955,2.0263779160803352
2024-11-22,0.0059075792053211,0.5,0.0027037896026605498,2.000939669273314,1.2945317339640905,0.5,0.0027037896026605498,2.0404260239249097,0.5,0.0027037896026605498,2.111404453761733,0.5,0.0027037896026605498,2.025740071827743,0.5,0.0027037896026605498,2.0318568156208943
2024-11-25,0.0130508548309913,0.5,0.00652542741549565,2.0139966558479427,1.3114264796981674,0.5,0.00652542741549565,2.0537406758407197,0.5,0.00652542741549565,2.125182270269509,0.5,0.00652542741549565,2.038958891629116,0.5,0.00652542741549565,2.0451155497899083
2024-11-26,0.0094043887147334,1.0,0.0091543887147334,2.032433564105748,1.3237596440840436,1.0,0.0091543887147334,2.072541416306625,1.0,0.0091543887147334,2.1446370148612157,1.0,0.0091543887147334,2.0576243138964507,1.0,0.0091543887147334,2.0638373324992307
2024-11-27,-0.0005530502850336,0.5,-0.0005265251425168,2.031363436733751,1.323027538435567,0.5,-0.0005265251425168,2.071450171142032,0.5,-0.0005265251425168,2.143507809551319,0.5,-0.0005265251425168,2.0565409229613305,0.5,-0.0005265251425168,2.062750670253605
2024-11-29,0.0102158089643724,0.5,0.0051079044821862,2.041739447137193,1.3365433350228286,0.5,0.0051079044821862,2.0820309407558337,0.5,0.0051079044821862,2.1544566426993272,0.5,0.0051079044821862,2.0670455375595242,0.5,0.0051079044821862,2.073287003647826
2024-12-02,0.0095226056545738,1.0,0.0092726056545738,2.0606716918798833,1.3492707101425,1.0,0.0092726056545738,2.1013367926300837,1.0,0.0092726056545738,2.174434069546955,1.0,0.0092726056545738,2.0862124356993603,1.0,0.0092726056545738,2.0925117764414054
2024-12-03,0.0127718185233107,0.5,0.0061359092616553495,2.07331578639932,1.3665033507912587,0.5,0.0061359092616553495,2.1142304045178397,0.5,0.0061359092616553495,2.187776199693147,0.5,0.0061359092616553495,2.0990132459053483,0.5,0.0061359092616553495,2.105351238830595
2024-12-04,0.0014836183803832,0.5,0.0007418091901916,2.0748537911038403,1.368530720279348,0.5,0.0007418091901916,2.1157987600620936,0.5,0.0007418091901916,2.189399112184162,0.5,0.0007418091901916,2.100570313221495,0.5,0.0007418091901916,2.106913007728141
2024-12-05,0.000123451709806,0.5,6.1725854903e-05,2.0749818632278947,1.3686996677366887,0.5,6.1725854903e-05,2.115929359549361,0.5,6.1725854903e-05,2.189534254716085,0.5,6.1725854903e-05,2.100699972719862,0.5,6.1725854903e-05,2.107043058734749
2024-12-06,-0.0008229098090848,0.5,-0.0004114549045424,2.074128101763433,1.367573351354417,0.5,-0.0004114549045424,2.115058750036709,0.5,-0.0004114549045424,2.1886333601083185,0.5,-0.0004114549045424,2.099835629413114,0.5,-0.0004114549045424,2.106176105534151
2024-12-09,0.0161011365508152,0.5,0.0080505682754076,2.090826011658621,1.3895928366278305,0.5,0.0080505682754076,2.1320861749103774,0.5,0.0080505682754076,2.2062531024037053,0.5,0.0080505682754076,2.1167404995148376,0.5,0.0080505682754076,2.1231320200717856
2024-12-10,0.0041337386018236,0.5,0.0020668693009118,2.0951474757556663,1.3953370501774165,0.5,0.0020668693009118,2.1364929183721983,0.5,0.0020668693009118,2.210813139211105,0.5,0.0020668693009118,2.1211155254712817,0.5,0.0020668693009118,2.127520256465855
2024-12-11,-0.0051660814465027,0.5,-0.00258304072325135,2.089735624504572,1.388128625330877,0.5,-0.00258304072325135,2.130974270159105,0.5,-0.00258304072325135,2.2051025188410236,0.5,-0.00258304072325135,2.1156365976902687,0.5,-0.00258304072325135,2.1220247850038616
2024-12-12,0.0059637307801534,0.5,0.0029818653900767,2.0959669348376924,1.396407050740575,0.5,0.0029818653900767,2.137328548582436,0.5,0.0029818653900767,2.2116778377235264,0.5,0.0029818653900767,2.1219451412389008,0.5,0.0029818653900767,2.1283523772671495
2024-12-13,0.0006855944507178,0.5,0.0003427972253589,2.0966854264873986,1.397364419665506,0.5,0.0003427972253589,2.1380612188785704,0.5,0.0003427972253589,2.212435994749686,0.5,0.0003427972253589,2.1226725381456815,0.5,0.0003427972253589,2.129081970556663
2024-12-16,0.0117277233708137,0.5,0.00586386168540685,2.108980099826129,1.4137523230275606,0.5,0.00586386168540685,2.1505985141410067,0.5,0.00586386168540685,2.225409413410713,0.5,0.00586386168540685,2.135119596312779,0.5,0.00586386168540685,2.1415666127489
2024-12-17,0.0097195666029317,0.5,0.00485978330146585,2.119229286098388,1.4274933828912764,0.5,0.00485978330146585,2.1610499568881862,0.5,0.00485978330146585,2.2362244209169315,0.5,0.00485978330146585,2.1454958148735725,0.5,0.00485978330146585,2.151974162412514
2024-12-18,-0.0214218084267002,0.5,-0.0107109042133501,2.096530424208862,1.3969138931125973,0.5,-0.0107109042133501,2.1379031577996925,0.5,-0.0107109042133501,2.212272435344936,0.5,-0.0107109042133501,2.122515614710318,0.5,-0.0107109042133501,2.1289245732893094
2024-12-19,0.0070147147752468,0.5,0.0035073573876234,2.103883705680588,1.4067128456383617,0.5,0.0035073573876234,2.145401548234225,0.5,0.0035073573876234,2.2200316654144787,0.5,0.0035073573876234,2.1299600355319184,0.5,0.0035073573876234,2.136391472619129
2024-12-20,0.0188158052764322,0.5,0.0094079026382161,2.12367683874576,1.433181280621749,0.5,0.0094079026382161,2.1655852771198907,0.5,0.0094079026382161,2.240917507176455,0.5,0.0094079026382161,2.149998492169494,0.5,0.0094079026382161,2.1564904355906447
2024-12-23,0.0030649534362843,0.5,0.00153247671814215,2.126931324057996,1.437573914512609,0.5,0.00153247671814215,2.168903986138228,0.5,0.00153247671814215,2.2443516610834804,0.5,0.00153247671814215,2.1532933148027844,0.5,0.00153247671814215,2.1597952069760837
2024-12-24,0.011478042856583,0.5,0.0057390214282915,2.1391378285032694,1.4540744495128906,0.5,0.0057390214282915,2.181351372590582,0.5,0.0057390214282915,2.25723204335906,0.5,0.0057390214282915,2.1656511112778345,0.5,0.0057390214282915,2.172190317949641
2024-12-26,0.0031758326878388,0.5,0.0015879163439194,2.142534600423046,1.4586923466802049,0.5,0.0015879163439194,2.18481517608695,0.5,0.0015879163439194,2.2608163390127287,0.5,0.0015879163439194,2.16908998407266,0.5,0.0015879163439194,2.1756395744576165
2024-12-27,-0.0132422206779398,0.5,-0.0066211103389699,2.128348642428584,1.4393760207242436,0.5,-0.0066211103389699,2.1703492737358223,0.5,-0.0066211103389699,2.2458472245759795,0.5,-0.0066211103389699,2.1547281999529604,0.5,-0.0066211103389699,2.161234424777303
2024-12-30,-0.0132634297116476,0.5,-0.0066317148558238,2.114234041118218,1.4202849580447365,0.5,-0.0066317148558238,2.1559561362148623,0.5,-0.0066317148558238,2.230953406172848,0.5,-0.0066317148558238,2.14043865693907,0.5,-0.0066317148558238,2.1469017343355894
2024-12-31,-0.0070578905630451,0.5,-0.00352894528152255,2.106773024874779,1.4102607422425177,0.5,-0.00352894528152255,2.1483478849807973,0.5,-0.00352894528152255,2.2230804936768376,0.5,-0.00352894528152255,2.132885166040276,0.5,-0.00352894528152255,2.139325435590313
